O*NET-SOC Code,Title,original,narrow,narrow_weight_share,narrow_delta,broad,broad_weight_share,broad_delta,soc6
31-9094.00,Medical Transcriptionists,0.8893,0.8893,0.0,0.0,0.8893,0.0,0.0,31-9094
23-2093.00,"Title Examiners, Abstractors, and Searchers",0.8437,0.8437,0.0,0.0,0.8437,0.0,0.0,23-2093
13-2041.00,Credit Analysts,0.8432,0.8432,0.0,0.0,0.8432,0.0,0.0,13-2041
43-3031.00,"Bookkeeping, Accounting, and Auditing Clerks",0.8418,0.8418,0.0,0.0,0.8202,0.05412325423738713,-0.021599999999999953,43-3031
13-2082.00,Tax Preparers,0.8359,0.8359,0.0,0.0,0.8359,0.0,0.0,13-2082
27-3042.00,Technical Writers,0.8357,0.8357,0.0,0.0,0.8357,0.0,0.0,27-3042
15-2051.01,Business Intelligence Analysts,0.8313,0.8313,0.0,0.0,0.8313,0.0,0.0,15-2051
15-1243.01,Data Warehousing Specialists,0.828,0.828,0.0,0.0,0.828,0.0,0.0,15-1243
43-9111.00,Statistical Assistants,0.8271,0.8271,0.0,0.0,0.8271,0.0,0.0,43-9111
13-2054.00,Financial Risk Specialists,0.8225,0.8225,0.0,0.0,0.8225,0.0,0.0,13-2054
43-3071.00,Tellers,0.8204,0.8204,0.0,0.0,0.8204,0.0,0.0,43-3071
43-3051.00,Payroll and Timekeeping Clerks,0.8178,0.8178,0.0,0.0,0.8178,0.0,0.0,43-3051
29-2072.00,Medical Records Specialists,0.8147,0.8059,0.058823529411764705,-0.00880000000000003,0.8059,0.058823529411764705,-0.00880000000000003,29-2072
15-1254.00,Web Developers,0.8061,0.8061,0.0,0.0,0.8061,0.0,0.0,15-1254
15-1242.00,Database Administrators,0.8044,0.8044,0.0,0.0,0.8044,0.0,0.0,15-1242
43-9031.00,Desktop Publishers,0.8041,0.7966,0.07448475369601504,-0.007500000000000062,0.7966,0.07448475369601504,-0.007500000000000062,43-9031
15-2051.00,Data Scientists,0.8031,0.8031,0.0,0.0,0.8031,0.0,0.0,15-2051
13-1081.01,Logistics Engineers,0.802,0.802,0.0,0.0,0.802,0.0,0.0,13-1081
13-2099.01,Financial Quantitative Analysts,0.8008,0.8008,0.0,0.0,0.8008,0.0,0.0,13-2099
15-1299.03,Document Management Specialists,0.8003,0.8003,0.0,0.0,0.8003,0.0,0.0,15-1299
13-2031.00,Budget Analysts,0.7973,0.7973,0.0,0.0,0.7973,0.0,0.0,13-2031
15-2021.00,Mathematicians,0.7953,0.7953,0.0,0.0,0.7953,0.0,0.0,15-2021
15-1299.02,Geographic Information Systems Technologists and Technicians,0.7945,0.7945,0.0,0.0,0.7945,0.0,0.0,15-1299
15-1253.00,Software Quality Assurance Analysts and Testers,0.7927,0.7927,0.0,0.0,0.7927,0.0,0.0,15-1253
43-9041.00,Insurance Claims and Policy Processing Clerks,0.7918,0.7918,0.0,0.0,0.7918,0.0,0.0,43-9041
15-1255.00,Web and Digital Interface Designers,0.7903,0.7903,0.0,0.0,0.7903,0.0,0.0,15-1255
43-4131.00,Loan Interviewers and Clerks,0.7899,0.7899,0.0,0.0,0.7899,0.0,0.0,43-4131
13-1081.02,Logistics Analysts,0.7896,0.7896,0.0,0.0,0.7896,0.0,0.0,13-1081
15-1243.00,Database Architects,0.7886,0.7886,0.0,0.0,0.7886,0.0,0.0,15-1243
13-2011.00,Accountants and Auditors,0.7877,0.7877,0.0,0.0,0.7877,0.0,0.0,13-2011
23-2011.00,Paralegals and Legal Assistants,0.7867,0.7867,0.0,0.0,0.7867,0.0,0.0,23-2011
27-3043.05,"Poets, Lyricists and Creative Writers",0.7854,0.7854,0.0,0.0,0.7854,0.0,0.0,27-3043
13-1199.04,Business Continuity Planners,0.7851,0.7851,0.0,0.0,0.7851,0.0,0.0,13-1199
41-9041.00,Telemarketers,0.7839,0.7839,0.0,0.0,0.7839,0.0,0.0,41-9041
15-2041.00,Statisticians,0.7826,0.7826,0.0,0.0,0.7826,0.0,0.0,15-2041
27-3043.00,Writers and Authors,0.7802,0.7802,0.0,0.0,0.7802,0.0,0.0,27-3043
27-3092.00,Court Reporters and Simultaneous Captioners,0.7802,0.7802,0.0,0.0,0.7802,0.0,0.0,27-3092
27-3091.00,Interpreters and Translators,0.7771,0.7493,0.0926680039109355,-0.027800000000000047,0.7493,0.0926680039109355,-0.027800000000000047,27-3091
43-5011.01,Freight Forwarders,0.7761,0.7761,0.0,0.0,0.7761,0.0,0.0,43-5011
43-9081.00,Proofreaders and Copy Markers,0.7756,0.7756,0.0,0.0,0.7756,0.0,0.0,43-9081
13-1199.06,Online Merchants,0.7753,0.7753,0.0,0.0,0.7753,0.0,0.0,13-1199
41-2012.00,Gambling Change Persons and Booth Cashiers,0.7745,0.7721,0.048612744180109184,-0.0023999999999999577,0.7721,0.048612744180109184,-0.0023999999999999577,41-2012
13-2023.00,Appraisers and Assessors of Real Estate,0.7734,0.7734,0.0,0.0,0.7734,0.0,0.0,13-2023
15-2099.01,Bioinformatics Technicians,0.7726,0.7726,0.0,0.0,0.7726,0.0,0.0,15-2099
15-1299.01,Web Administrators,0.7712,0.7712,0.0,0.0,0.7712,0.0,0.0,15-1299
15-2041.01,Biostatisticians,0.7703,0.7703,0.0,0.0,0.7703,0.0,0.0,15-2041
13-1161.00,Market Research Analysts and Marketing Specialists,0.7702,0.7702,0.0,0.0,0.7702,0.0,0.0,13-1161
15-1231.00,Computer Network Support Specialists,0.77,0.77,0.0,0.0,0.77,0.0,0.0,15-1231
43-4021.00,Correspondence Clerks,0.7678,0.7654,0.04758306966779185,-0.0024000000000000687,0.7654,0.04758306966779185,-0.0024000000000000687,43-4021
13-2071.00,Credit Counselors,0.7677,0.7677,0.0,0.0,0.7677,0.0,0.0,13-2071
13-1041.07,Regulatory Affairs Specialists,0.7653,0.7653,0.0,0.0,0.7653,0.0,0.0,13-1041
15-1211.01,Health Informatics Specialists,0.7643,0.7643,0.0,0.0,0.7643,0.0,0.0,15-1211
41-3011.00,Advertising Sales Agents,0.7633,0.7457,0.039206782656905276,-0.01759999999999995,0.7457,0.039206782656905276,-0.01759999999999995,41-3011
19-2042.00,"Geoscientists, Except Hydrologists and Geographers",0.7627,0.7627,0.0,0.0,0.7627,0.0,0.0,19-2042
19-1029.01,Bioinformatics Scientists,0.7622,0.7622,0.0,0.0,0.7622,0.0,0.0,19-1029
13-2072.00,Loan Officers,0.7614,0.7614,0.0,0.0,0.7614,0.0,0.0,13-2072
13-1051.00,Cost Estimators,0.7607,0.7607,0.0,0.0,0.7607,0.0,0.0,13-1051
27-3041.00,Editors,0.7604,0.7604,0.0,0.0,0.7604,0.0,0.0,27-3041
41-3041.00,Travel Agents,0.7588,0.7588,0.0,0.0,0.7588,0.0,0.0,41-3041
13-1199.05,Sustainability Specialists,0.7584,0.7584,0.0,0.0,0.7584,0.0,0.0,13-1199
15-1251.00,Computer Programmers,0.7575,0.7575,0.0,0.0,0.7575,0.0,0.0,15-1251
15-1211.00,Computer Systems Analysts,0.7556,0.7556,0.0,0.0,0.7556,0.0,0.0,15-1211
15-2051.02,Clinical Data Managers,0.7556,0.7556,0.0,0.0,0.7556,0.0,0.0,15-2051
43-4041.00,"Credit Authorizers, Checkers, and Clerks",0.7552,0.7552,0.0,0.0,0.7552,0.0,0.0,43-4041
41-3091.00,"Sales Representatives of Services, Except Advertising, Insurance, Financial Services, and Travel",0.755,0.755,0.0,0.0,0.755,0.0,0.0,41-3091
15-1212.00,Information Security Analysts,0.7538,0.7538,0.0,0.0,0.7538,0.0,0.0,15-1212
13-1111.00,Management Analysts,0.7532,0.7532,0.0,0.0,0.7532,0.0,0.0,13-1111
19-4061.00,Social Science Research Assistants,0.753,0.753,0.0,0.0,0.753,0.0,0.0,19-4061
15-2031.00,Operations Research Analysts,0.7524,0.7524,0.0,0.0,0.7524,0.0,0.0,15-2031
17-3011.00,Architectural and Civil Drafters,0.7521,0.7521,0.0,0.0,0.7521,0.0,0.0,17-3011
19-2041.01,Climate Change Policy Analysts,0.7512,0.7512,0.0,0.0,0.7512,0.0,0.0,19-2041
13-2051.00,Financial and Investment Analysts,0.751,0.751,0.0,0.0,0.751,0.0,0.0,13-2051
43-4031.00,"Court, Municipal, and License Clerks",0.751,0.751,0.0,0.0,0.751,0.0,0.0,43-4031
43-4011.00,Brokerage Clerks,0.7504,0.7504,0.0,0.0,0.7504,0.0,0.0,43-4011
15-1299.07,Blockchain Engineers,0.75,0.75,0.0,0.0,0.75,0.0,0.0,15-1299
43-4051.00,Customer Service Representatives,0.7483,0.7483,0.0,0.0,0.7483,0.0,0.0,43-4051
23-1012.00,Judicial Law Clerks,0.7459,0.7459,0.0,0.0,0.7459,0.0,0.0,23-1012
17-2199.08,Robotics Engineers,0.7448,0.7398,0.04292693584789225,-0.0050000000000000044,0.7398,0.04292693584789225,-0.0050000000000000044,17-2199
51-9162.00,Computer Numerically Controlled Tool Programmers,0.7446,0.7411,0.020277525303439063,-0.0035000000000000586,0.7411,0.020277525303439063,-0.0035000000000000586,51-9162
17-3012.00,Electrical and Electronics Drafters,0.7439,0.7439,0.0,0.0,0.7439,0.0,0.0,17-3012
43-4061.00,"Eligibility Interviewers, Government Programs",0.7432,0.7432,0.0,0.0,0.7432,0.0,0.0,43-4061
17-2112.00,Industrial Engineers,0.7406,0.7406,0.0,0.0,0.7406,0.0,0.0,17-2112
13-2053.00,Insurance Underwriters,0.7404,0.7404,0.0,0.0,0.7404,0.0,0.0,13-2053
15-1255.01,Video Game Designers,0.7389,0.7389,0.0,0.0,0.7389,0.0,0.0,15-1255
17-2031.00,Bioengineers and Biomedical Engineers,0.7386,0.7386,0.0,0.0,0.7386,0.0,0.0,17-2031
43-9022.00,Word Processors and Typists,0.7382,0.7349,0.06560043061263443,-0.0032999999999999696,0.6972,0.17689857511019433,-0.040999999999999925,43-9022
17-2112.01,Human Factors Engineers and Ergonomists,0.7375,0.7375,0.0,0.0,0.7375,0.0,0.0,17-2112
43-3021.00,Billing and Posting Clerks,0.734,0.734,0.0,0.0,0.7009,0.08265198878919114,-0.03310000000000002,43-3021
19-1013.00,Soil and Plant Scientists,0.7338,0.7338,0.0,0.0,0.7338,0.0,0.0,19-1013
13-2081.00,"Tax Examiners and Collectors, and Revenue Agents",0.7333,0.7333,0.0,0.0,0.7333,0.0,0.0,13-2081
19-3011.01,Environmental Economists,0.7325,0.7037,0.06077235674594617,-0.028800000000000048,0.7037,0.06077235674594617,-0.028800000000000048,19-3011
17-2141.02,Automotive Engineers,0.7283,0.7215,0.04531384417940556,-0.006799999999999917,0.7215,0.04531384417940556,-0.006799999999999917,17-2141
19-3094.00,Political Scientists,0.728,0.728,0.0,0.0,0.728,0.0,0.0,19-3094
17-3013.00,Mechanical Drafters,0.7276,0.7276,0.0,0.0,0.7276,0.0,0.0,17-3013
11-3031.03,Investment Fund Managers,0.7267,0.7267,0.0,0.0,0.7267,0.0,0.0,11-3031
17-2051.02,Water/Wastewater Engineers,0.7265,0.7265,0.0,0.0,0.7265,0.0,0.0,17-2051
15-1299.04,Penetration Testers,0.7261,0.7261,0.0,0.0,0.7261,0.0,0.0,15-1299
13-1041.08,Customs Brokers,0.726,0.726,0.0,0.0,0.726,0.0,0.0,13-1041
41-9031.00,Sales Engineers,0.7248,0.7248,0.0,0.0,0.7248,0.0,0.0,41-9031
41-3031.00,"Securities, Commodities, and Financial Services Sales Agents",0.7238,0.7238,0.0,0.0,0.7238,0.0,0.0,41-3031
19-2041.03,Industrial Ecologists,0.7237,0.7237,0.0,0.0,0.7237,0.0,0.0,19-2041
13-1141.00,"Compensation, Benefits, and Job Analysis Specialists",0.7224,0.7224,0.0,0.0,0.7224,0.0,0.0,13-1141
15-1299.08,Computer Systems Engineers/Architects,0.7224,0.7224,0.0,0.0,0.7224,0.0,0.0,15-1299
15-1232.00,Computer User Support Specialists,0.721,0.721,0.0,0.0,0.721,0.0,0.0,15-1232
19-1011.00,Animal Scientists,0.7204,0.7204,0.0,0.0,0.7204,0.0,0.0,19-1011
19-2012.00,Physicists,0.7198,0.7198,0.0,0.0,0.7104,0.04689895339899165,-0.009399999999999964,19-2012
27-1024.00,Graphic Designers,0.7185,0.7185,0.0,0.0,0.6745,0.09569775147770555,-0.04400000000000004,27-1024
19-3099.01,Transportation Planners,0.7181,0.7181,0.0,0.0,0.7181,0.0,0.0,19-3099
11-3061.00,Purchasing Managers,0.7156,0.7156,0.0,0.0,0.7156,0.0,0.0,11-3061
17-3031.00,Surveying and Mapping Technicians,0.7152,0.7152,0.0,0.0,0.7152,0.0,0.0,17-3031
17-1022.01,Geodetic Surveyors,0.7148,0.7148,0.0,0.0,0.7148,0.0,0.0,17-1022
11-9199.02,Compliance Managers,0.7137,0.7137,0.0,0.0,0.7137,0.0,0.0,11-9199
43-4161.00,"Human Resources Assistants, Except Payroll and Timekeeping",0.7136,0.7109,0.054805624968508077,-0.0027000000000000357,0.7109,0.054805624968508077,-0.0027000000000000357,43-4161
29-9021.00,Health Information Technologists and Medical Registrars,0.7135,0.7042,0.0625,-0.009299999999999975,0.7042,0.0625,-0.009299999999999975,29-9021
17-2199.11,Solar Energy Systems Engineers,0.713,0.713,0.0,0.0,0.713,0.0,0.0,17-2199
19-3022.00,Survey Researchers,0.7127,0.7127,0.0,0.0,0.7127,0.0,0.0,19-3022
15-1221.00,Computer and Information Research Scientists,0.7126,0.7126,0.0,0.0,0.7126,0.0,0.0,15-1221
19-3011.00,Economists,0.7124,0.7124,0.0,0.0,0.7124,0.0,0.0,19-3011
17-2199.05,Mechatronics Engineers,0.7094,0.6957,0.036549720467923645,-0.013700000000000045,0.6957,0.036549720467923645,-0.013700000000000045,17-2199
11-9121.02,Water Resource Specialists,0.7092,0.7092,0.0,0.0,0.7092,0.0,0.0,11-9121
47-4011.01,Energy Auditors,0.709,0.709,0.0,0.0,0.709,0.0,0.0,47-4011
13-1023.00,"Purchasing Agents, Except Wholesale, Retail, and Farm Products",0.7078,0.7078,0.0,0.0,0.7078,0.0,0.0,13-1023
43-3061.00,Procurement Clerks,0.7076,0.7076,0.0,0.0,0.7076,0.0,0.0,43-3061
41-4011.00,"Sales Representatives, Wholesale and Manufacturing, Technical and Scientific Products",0.7068,0.6976,0.026297289879165676,-0.009199999999999986,0.6976,0.026297289879165676,-0.009199999999999986,41-4011
15-1241.01,Telecommunications Engineering Specialists,0.7063,0.7063,0.0,0.0,0.7063,0.0,0.0,15-1241
19-1029.03,Geneticists,0.7063,0.7063,0.0,0.0,0.7063,0.0,0.0,19-1029
13-1161.01,Search Marketing Strategists,0.7049,0.7049,0.0,0.0,0.7049,0.0,0.0,13-1161
11-9041.01,Biofuels/Biodiesel Technology and Product Development Managers,0.7044,0.7044,0.0,0.0,0.7044,0.0,0.0,11-9041
13-1032.00,"Insurance Appraisers, Auto Damage",0.7044,0.7044,0.0,0.0,0.7044,0.0,0.0,13-1032
17-2011.00,Aerospace Engineers,0.7044,0.7044,0.0,0.0,0.7044,0.0,0.0,17-2011
43-6012.00,Legal Secretaries and Administrative Assistants,0.7038,0.7038,0.0,0.0,0.6643,0.09871204111940923,-0.03949999999999998,43-6012
13-1022.00,"Wholesale and Retail Buyers, Except Farm Products",0.7031,0.7031,0.0,0.0,0.7031,0.0,0.0,13-1022
25-1082.00,"Library Science Teachers, Postsecondary",0.7029,0.7029,0.0,0.0,0.7029,0.0,0.0,25-1082
43-9021.00,Data Entry Keyers,0.7029,0.6965,0.12893322798893003,-0.006399999999999961,0.6651,0.20735196684185744,-0.037799999999999945,43-9021
19-4012.01,Precision Agriculture Technicians,0.7024,0.684,0.13969274767661294,-0.018399999999999972,0.684,0.13969274767661294,-0.018399999999999972,19-4012
11-9121.01,Clinical Research Coordinators,0.7022,0.6902,0.025660173595353938,-0.01200000000000001,0.6902,0.025660173595353938,-0.01200000000000001,11-9121
17-2199.10,Wind Energy Engineers,0.7017,0.7017,0.0,0.0,0.7017,0.0,0.0,17-2199
15-1252.00,Software Developers,0.7013,0.7013,0.0,0.0,0.7013,0.0,0.0,15-1252
19-3093.00,Historians,0.7013,0.696,0.05302133571594702,-0.005300000000000082,0.696,0.05302133571594702,-0.005300000000000082,19-3093
11-1011.03,Chief Sustainability Officers,0.7008,0.7008,0.0,0.0,0.7008,0.0,0.0,11-1011
43-5061.00,"Production, Planning, and Expediting Clerks",0.7008,0.7008,0.0,0.0,0.7008,0.0,0.0,43-5061
41-4011.07,Solar Sales Representatives and Assessors,0.7,0.7,0.0,0.0,0.7,0.0,0.0,41-4011
13-2052.00,Personal Financial Advisors,0.699,0.699,0.0,0.0,0.699,0.0,0.0,13-2052
11-3111.00,Compensation and Benefits Managers,0.6975,0.6975,0.0,0.0,0.6975,0.0,0.0,11-3111
17-2041.00,Chemical Engineers,0.6973,0.6973,0.0,0.0,0.6973,0.0,0.0,17-2041
17-2199.06,Microsystems Engineers,0.697,0.697,0.0,0.0,0.6932,0.018920692777764123,-0.0037999999999999146,17-2199
41-3021.00,Insurance Sales Agents,0.6968,0.6968,0.0,0.0,0.6968,0.0,0.0,41-3021
41-9021.00,Real Estate Brokers,0.6963,0.6963,0.0,0.0,0.6963,0.0,0.0,41-9021
43-6011.00,Executive Secretaries and Executive Administrative Assistants,0.6961,0.6961,0.0,0.0,0.6961,0.0,0.0,43-6011
25-1126.00,"Philosophy and Religion Teachers, Postsecondary",0.6957,0.6957,0.0,0.0,0.6957,0.0,0.0,25-1126
17-1021.00,Cartographers and Photogrammetrists,0.6952,0.6952,0.0,0.0,0.6952,0.0,0.0,17-1021
19-2041.00,"Environmental Scientists and Specialists, Including Health",0.6945,0.6945,0.0,0.0,0.6945,0.0,0.0,19-2041
15-1244.00,Network and Computer Systems Administrators,0.6943,0.6943,0.0,0.0,0.6943,0.0,0.0,15-1244
25-9021.00,Farm and Home Management Educators,0.6943,0.6943,0.0,0.0,0.6943,0.0,0.0,25-9021
25-1062.00,"Area, Ethnic, and Cultural Studies Teachers, Postsecondary",0.6933,0.6933,0.0,0.0,0.6933,0.0,0.0,25-1062
17-2112.03,Manufacturing Engineers,0.6931,0.6755,0.040714183682336334,-0.01760000000000006,0.6755,0.040714183682336334,-0.01760000000000006,17-2112
11-3021.00,Computer and Information Systems Managers,0.6928,0.6928,0.0,0.0,0.6928,0.0,0.0,11-3021
13-2061.00,Financial Examiners,0.6916,0.6916,0.0,0.0,0.6916,0.0,0.0,13-2061
25-1125.00,"History Teachers, Postsecondary",0.6914,0.6914,0.0,0.0,0.6914,0.0,0.0,25-1125
25-1031.00,"Architecture Teachers, Postsecondary",0.6908,0.6908,0.0,0.0,0.6908,0.0,0.0,25-1031
11-9199.01,Regulatory Affairs Managers,0.6905,0.6905,0.0,0.0,0.6905,0.0,0.0,11-9199
25-1063.00,"Economics Teachers, Postsecondary",0.6901,0.6901,0.0,0.0,0.6901,0.0,0.0,25-1063
19-3041.00,Sociologists,0.6901,0.6901,0.0,0.0,0.6901,0.0,0.0,19-3041
11-2021.00,Marketing Managers,0.6899,0.6899,0.0,0.0,0.6899,0.0,0.0,11-2021
17-2072.00,"Electronics Engineers, Except Computer",0.6886,0.6886,0.0,0.0,0.6886,0.0,0.0,17-2072
25-1112.00,"Law Teachers, Postsecondary",0.6884,0.6884,0.0,0.0,0.6884,0.0,0.0,25-1112
27-3031.00,Public Relations Specialists,0.6882,0.6882,0.0,0.0,0.6882,0.0,0.0,27-3031
41-4012.00,"Sales Representatives, Wholesale and Manufacturing, Except Technical and Scientific Products",0.6882,0.6768,0.052849975649835734,-0.011400000000000077,0.6768,0.052849975649835734,-0.011400000000000077,41-4012
25-1124.00,"Foreign Language and Literature Teachers, Postsecondary",0.6882,0.6882,0.0,0.0,0.6882,0.0,0.0,25-1124
19-3051.00,Urban and Regional Planners,0.6879,0.6879,0.0,0.0,0.6879,0.0,0.0,19-3051
25-1122.00,"Communications Teachers, Postsecondary",0.6879,0.6879,0.0,0.0,0.6879,0.0,0.0,25-1122
25-1081.00,"Education Teachers, Postsecondary",0.6877,0.6877,0.0,0.0,0.6877,0.0,0.0,25-1081
25-1111.00,"Criminal Justice and Law Enforcement Teachers, Postsecondary",0.6876,0.6876,0.0,0.0,0.6876,0.0,0.0,25-1111
25-1065.00,"Political Science Teachers, Postsecondary",0.6865,0.6865,0.0,0.0,0.6865,0.0,0.0,25-1065
11-3031.00,Financial Managers,0.6863,0.6863,0.0,0.0,0.6863,0.0,0.0,11-3031
13-1021.00,"Buyers and Purchasing Agents, Farm Products",0.6855,0.6855,0.0,0.0,0.6855,0.0,0.0,13-1021
25-1022.00,"Mathematical Science Teachers, Postsecondary",0.6848,0.6848,0.0,0.0,0.6848,0.0,0.0,25-1022
25-1193.00,"Recreation and Fitness Studies Teachers, Postsecondary",0.6847,0.6847,0.0,0.0,0.6847,0.0,0.0,25-1193
17-2199.07,Photonics Engineers,0.6842,0.6768,0.036887598106166535,-0.007400000000000073,0.6694,0.05175086673499352,-0.014800000000000035,17-2199
41-9022.00,Real Estate Sales Agents,0.6832,0.6832,0.0,0.0,0.6832,0.0,0.0,41-9022
11-9199.10,Wind Energy Development Managers,0.6831,0.6831,0.0,0.0,0.6831,0.0,0.0,11-9199
25-1192.00,"Family and Consumer Sciences Teachers, Postsecondary",0.6828,0.6828,0.0,0.0,0.6828,0.0,0.0,25-1192
15-1299.06,Digital Forensics Analysts,0.6825,0.6825,0.0,0.0,0.6825,0.0,0.0,15-1299
11-2011.00,Advertising and Promotions Managers,0.6819,0.6819,0.0,0.0,0.6819,0.0,0.0,11-2011
13-1131.00,Fundraisers,0.6816,0.6816,0.0,0.0,0.6816,0.0,0.0,13-1131
25-1032.00,"Engineering Teachers, Postsecondary",0.681,0.681,0.0,0.0,0.681,0.0,0.0,25-1032
25-9031.00,Instructional Coordinators,0.681,0.681,0.0,0.0,0.681,0.0,0.0,25-9031
11-3031.01,Treasurers and Controllers,0.6806,0.6806,0.0,0.0,0.6806,0.0,0.0,11-3031
11-9161.00,Emergency Management Directors,0.6803,0.6803,0.0,0.0,0.6803,0.0,0.0,11-9161
25-1123.00,"English Language and Literature Teachers, Postsecondary",0.6802,0.6802,0.0,0.0,0.6802,0.0,0.0,25-1123
13-2099.04,"Fraud Examiners, Investigators and Analysts",0.6802,0.677,0.021086590608271526,-0.0031999999999999806,0.677,0.021086590608271526,-0.0031999999999999806,13-2099
43-4151.00,Order Clerks,0.6802,0.6802,0.0,0.0,0.6802,0.0,0.0,43-4151
11-2033.00,Fundraising Managers,0.6801,0.6801,0.0,0.0,0.6686,0.024652641834027673,-0.011500000000000066,11-2033
25-1061.00,"Anthropology and Archeology Teachers, Postsecondary",0.6794,0.6794,0.0,0.0,0.6794,0.0,0.0,25-1061
27-3023.00,"News Analysts, Reporters, and Journalists",0.6793,0.6793,0.0,0.0,0.6472,0.07916106316168033,-0.03210000000000002,27-3023
19-2099.01,Remote Sensing Scientists and Technologists,0.6791,0.6694,0.11430119421179763,-0.009700000000000042,0.6694,0.11430119421179763,-0.009700000000000042,19-2099
13-1071.00,Human Resources Specialists,0.6787,0.6787,0.0,0.0,0.6787,0.0,0.0,13-1071
25-1011.00,"Business Teachers, Postsecondary",0.6783,0.6783,0.0,0.0,0.6783,0.0,0.0,25-1011
25-1071.00,"Health Specialties Teachers, Postsecondary",0.6782,0.6782,0.0,0.0,0.6782,0.0,0.0,25-1071
27-4032.00,Film and Video Editors,0.6782,0.6782,0.0,0.0,0.6265,0.09709611410185262,-0.05170000000000008,27-4032
19-2041.02,Environmental Restoration Planners,0.6777,0.6538,0.05027715665276403,-0.02389999999999992,0.6538,0.05027715665276403,-0.02389999999999992,19-2041
25-1064.00,"Geography Teachers, Postsecondary",0.6773,0.6773,0.0,0.0,0.6773,0.0,0.0,25-1064
43-4141.00,New Accounts Clerks,0.6772,0.6772,0.0,0.0,0.6706,0.016599470230156045,-0.00660000000000005,43-4141
17-2141.01,Fuel Cell Engineers,0.6762,0.6762,0.0,0.0,0.6701,0.04068199607761439,-0.006099999999999994,17-2141
13-1151.00,Training and Development Specialists,0.6762,0.6762,0.0,0.0,0.6762,0.0,0.0,13-1151
25-1043.00,"Forestry and Conservation Science Teachers, Postsecondary",0.6762,0.6762,0.0,0.0,0.6762,0.0,0.0,25-1043
13-2022.00,Appraisers of Personal and Business Property,0.6756,0.6756,0.0,0.0,0.6756,0.0,0.0,13-2022
15-1299.05,Information Security Engineers,0.6755,0.6755,0.0,0.0,0.6755,0.0,0.0,15-1299
25-1067.00,"Sociology Teachers, Postsecondary",0.6744,0.6744,0.0,0.0,0.6744,0.0,0.0,25-1067
11-3012.00,Administrative Services Managers,0.6743,0.6743,0.0,0.0,0.6743,0.0,0.0,11-3012
19-2021.00,Atmospheric and Space Scientists,0.6737,0.6664,0.07333674186745062,-0.007299999999999973,0.6664,0.07333674186745062,-0.007299999999999973,19-2021
25-1053.00,"Environmental Science Teachers, Postsecondary",0.6734,0.6734,0.0,0.0,0.6734,0.0,0.0,25-1053
41-2011.00,Cashiers,0.6731,0.667,0.09205573233493856,-0.006099999999999994,0.667,0.09205573233493856,-0.006099999999999994,41-2011
13-1031.00,"Claims Adjusters, Examiners, and Investigators",0.6731,0.6731,0.0,0.0,0.6731,0.0,0.0,13-1031
41-1012.00,First-Line Supervisors of Non-Retail Sales Workers,0.673,0.673,0.0,0.0,0.673,0.0,0.0,41-1012
13-1041.00,Compliance Officers,0.6729,0.6729,0.0,0.0,0.6729,0.0,0.0,13-1041
53-6041.00,Traffic Technicians,0.6729,0.663,0.1271167682180453,-0.00990000000000002,0.663,0.1271167682180453,-0.00990000000000002,53-6041
25-1051.00,"Atmospheric, Earth, Marine, and Space Sciences Teachers, Postsecondary",0.6726,0.6726,0.0,0.0,0.6726,0.0,0.0,25-1051
19-1029.04,Biologists,0.6722,0.6529,0.04823638523789565,-0.019299999999999984,0.6529,0.04823638523789565,-0.019299999999999984,19-1029
19-1041.00,Epidemiologists,0.6715,0.6715,0.0,0.0,0.6715,0.0,0.0,19-1041
17-2161.00,Nuclear Engineers,0.6711,0.6711,0.0,0.0,0.6711,0.0,0.0,17-2161
11-9179.02,Spa Managers,0.6709,0.6709,0.0,0.0,0.6709,0.0,0.0,11-9179
43-5032.00,"Dispatchers, Except Police, Fire, and Ambulance",0.6709,0.6709,0.0,0.0,0.6503,0.051428383723825064,-0.020600000000000063,43-5032
11-9199.11,Brownfield Redevelopment Specialists and Site Managers,0.6708,0.6581,0.046251005083373736,-0.012699999999999934,0.6581,0.046251005083373736,-0.012699999999999934,11-9199
25-1041.00,"Agricultural Sciences Teachers, Postsecondary",0.6707,0.6707,0.0,0.0,0.6707,0.0,0.0,25-1041
23-1021.00,"Administrative Law Judges, Adjudicators, and Hearing Officers",0.6702,0.6702,0.0,0.0,0.6702,0.0,0.0,23-1021
43-6013.00,Medical Secretaries and Administrative Assistants,0.669,0.669,0.0,0.0,0.6223,0.08114715710748303,-0.046700000000000075,43-6013
17-2111.00,"Health and Safety Engineers, Except Mining Safety Engineers and Inspectors",0.6682,0.6583,0.041238917607201976,-0.00990000000000002,0.6583,0.041238917607201976,-0.00990000000000002,17-2111
17-3022.00,Civil Engineering Technologists and Technicians,0.6673,0.6673,0.0,0.0,0.6673,0.0,0.0,17-3022
25-1066.00,"Psychology Teachers, Postsecondary",0.6668,0.6668,0.0,0.0,0.6668,0.0,0.0,25-1066
11-9071.00,Gambling Managers,0.6647,0.6492,0.0689435424276978,-0.015499999999999958,0.6492,0.0689435424276978,-0.015499999999999958,11-9071
43-3011.00,Bill and Account Collectors,0.6643,0.6643,0.0,0.0,0.6643,0.0,0.0,43-3011
15-1241.00,Computer Network Architects,0.664,0.664,0.0,0.0,0.664,0.0,0.0,15-1241
11-9121.00,Natural Sciences Managers,0.6639,0.6639,0.0,0.0,0.6639,0.0,0.0,11-9121
17-2199.03,"Energy Engineers, Except Wind and Solar",0.663,0.663,0.0,0.0,0.663,0.0,0.0,17-2199
41-2021.00,Counter and Rental Clerks,0.6621,0.6568,0.053231818091389334,-0.005299999999999971,0.6568,0.053231818091389334,-0.005299999999999971,41-2021
43-6014.00,"Secretaries and Administrative Assistants, Except Legal, Medical, and Executive",0.6619,0.6619,0.0,0.0,0.6073,0.12473645553049248,-0.05460000000000009,43-6014
11-3051.01,Quality Control Systems Managers,0.6618,0.6618,0.0,0.0,0.6618,0.0,0.0,11-3051
19-1031.00,Conservation Scientists,0.6616,0.6574,0.041911058176340214,-0.0041999999999999815,0.6574,0.041911058176340214,-0.0041999999999999815,19-1031
17-1011.00,"Architects, Except Landscape and Naval",0.6615,0.6615,0.0,0.0,0.6615,0.0,0.0,17-1011
25-1113.00,"Social Work Teachers, Postsecondary",0.6614,0.6614,0.0,0.0,0.6614,0.0,0.0,25-1113
17-2199.09,Nanosystems Engineers,0.6608,0.6608,0.0,0.0,0.6498,0.05474930512181939,-0.01100000000000001,17-2199
15-1299.09,Information Technology Project Managers,0.6599,0.6599,0.0,0.0,0.6599,0.0,0.0,15-1299
25-1072.00,"Nursing Instructors and Teachers, Postsecondary",0.6597,0.6597,0.0,0.0,0.6597,0.0,0.0,25-1072
29-9092.00,Genetic Counselors,0.6595,0.6595,0.0,0.0,0.6595,0.0,0.0,29-9092
19-1012.00,Food Scientists and Technologists,0.659,0.659,0.0,0.0,0.659,0.0,0.0,19-1012
17-1022.00,Surveyors,0.658,0.6529,0.03391081544126996,-0.005099999999999993,0.6529,0.03391081544126996,-0.005099999999999993,17-1022
43-1011.00,First-Line Supervisors of Office and Administrative Support Workers,0.6578,0.6578,0.0,0.0,0.6578,0.0,0.0,43-1011
19-1029.02,Molecular and Cellular Biologists,0.6577,0.6577,0.0,0.0,0.6481,0.04789206748950151,-0.009599999999999942,19-1029
25-3041.00,Tutors,0.6573,0.6573,0.0,0.0,0.6573,0.0,0.0,25-3041
19-2032.00,Materials Scientists,0.657,0.657,0.0,0.0,0.657,0.0,0.0,19-2032
17-2061.00,Computer Hardware Engineers,0.656,0.6538,0.04315092614539023,-0.0021999999999999797,0.6538,0.04315092614539023,-0.0021999999999999797,17-2061
17-2141.00,Mechanical Engineers,0.6559,0.6466,0.026648413504640946,-0.009300000000000086,0.6466,0.026648413504640946,-0.009300000000000086,17-2141
15-2011.00,Actuaries,0.6558,0.6558,0.0,0.0,0.6558,0.0,0.0,15-2011
19-4099.03,Remote Sensing Technicians,0.6552,0.6343,0.18127347775456376,-0.02090000000000003,0.6343,0.18127347775456376,-0.02090000000000003,19-4099
19-3091.00,Anthropologists and Archeologists,0.6547,0.6395,0.07098239311741354,-0.015199999999999991,0.6395,0.07098239311741354,-0.015199999999999991,19-3091
11-3131.00,Training and Development Managers,0.6545,0.6545,0.0,0.0,0.6545,0.0,0.0,11-3131
43-3041.00,Gambling Cage Workers,0.6534,0.6282,0.21016503678233978,-0.0252,0.6282,0.21016503678233978,-0.0252,43-3041
25-1042.00,"Biological Science Teachers, Postsecondary",0.6527,0.6498,0.02844715636194571,-0.0028999999999999027,0.6498,0.02844715636194571,-0.0028999999999999027,25-1042
17-3027.00,Mechanical Engineering Technologists and Technicians,0.6526,0.6423,0.07906441008850382,-0.010299999999999976,0.6423,0.07906441008850382,-0.010299999999999976,17-3027
25-1054.00,"Physics Teachers, Postsecondary",0.6519,0.6519,0.0,0.0,0.6519,0.0,0.0,25-1054
11-3071.04,Supply Chain Managers,0.6516,0.6516,0.0,0.0,0.6516,0.0,0.0,11-3071
13-1082.00,Project Management Specialists,0.6512,0.6512,0.0,0.0,0.6512,0.0,0.0,13-1082
11-3051.00,Industrial Production Managers,0.6509,0.6509,0.0,0.0,0.6509,0.0,0.0,11-3051
19-1042.00,"Medical Scientists, Except Epidemiologists",0.648,0.648,0.0,0.0,0.6352,0.063974199548132,-0.012800000000000034,19-1042
17-2151.00,"Mining and Geological Engineers, Including Mining Safety Engineers",0.6474,0.6474,0.0,0.0,0.6474,0.0,0.0,17-2151
13-1041.01,Environmental Compliance Inspectors,0.6474,0.6329,0.044601525912810774,-0.014499999999999957,0.6329,0.044601525912810774,-0.014499999999999957,13-1041
19-2011.00,Astronomers,0.6472,0.6472,0.0,0.0,0.6472,0.0,0.0,19-2011
19-1023.00,Zoologists and Wildlife Biologists,0.6469,0.6339,0.048390908167338105,-0.013000000000000012,0.6339,0.048390908167338105,-0.013000000000000012,19-1023
11-9199.09,Wind Energy Operations Managers,0.6468,0.6468,0.0,0.0,0.6468,0.0,0.0,11-9199
19-3034.00,School Psychologists,0.6466,0.6466,0.0,0.0,0.6466,0.0,0.0,19-3034
17-2051.01,Transportation Engineers,0.6465,0.6465,0.0,0.0,0.6465,0.0,0.0,17-2051
29-1229.05,Preventive Medicine Physicians,0.6462,0.6462,0.0,0.0,0.6462,0.0,0.0,29-1229
17-2111.02,Fire-Prevention and Protection Engineers,0.6459,0.6459,0.0,0.0,0.6459,0.0,0.0,17-2111
19-1031.02,Range Managers,0.6452,0.6452,0.0,0.0,0.6452,0.0,0.0,19-1031
43-4071.00,File Clerks,0.6451,0.6386,0.12958669499203587,-0.006500000000000061,0.5842,0.249411330526252,-0.060899999999999954,43-4071
19-3032.00,Industrial-Organizational Psychologists,0.6446,0.6446,0.0,0.0,0.6446,0.0,0.0,19-3032
13-1041.03,Equal Opportunity Representatives and Officers,0.6445,0.6445,0.0,0.0,0.6445,0.0,0.0,13-1041
39-1022.00,First-Line Supervisors of Personal Service Workers,0.643,0.643,0.0,0.0,0.643,0.0,0.0,39-1022
11-9111.00,Medical and Health Services Managers,0.6427,0.6427,0.0,0.0,0.6427,0.0,0.0,11-9111
17-2081.00,Environmental Engineers,0.6426,0.6392,0.019634960239287687,-0.0033999999999999586,0.6392,0.019634960239287687,-0.0033999999999999586,17-2081
11-9021.00,Construction Managers,0.6419,0.6419,0.0,0.0,0.6419,0.0,0.0,11-9021
17-3026.00,Industrial Engineering Technologists and Technicians,0.6408,0.6237,0.06531475762274022,-0.017100000000000004,0.6188,0.09797213643411033,-0.02200000000000002,17-3026
13-1041.06,Coroners,0.6398,0.6398,0.0,0.0,0.6398,0.0,0.0,13-1041
25-1052.00,"Chemistry Teachers, Postsecondary",0.6396,0.6383,0.026165695253955037,-0.0012999999999999678,0.6383,0.026165695253955037,-0.0012999999999999678,25-1052
17-2121.00,Marine Engineers and Naval Architects,0.6391,0.6391,0.0,0.0,0.6391,0.0,0.0,17-2121
19-3092.00,Geographers,0.6388,0.5745,0.24473946705932645,-0.06430000000000002,0.5745,0.24473946705932645,-0.06430000000000002,19-3092
11-9031.00,"Education and Childcare Administrators, Preschool and Daycare",0.638,0.638,0.0,0.0,0.638,0.0,0.0,11-9031
11-9051.00,Food Service Managers,0.6379,0.6379,0.0,0.0,0.6379,0.0,0.0,11-9051
27-1011.00,Art Directors,0.6378,0.6378,0.0,0.0,0.6378,0.0,0.0,27-1011
17-2072.01,Radio Frequency Identification Device Specialists,0.6378,0.6288,0.04937541102445374,-0.009000000000000008,0.6288,0.04937541102445374,-0.009000000000000008,17-2072
11-1011.00,Chief Executives,0.6373,0.6373,0.0,0.0,0.6373,0.0,0.0,11-1011
19-1021.00,Biochemists and Biophysicists,0.637,0.6302,0.09415896065638973,-0.006800000000000028,0.6302,0.09415896065638973,-0.006800000000000028,19-1021
11-2032.00,Public Relations Managers,0.6358,0.6358,0.0,0.0,0.6125,0.05,-0.023299999999999987,11-2032
23-1022.00,"Arbitrators, Mediators, and Conciliators",0.6356,0.6356,0.0,0.0,0.6356,0.0,0.0,23-1022
27-2012.00,Producers and Directors,0.6351,0.6351,0.0,0.0,0.6351,0.0,0.0,27-2012
17-2071.00,Electrical Engineers,0.6351,0.6351,0.0,0.0,0.6351,0.0,0.0,17-2071
43-4111.00,"Interviewers, Except Eligibility and Loan",0.6347,0.6347,0.0,0.0,0.6347,0.0,0.0,43-4111
29-2099.08,Patient Representatives,0.6343,0.6343,0.0,0.0,0.6343,0.0,0.0,29-2099
19-2043.00,Hydrologists,0.6342,0.6228,0.09092948028351161,-0.011399999999999966,0.6228,0.09092948028351161,-0.011399999999999966,19-2043
11-1031.00,Legislators,0.6342,0.6342,0.0,0.0,0.6342,0.0,0.0,11-1031
25-1021.00,"Computer Science Teachers, Postsecondary",0.6341,0.6341,0.0,0.0,0.6341,0.0,0.0,25-1021
17-2171.00,Petroleum Engineers,0.6333,0.6306,0.0272382722089974,-0.0026999999999999247,0.6306,0.0272382722089974,-0.0026999999999999247,17-2171
27-3011.00,Broadcast Announcers and Radio Disc Jockeys,0.6329,0.6329,0.0,0.0,0.6119,0.058239018332889886,-0.02100000000000002,27-3011
13-1199.07,Security Management Specialists,0.6327,0.6259,0.025771320229560732,-0.006800000000000028,0.6259,0.025771320229560732,-0.006800000000000028,13-1199
19-1031.03,Park Naturalists,0.6321,0.6188,0.052843227112701306,-0.013299999999999979,0.6188,0.052843227112701306,-0.013299999999999979,19-1031
11-3013.01,Security Managers,0.6317,0.6317,0.0,0.0,0.6317,0.0,0.0,11-3013
11-9151.00,Social and Community Service Managers,0.6306,0.6306,0.0,0.0,0.6306,0.0,0.0,11-9151
25-2059.01,Adapted Physical Education Specialists,0.6303,0.6303,0.0,0.0,0.6303,0.0,0.0,25-2059
53-1042.01,Recycling Coordinators,0.6303,0.6303,0.0,0.0,0.6208,0.06307951893723988,-0.009499999999999953,53-1042
11-9032.00,"Education Administrators, Kindergarten through Secondary",0.6297,0.6297,0.0,0.0,0.6297,0.0,0.0,11-9032
25-1121.00,"Art, Drama, and Music Teachers, Postsecondary",0.6295,0.6281,0.027780632598304288,-0.0013999999999999568,0.6281,0.027780632598304288,-0.0013999999999999568,25-1121
11-9171.00,Funeral Home Managers,0.6283,0.6018,0.04960886056386738,-0.026499999999999968,0.6018,0.04960886056386738,-0.026499999999999968,11-9171
11-3071.00,"Transportation, Storage, and Distribution Managers",0.6281,0.6281,0.0,0.0,0.6281,0.0,0.0,11-3071
11-3121.00,Human Resources Managers,0.6281,0.6281,0.0,0.0,0.6281,0.0,0.0,11-3121
25-3011.00,"Adult Basic Education, Adult Secondary Education, and English as a Second Language Instructors",0.6279,0.6261,0.03636003432734005,-0.0018000000000000238,0.6261,0.03636003432734005,-0.0018000000000000238,25-3011
17-2021.00,Agricultural Engineers,0.6264,0.6264,0.0,0.0,0.6264,0.0,0.0,17-2021
43-4171.00,Receptionists and Information Clerks,0.6245,0.6218,0.054534962269814774,-0.0027000000000000357,0.6218,0.054534962269814774,-0.0027000000000000357,43-4171
11-9041.00,Architectural and Engineering Managers,0.6245,0.6245,0.0,0.0,0.6245,0.0,0.0,11-9041
17-1012.00,Landscape Architects,0.6239,0.6239,0.0,0.0,0.6239,0.0,0.0,17-1012
41-9012.00,Models,0.6238,0.6155,0.14663391834560466,-0.008299999999999974,0.6155,0.14663391834560466,-0.008299999999999974,41-9012
27-1014.00,Special Effects Artists and Animators,0.6237,0.6188,0.05846156421763868,-0.0049000000000000155,0.6188,0.05846156421763868,-0.0049000000000000155,27-1014
27-1025.00,Interior Designers,0.6226,0.6226,0.0,0.0,0.6226,0.0,0.0,27-1025
21-2021.00,"Directors, Religious Activities and Education",0.6224,0.6224,0.0,0.0,0.6224,0.0,0.0,21-2021
17-2112.02,Validation Engineers,0.622,0.6176,0.044018984827726315,-0.0043999999999999595,0.6176,0.044018984827726315,-0.0043999999999999595,17-2112
11-1021.00,General and Operations Managers,0.6219,0.6219,0.0,0.0,0.6219,0.0,0.0,11-1021
23-1011.00,Lawyers,0.6211,0.6211,0.0,0.0,0.6211,0.0,0.0,23-1011
53-1044.00,First-Line Supervisors of Passenger Attendants,0.6211,0.6211,0.0,0.0,0.6211,0.0,0.0,53-1044
43-9061.00,"Office Clerks, General",0.6207,0.6207,0.0,0.0,0.588,0.08168978562742761,-0.03270000000000006,43-9061
19-3039.02,Neuropsychologists,0.6193,0.6193,0.0,0.0,0.6193,0.0,0.0,19-3039
11-9033.00,"Education Administrators, Postsecondary",0.6186,0.6186,0.0,0.0,0.6186,0.0,0.0,11-9033
33-3021.06,Intelligence Analysts,0.6184,0.6184,0.0,0.0,0.5919,0.06577700273402108,-0.026499999999999968,33-3021
39-1014.00,"First-Line Supervisors of Entertainment and Recreation Workers, Except Gambling Services",0.6184,0.6184,0.0,0.0,0.6184,0.0,0.0,39-1014
25-1194.00,"Career/Technical Education Teachers, Postsecondary",0.618,0.618,0.0,0.0,0.618,0.0,0.0,25-1194
11-9141.00,"Property, Real Estate, and Community Association Managers",0.6175,0.6175,0.0,0.0,0.6175,0.0,0.0,11-9141
11-9131.00,Postmasters and Mail Superintendents,0.6169,0.6169,0.0,0.0,0.6169,0.0,0.0,11-9131
11-9179.01,Fitness and Wellness Coordinators,0.6161,0.6161,0.0,0.0,0.6161,0.0,0.0,11-9179
13-1121.00,"Meeting, Convention, and Event Planners",0.6156,0.6156,0.0,0.0,0.6156,0.0,0.0,13-1121
25-3021.00,Self-Enrichment Teachers,0.6147,0.6126,0.043147003894841184,-0.0020999999999999908,0.6126,0.043147003894841184,-0.0020999999999999908,25-3021
29-1031.00,Dietitians and Nutritionists,0.6133,0.6133,0.0,0.0,0.6133,0.0,0.0,29-1031
27-2012.03,Media Programming Directors,0.613,0.613,0.0,0.0,0.5842,0.08880646441033964,-0.028799999999999937,27-2012
27-1021.00,Commercial and Industrial Designers,0.6129,0.6105,0.04769472597559775,-0.0023999999999999577,0.6105,0.04769472597559775,-0.0023999999999999577,27-1021
17-2051.00,Civil Engineers,0.6124,0.6124,0.0,0.0,0.6124,0.0,0.0,17-2051
29-1222.00,"Physicians, Pathologists",0.6118,0.6087,0.03166400123707458,-0.0030999999999999917,0.5815,0.10942369760252947,-0.030299999999999994,29-1222
11-3051.06,Hydroelectric Production Managers,0.6106,0.6106,0.0,0.0,0.6037,0.03486768986693133,-0.006900000000000017,11-3051
25-4031.00,Library Technicians,0.608,0.603,0.07548512671948852,-0.0050000000000000044,0.5963,0.09452325439383759,-0.011699999999999933,25-4031
33-9021.00,Private Detectives and Investigators,0.6072,0.6072,0.0,0.0,0.6072,0.0,0.0,33-9021
25-4011.00,Archivists,0.6067,0.5987,0.08020922725464982,-0.008000000000000007,0.5987,0.08020922725464982,-0.008000000000000007,25-4011
25-2031.00,"Secondary School Teachers, Except Special and Career/Technical Education",0.6051,0.6032,0.03812738399781103,-0.0019000000000000128,0.6032,0.03812738399781103,-0.0019000000000000128,25-2031
25-4012.00,Curators,0.6044,0.5693,0.09351091666473468,-0.03510000000000002,0.5693,0.09351091666473468,-0.03510000000000002,25-4012
17-2131.00,Materials Engineers,0.6036,0.6014,0.04541998697228012,-0.0021999999999999797,0.6014,0.04541998697228012,-0.0021999999999999797,17-2131
13-1081.00,Logisticians,0.6032,0.6032,0.0,0.0,0.6032,0.0,0.0,13-1081
19-4043.00,"Geological Technicians, Except Hydrologic Technicians",0.603,0.5724,0.21015129773061528,-0.03059999999999996,0.5661,0.24144358290440934,-0.03689999999999993,19-4043
19-4099.01,Quality Control Analysts,0.6027,0.5953,0.049220218772527614,-0.007399999999999962,0.5953,0.049220218772527614,-0.007399999999999962,19-4099
41-2031.00,Retail Salespersons,0.6026,0.589,0.17307170671595257,-0.013600000000000056,0.589,0.17307170671595257,-0.013600000000000056,41-2031
29-1051.00,Pharmacists,0.6025,0.5947,0.07783541865575407,-0.007800000000000029,0.5947,0.07783541865575407,-0.007800000000000029,29-1051
11-9199.08,Loss Prevention Managers,0.6024,0.6024,0.0,0.0,0.6024,0.0,0.0,11-9199
23-1023.00,"Judges, Magistrate Judges, and Magistrates",0.6022,0.6022,0.0,0.0,0.6022,0.0,0.0,23-1023
41-9091.00,"Door-to-Door Sales Workers, News and Street Vendors, and Related Workers",0.6022,0.5927,0.10902703732745282,-0.009499999999999953,0.5927,0.10902703732745282,-0.009499999999999953,41-9091
25-2032.00,"Career/Technical Education Teachers, Secondary School",0.6008,0.599,0.0356900966510274,-0.0018000000000000238,0.599,0.0356900966510274,-0.0018000000000000238,25-2032
41-1011.00,First-Line Supervisors of Retail Sales Workers,0.6006,0.5722,0.09222085425029598,-0.02839999999999998,0.5722,0.09222085425029598,-0.02839999999999998,41-1011
19-1032.00,Foresters,0.6006,0.5987,0.03699169345662325,-0.0019000000000000128,0.5987,0.03699169345662325,-0.0019000000000000128,19-1032
25-2023.00,"Career/Technical Education Teachers, Middle School",0.6004,0.5986,0.036251784879085376,-0.0018000000000000238,0.5986,0.036251784879085376,-0.0018000000000000238,25-2023
43-5041.00,"Meter Readers, Utilities",0.6001,0.5897,0.06890021688885375,-0.010399999999999965,0.5743,0.172115937751573,-0.025799999999999934,43-5041
21-1091.00,Health Education Specialists,0.5981,0.5981,0.0,0.0,0.5981,0.0,0.0,21-1091
27-4014.00,Sound Engineering Technicians,0.5971,0.5942,0.05888781834653935,-0.0029000000000000137,0.4433,0.4568803117674973,-0.15379999999999994,27-4014
11-9072.00,"Entertainment and Recreation Managers, Except Gambling",0.5969,0.5951,0.03531747907900336,-0.0018000000000000238,0.5838,0.06044375018307553,-0.0131,11-9072
25-2055.00,"Special Education Teachers, Kindergarten",0.5967,0.5933,0.06666666666666667,-0.0033999999999999586,0.5933,0.06666666666666667,-0.0033999999999999586,25-2055
11-2022.00,Sales Managers,0.5958,0.5958,0.0,0.0,0.5958,0.0,0.0,11-2022
27-1022.00,Fashion Designers,0.5951,0.5921,0.059252137221182194,-0.0030000000000000027,0.5921,0.059252137221182194,-0.0030000000000000027,27-1022
13-1075.00,Labor Relations Specialists,0.5941,0.5941,0.0,0.0,0.5941,0.0,0.0,13-1075
29-1229.02,Hospitalists,0.5934,0.5934,0.0,0.0,0.5934,0.0,0.0,29-1229
25-2058.00,"Special Education Teachers, Secondary School",0.593,0.5914,0.032085030910997944,-0.0015999999999999348,0.5914,0.032085030910997944,-0.0015999999999999348,25-2058
41-2022.00,Parts Salespersons,0.5923,0.5818,0.16043143334533583,-0.010500000000000065,0.5818,0.16043143334533583,-0.010500000000000065,41-2022
27-2091.00,"Disc Jockeys, Except Radio",0.5908,0.5882,0.05263157894736842,-0.0026000000000000467,0.5513,0.15789473684210525,-0.03949999999999998,27-2091
29-1223.00,Psychiatrists,0.5902,0.5902,0.0,0.0,0.5902,0.0,0.0,29-1223
11-3051.02,Geothermal Production Managers,0.5902,0.5902,0.0,0.0,0.5902,0.0,0.0,11-3051
53-4031.00,Railroad Conductors and Yardmasters,0.5899,0.5899,0.0,0.0,0.5826,0.04864038817131176,-0.007299999999999973,53-4031
13-1011.00,"Agents and Business Managers of Artists, Performers, and Athletes",0.5888,0.5888,0.0,0.0,0.5888,0.0,0.0,13-1011
25-2057.00,"Special Education Teachers, Middle School",0.5871,0.5844,0.05270189461153962,-0.0026999999999999247,0.5844,0.05270189461153962,-0.0026999999999999247,25-2057
53-1043.00,First-Line Supervisors of Material-Moving Machine and Vehicle Operators,0.5867,0.5851,0.03143811037003955,-0.0016000000000000458,0.5788,0.07380264079288759,-0.007900000000000018,53-1043
25-2022.00,"Middle School Teachers, Except Special and Career/Technical Education",0.5855,0.5825,0.061236158838478175,-0.0030000000000000027,0.5825,0.061236158838478175,-0.0030000000000000027,25-2022
43-5031.00,Public Safety Telecommunicators,0.585,0.5592,0.09823232763971664,-0.025799999999999934,0.5047,0.23809436139304294,-0.08029999999999993,43-5031
17-3023.00,Electrical and Electronic Engineering Technologists and Technicians,0.5845,0.5641,0.1314661435128392,-0.020399999999999974,0.5641,0.1314661435128392,-0.020399999999999974,17-3023
51-1011.00,First-Line Supervisors of Production and Operating Workers,0.5843,0.571,0.10197533295539829,-0.01330000000000009,0.571,0.10197533295539829,-0.01330000000000009,51-1011
11-9081.00,Lodging Managers,0.5832,0.5791,0.04084777438761415,-0.0041000000000001036,0.5791,0.04084777438761415,-0.0041000000000001036,11-9081
19-4092.00,Forensic Science Technicians,0.5814,0.5774,0.03947346658324877,-0.0040000000000000036,0.5691,0.08682050373382763,-0.012299999999999978,19-4092
19-4044.00,Hydrologic Technicians,0.5812,0.5688,0.1875,-0.012400000000000078,0.5688,0.1875,-0.012400000000000078,19-4044
29-1127.00,Speech-Language Pathologists,0.5807,0.5807,0.0,0.0,0.5697,0.054619798171102046,-0.01100000000000001,29-1127
25-9044.00,"Teaching Assistants, Postsecondary",0.5804,0.5804,0.0,0.0,0.5804,0.0,0.0,25-9044
25-2021.00,"Elementary School Teachers, Except Special Education",0.5779,0.5738,0.08183897795980237,-0.0040999999999999925,0.5738,0.08183897795980237,-0.0040999999999999925,25-2021
11-3013.00,Facilities Managers,0.5778,0.5778,0.0,0.0,0.5778,0.0,0.0,11-3013
53-1042.00,"First-Line Supervisors of Helpers, Laborers, and Material Movers, Hand",0.577,0.5748,0.04422493293704135,-0.0021999999999999797,0.5748,0.04422493293704135,-0.0021999999999999797,53-1042
47-1011.03,Solar Energy Installation Managers,0.576,0.576,0.0,0.0,0.576,0.0,0.0,47-1011
27-2012.04,Talent Directors,0.5754,0.5754,0.0,0.0,0.5754,0.0,0.0,27-2012
41-9011.00,Demonstrators and Product Promoters,0.5743,0.5577,0.2178743678428854,-0.01660000000000006,0.5577,0.2178743678428854,-0.01660000000000006,41-9011
35-1012.00,First-Line Supervisors of Food Preparation and Serving Workers,0.573,0.5687,0.08603284557204939,-0.0042999999999999705,0.5687,0.08603284557204939,-0.0042999999999999705,35-1012
25-2056.00,"Special Education Teachers, Elementary School",0.5727,0.5692,0.06951289651621412,-0.0034999999999999476,0.5692,0.06951289651621412,-0.0034999999999999476,25-2056
21-1012.00,"Educational, Guidance, and Career Counselors and Advisors",0.5723,0.5723,0.0,0.0,0.5723,0.0,0.0,21-1012
43-4181.00,Reservation and Transportation Ticket Agents and Travel Clerks,0.5719,0.5449,0.13038891907618028,-0.026999999999999913,0.5449,0.13038891907618028,-0.026999999999999913,43-4181
19-1022.00,Microbiologists,0.5715,0.5616,0.09911285786786476,-0.00990000000000002,0.5453,0.1805789844939769,-0.0262,19-1022
29-1224.00,Radiologists,0.5707,0.5598,0.022820700675839613,-0.01090000000000002,0.5358,0.07089557983718678,-0.03489999999999993,29-1224
39-3091.00,Amusement and Recreation Attendants,0.5704,0.5672,0.06437695822346327,-0.0031999999999999806,0.5672,0.06437695822346327,-0.0031999999999999806,39-3091
17-3025.00,Environmental Engineering Technologists and Technicians,0.5703,0.5296,0.23707885030725126,-0.04070000000000007,0.5296,0.23707885030725126,-0.04070000000000007,17-3025
29-2052.00,Pharmacy Technicians,0.5678,0.535,0.2549557580393036,-0.03279999999999994,0.535,0.2549557580393036,-0.03279999999999994,29-2052
17-3027.01,Automotive Engineering Technicians,0.5673,0.5642,0.06123157735099674,-0.0030999999999999917,0.5545,0.12583089145629828,-0.012800000000000034,17-3027
13-1041.04,Government Property Inspectors and Investigators,0.5661,0.5661,0.0,0.0,0.5661,0.0,0.0,13-1041
19-3039.03,Clinical Neuropsychologists,0.565,0.565,0.0,0.0,0.565,0.0,0.0,19-3039
45-2011.00,Agricultural Inspectors,0.5636,0.5486,0.12834075782567655,-0.015000000000000013,0.5486,0.12834075782567655,-0.015000000000000013,45-2011
25-4022.00,Librarians and Media Collections Specialists,0.5636,0.5621,0.030542554626667356,-0.0014999999999999458,0.5534,0.05540602451312085,-0.010199999999999987,25-4022
43-5051.00,Postal Service Clerks,0.5631,0.5563,0.13634873577404266,-0.006800000000000028,0.5563,0.13634873577404266,-0.006800000000000028,43-5051
33-3031.00,Fish and Game Wardens,0.5631,0.5299,0.12203993625153095,-0.03320000000000001,0.5299,0.12203993625153095,-0.03320000000000001,33-3031
29-1129.01,Art Therapists,0.5602,0.5446,0.04451646840842055,-0.015600000000000058,0.5393,0.07141377059970375,-0.02090000000000003,29-1129
29-1141.04,Clinical Nurse Specialists,0.5593,0.5593,0.0,0.0,0.5593,0.0,0.0,29-1141
19-3033.00,Clinical and Counseling Psychologists,0.5593,0.5593,0.0,0.0,0.5593,0.0,0.0,19-3033
29-2051.00,Dietetic Technicians,0.5592,0.5592,0.0,0.0,0.5592,0.0,0.0,29-2051
43-5071.00,"Shipping, Receiving, and Inventory Clerks",0.5591,0.5121,0.2773218074981698,-0.04700000000000004,0.5121,0.2773218074981698,-0.04700000000000004,43-5071
21-1015.00,Rehabilitation Counselors,0.5591,0.5591,0.0,0.0,0.5591,0.0,0.0,21-1015
21-2011.00,Clergy,0.5582,0.5582,0.0,0.0,0.5582,0.0,0.0,21-2011
35-1011.00,Chefs and Head Cooks,0.5573,0.5549,0.04674098255085898,-0.0024000000000000687,0.5549,0.04674098255085898,-0.0024000000000000687,35-1011
53-6051.00,Transportation Inspectors,0.555,0.555,0.0,0.0,0.555,0.0,0.0,53-6051
43-2011.00,"Switchboard Operators, Including Answering Service",0.554,0.5477,0.041779070733401195,-0.006300000000000083,0.4428,0.31090677460162003,-0.11120000000000002,43-2011
33-9031.00,Gambling Surveillance Officers and Gambling Investigators,0.5535,0.5535,0.0,0.0,0.4165,0.2610104750062122,-0.137,33-9031
29-1123.00,Physical Therapists,0.5532,0.5384,0.06405894221244048,-0.014800000000000035,0.5334,0.10396241142312315,-0.01980000000000004,29-1123
33-3051.04,Customs and Border Protection Officers,0.5529,0.5048,0.21676452014555164,-0.04809999999999992,0.5048,0.21676452014555164,-0.04809999999999992,33-3051
33-1012.00,First-Line Supervisors of Police and Detectives,0.5516,0.5439,0.05094516936841546,-0.007699999999999929,0.5439,0.05094516936841546,-0.007699999999999929,33-1012
25-2012.00,"Kindergarten Teachers, Except Special Education",0.5507,0.5466,0.08364028719878817,-0.0040999999999999925,0.5466,0.08364028719878817,-0.0040999999999999925,25-2012
47-4011.00,Construction and Building Inspectors,0.5503,0.5503,0.0,0.0,0.5503,0.0,0.0,47-4011
39-9032.00,Recreation Workers,0.5499,0.5296,0.12093252325027178,-0.020300000000000096,0.5296,0.12093252325027178,-0.020300000000000096,39-9032
49-1011.00,"First-Line Supervisors of Mechanics, Installers, and Repairers",0.5487,0.5454,0.04306852695993618,-0.0032999999999999696,0.5454,0.04306852695993618,-0.0032999999999999696,49-1011
25-2051.00,"Special Education Teachers, Preschool",0.5452,0.541,0.08508748369901345,-0.0041999999999999815,0.541,0.08508748369901345,-0.0041999999999999815,25-2051
29-1011.00,Chiropractors,0.5449,0.5449,0.0,0.0,0.5449,0.0,0.0,29-1011
21-1021.00,"Child, Family, and School Social Workers",0.5427,0.5427,0.0,0.0,0.5427,0.0,0.0,21-1021
31-9095.00,Pharmacy Aides,0.5426,0.5263,0.26635236414352925,-0.01629999999999998,0.5263,0.26635236414352925,-0.01629999999999998,31-9095
29-1122.01,"Low Vision Therapists, Orientation and Mobility Specialists, and Vision Rehabilitation Therapists",0.5423,0.5423,0.0,0.0,0.5423,0.0,0.0,29-1122
31-9099.01,Speech-Language Pathology Assistants,0.5414,0.4671,0.12060343197422313,-0.07429999999999998,0.4671,0.12060343197422313,-0.07429999999999998,31-9099
33-3041.00,Parking Enforcement Workers,0.541,0.5161,0.09732840421949547,-0.024900000000000033,0.5161,0.09732840421949547,-0.024900000000000033,33-3041
39-1013.00,First-Line Supervisors of Gambling Services Workers,0.5407,0.5261,0.06997811668416554,-0.014599999999999946,0.5261,0.06997811668416554,-0.014599999999999946,39-1013
39-3012.00,Gambling and Sports Book Writers and Runners,0.5393,0.5378,0.029341257759142817,-0.0015000000000000568,0.5378,0.029341257759142817,-0.0015000000000000568,39-3012
33-1091.00,First-Line Supervisors of Security Workers,0.5392,0.4989,0.18620150474100716,-0.0403,0.4667,0.27974064080899796,-0.07250000000000001,33-1091
29-1181.00,Audiologists,0.5376,0.5324,0.0527241536490786,-0.005199999999999982,0.5219,0.10490137624370617,-0.015699999999999936,29-1181
29-1215.00,Family Medicine Physicians,0.5376,0.5376,0.0,0.0,0.5376,0.0,0.0,29-1215
27-1027.00,Set and Exhibit Designers,0.5365,0.5111,0.08167800538888143,-0.025399999999999978,0.5111,0.08167800538888143,-0.025399999999999978,27-1027
19-2031.00,Chemists,0.5356,0.5277,0.07852861174681519,-0.007900000000000018,0.5277,0.07852861174681519,-0.007900000000000018,19-2031
27-4011.00,Audio and Video Technicians,0.5341,0.5313,0.05563818795841414,-0.0028000000000000247,0.4577,0.2236550040526157,-0.07640000000000002,27-4011
43-5011.00,Cargo and Freight Agents,0.5337,0.5181,0.1860236035231385,-0.015599999999999947,0.5129,0.22072739905797797,-0.02079999999999993,43-5011
19-5012.00,Occupational Health and Safety Technicians,0.5334,0.53,0.04536065155360132,-0.0033999999999999586,0.53,0.04536065155360132,-0.0033999999999999586,19-5012
29-1229.06,Sports Medicine Physicians,0.5328,0.5249,0.02984691805774703,-0.007900000000000018,0.5249,0.02984691805774703,-0.007900000000000018,29-1229
29-1141.02,Advanced Practice Psychiatric Nurses,0.5326,0.5326,0.0,0.0,0.5326,0.0,0.0,29-1141
43-2021.00,Telephone Operators,0.5325,0.5325,0.0,0.0,0.3747,0.35959157495369765,-0.1578,43-2021
21-1092.00,Probation Officers and Correctional Treatment Specialists,0.5312,0.5312,0.0,0.0,0.5312,0.0,0.0,21-1092
11-9013.00,"Farmers, Ranchers, and Other Agricultural Managers",0.5307,0.5282,0.048808897073394954,-0.0024999999999999467,0.5282,0.048808897073394954,-0.0024999999999999467,11-9013
27-4012.00,Broadcast Technicians,0.5304,0.5304,0.0,0.0,0.3459,0.47725278141677957,-0.1845,27-4012
37-1012.00,"First-Line Supervisors of Landscaping, Lawn Service, and Groundskeeping Workers",0.5293,0.5203,0.14580052372085256,-0.009000000000000008,0.5203,0.14580052372085256,-0.009000000000000008,37-1012
33-9099.02,Retail Loss Prevention Specialists,0.5292,0.5216,0.05083928715094392,-0.007600000000000051,0.5216,0.05083928715094392,-0.007600000000000051,33-9099
29-1217.00,Neurologists,0.5292,0.5292,0.0,0.0,0.5292,0.0,0.0,29-1217
33-3021.00,Detectives and Criminal Investigators,0.5287,0.5023,0.1311253251551217,-0.02639999999999998,0.5023,0.1311253251551217,-0.02639999999999998,33-3021
29-1229.01,Allergists and Immunologists,0.528,0.528,0.0,0.0,0.528,0.0,0.0,29-1229
33-2021.00,Fire Inspectors and Investigators,0.5267,0.5267,0.0,0.0,0.5267,0.0,0.0,33-2021
29-1122.00,Occupational Therapists,0.5264,0.5005,0.12338053758109264,-0.025900000000000034,0.5005,0.12338053758109264,-0.025900000000000034,29-1122
37-1011.00,First-Line Supervisors of Housekeeping and Janitorial Workers,0.5263,0.5231,0.06416776804624355,-0.0031999999999999806,0.5231,0.06416776804624355,-0.0031999999999999806,37-1011
11-3051.04,Biomass Power Plant Managers,0.5255,0.5028,0.0755495128779825,-0.022699999999999942,0.4589,0.23535144084659174,-0.06659999999999999,11-3051
29-1129.02,Music Therapists,0.5244,0.5165,0.07251996701360065,-0.007900000000000018,0.5165,0.07251996701360065,-0.007900000000000018,29-1129
27-2032.00,Choreographers,0.5231,0.5231,0.0464653771833992,0.0,0.5231,0.0464653771833992,0.0,27-2032
53-2021.00,Air Traffic Controllers,0.523,0.4952,0.14285535085279458,-0.027800000000000047,0.4806,0.1794093914040002,-0.04239999999999999,53-2021
53-2012.00,Commercial Pilots,0.5198,0.5198,0.0,0.0,0.5,0.131938641197135,-0.01980000000000004,53-2012
21-1022.00,Healthcare Social Workers,0.5193,0.5193,0.0,0.0,0.5193,0.0,0.0,21-1022
43-4081.00,"Hotel, Motel, and Resort Desk Clerks",0.5177,0.512,0.11507862495559583,-0.005700000000000038,0.4908,0.1680197987881606,-0.026900000000000035,43-4081
35-9031.00,"Hosts and Hostesses, Restaurant, Lounge, and Coffee Shop",0.5171,0.4892,0.11727993576879463,-0.02789999999999998,0.4892,0.11727993576879463,-0.02789999999999998,35-9031
27-2022.00,Coaches and Scouts,0.5166,0.5166,0.0,0.0,0.5166,0.0,0.0,27-2022
29-1171.00,Nurse Practitioners,0.515,0.515,0.0,0.0,0.4945,0.03841063139620854,-0.020500000000000018,29-1171
19-4021.00,Biological Technicians,0.5138,0.4925,0.28273594938561664,-0.02130000000000004,0.4925,0.28273594938561664,-0.02130000000000004,19-4021
21-1013.00,Marriage and Family Therapists,0.5133,0.5133,0.0,0.0,0.5133,0.0,0.0,21-1013
33-3052.00,Transit and Railroad Police,0.5126,0.4644,0.19544870058615177,-0.048199999999999965,0.4644,0.19544870058615177,-0.048199999999999965,33-3052
27-2023.00,"Umpires, Referees, and Other Sports Officials",0.5119,0.5119,0.0,0.0,0.5119,0.0,0.0,27-2023
53-3031.00,Driver/Sales Workers,0.5108,0.4866,0.1346686204723223,-0.024200000000000055,0.4635,0.28872806408509233,-0.04730000000000001,53-3031
19-4071.00,Forest and Conservation Technicians,0.51,0.4809,0.20237202343160332,-0.029100000000000015,0.4809,0.20237202343160332,-0.029100000000000015,19-4071
51-9161.00,Computer Numerically Controlled Tool Operators,0.5097,0.4865,0.3268259618424059,-0.023200000000000054,0.4845,0.3675562614190852,-0.025200000000000056,51-9161
11-3051.03,Biofuels Production Managers,0.5068,0.5068,0.0,0.0,0.4775,0.1462409600954139,-0.029300000000000048,11-3051
21-1014.00,Mental Health Counselors,0.5047,0.5047,0.0,0.0,0.5047,0.0,0.0,21-1014
33-3021.02,Police Identification and Records Officers,0.504,0.504,0.0,0.0,0.504,0.0,0.0,33-3021
53-5021.00,"Captains, Mates, and Pilots of Water Vessels",0.5032,0.5032,0.0,0.0,0.4706,0.1496189443568462,-0.03259999999999996,53-5021
19-4013.00,Food Science Technicians,0.5026,0.4863,0.1623595914046747,-0.016300000000000037,0.4863,0.1623595914046747,-0.016300000000000037,19-4013
19-4042.00,"Environmental Science and Protection Technicians, Including Health",0.502,0.4589,0.264179104303714,-0.04310000000000003,0.4589,0.264179104303714,-0.04310000000000003,19-4042
29-1125.00,Recreational Therapists,0.5017,0.5017,0.0,0.0,0.5017,0.0,0.0,29-1125
39-7011.00,Tour Guides and Escorts,0.5013,0.4972,0.08337161420558273,-0.0040999999999999925,0.4938,0.10576695034443959,-0.007499999999999951,39-7011
21-1094.00,Community Health Workers,0.5005,0.4997,0.017299936368090827,-0.0007999999999999674,0.4997,0.017299936368090827,-0.0007999999999999674,21-1094
21-1011.00,Substance Abuse and Behavioral Disorder Counselors,0.5004,0.5004,0.0,0.0,0.5004,0.0,0.0,21-1011
19-4031.00,Chemical Technicians,0.4952,0.4309,0.2837588095419538,-0.06429999999999997,0.4236,0.3206223673072533,-0.0716,19-4031
25-2011.00,"Preschool Teachers, Except Special Education",0.4938,0.4872,0.13232396321648313,-0.006599999999999995,0.4872,0.13232396321648313,-0.006599999999999995,25-2011
17-3024.00,Electro-Mechanical and Mechatronics Technologists and Technicians,0.4924,0.4792,0.2096275466704588,-0.01319999999999999,0.4762,0.22461893283175277,-0.016199999999999992,17-3024
17-3028.00,Calibration Technologists and Technicians,0.4917,0.475,0.2,-0.016700000000000048,0.475,0.2,-0.016700000000000048,17-3028
21-1023.00,Mental Health and Substance Abuse Social Workers,0.4912,0.4912,0.0,0.0,0.4912,0.0,0.0,21-1023
45-1011.00,"First-Line Supervisors of Farming, Fishing, and Forestry Workers",0.4912,0.4898,0.02865676443597798,-0.0014000000000000123,0.4865,0.06091955163809422,-0.0047000000000000375,45-1011
53-6051.01,Aviation Inspectors,0.4909,0.4909,0.0,0.0,0.4716,0.0644911796857696,-0.019299999999999984,53-6051
27-2041.00,Music Directors and Composers,0.4894,0.4894,0.0,0.0,0.4817,0.0217908952855185,-0.007699999999999985,27-2041
53-2022.00,Airfield Operations Specialists,0.4887,0.4714,0.047053471381893856,-0.017300000000000038,0.4665,0.07964703304041253,-0.022199999999999998,53-2022
49-2094.00,"Electrical and Electronics Repairers, Commercial and Industrial Equipment",0.4882,0.4732,0.1573915095493545,-0.015000000000000013,0.4732,0.1573915095493545,-0.015000000000000013,49-2094
39-3031.00,"Ushers, Lobby Attendants, and Ticket Takers",0.4881,0.4777,0.1798878866342109,-0.010399999999999965,0.4777,0.1798878866342109,-0.010399999999999965,39-3031
29-1141.01,Acute Care Nurses,0.4881,0.4765,0.11517191804339394,-0.0116,0.4765,0.11517191804339394,-0.0116,29-1141
49-2095.00,"Electrical and Electronics Repairers, Powerhouse, Substation, and Relay",0.4866,0.4696,0.1947017364440464,-0.01699999999999996,0.4696,0.1947017364440464,-0.01699999999999996,49-2095
39-9031.00,Exercise Trainers and Group Fitness Instructors,0.4862,0.4542,0.06719816116374328,-0.03200000000000003,0.4542,0.06719816116374328,-0.03200000000000003,39-9031
25-3031.00,"Substitute Teachers, Short-Term",0.4832,0.4832,0.0,0.0,0.4478,0.0643097957702947,-0.03540000000000004,25-3031
29-2011.01,Cytogenetic Technologists,0.4821,0.4572,0.24822541081702504,-0.024899999999999978,0.4461,0.31244917270403383,-0.035999999999999976,29-2011
43-4121.00,"Library Assistants, Clerical",0.4813,0.4531,0.15737567705224859,-0.028200000000000003,0.4464,0.18177975124098963,-0.03489999999999999,43-4121
53-4041.00,Subway and Streetcar Operators,0.4811,0.4811,0.0,0.0,0.4324,0.3250315232835957,-0.04870000000000002,53-4041
33-9091.00,Crossing Guards and Flaggers,0.481,0.4109,0.3731699465301711,-0.0701,0.4109,0.3731699465301711,-0.0701,33-9091
17-3026.01,Nanotechnology Engineering Technologists and Technicians,0.4809,0.4674,0.1640669498562321,-0.013500000000000012,0.444,0.2813664468401946,-0.03689999999999999,17-3026
39-3092.00,Costume Attendants,0.4809,0.4682,0.19381624382087817,-0.012699999999999989,0.4682,0.19381624382087817,-0.012699999999999989,39-3092
29-2036.00,Medical Dosimetrists,0.4807,0.4493,0.2058935895183305,-0.03140000000000004,0.4184,0.39942894106339705,-0.06230000000000002,29-2036
43-5052.00,Postal Service Mail Carriers,0.4789,0.4674,0.1557492415342698,-0.01150000000000001,0.4633,0.18321878191285243,-0.015600000000000003,43-5052
29-1161.00,Nurse Midwives,0.4783,0.4783,0.0,0.0,0.4783,0.0,0.0,29-1161
29-2011.00,Medical and Clinical Laboratory Technologists,0.4772,0.4134,0.3353140029055715,-0.06380000000000002,0.4023,0.40916659676194544,-0.07490000000000002,29-2011
51-8012.00,Power Distributors and Dispatchers,0.4771,0.4371,0.07622510816320141,-0.040000000000000036,0.3606,0.4589873422149664,-0.11650000000000005,51-8012
21-1093.00,Social and Human Service Assistants,0.4752,0.4738,0.0282577319374207,-0.0014000000000000123,0.4738,0.0282577319374207,-0.0014000000000000123,21-1093
29-1299.02,Orthoptists,0.4748,0.4748,0.0,0.0,0.4748,0.0,0.0,29-1299
25-9042.00,"Teaching Assistants, Preschool, Elementary, Middle, and Secondary School, Except Special Education",0.4731,0.4677,0.1078068423590827,-0.005400000000000016,0.4607,0.12763047193879706,-0.012400000000000022,25-9042
29-1141.00,Registered Nurses,0.4728,0.4662,0.03276139362741094,-0.006599999999999995,0.4662,0.03276139362741094,-0.006599999999999995,29-1141
29-1071.00,Physician Assistants,0.4728,0.4728,0.0,0.0,0.4728,0.0,0.0,29-1071
33-9093.00,Transportation Security Screeners,0.4725,0.4181,0.19179232044163322,-0.05439999999999995,0.4181,0.19179232044163322,-0.05439999999999995,33-9093
27-2012.05,Media Technical Directors/Managers,0.4723,0.4669,0.054502856367594145,-0.005400000000000016,0.4111,0.2033896711365717,-0.06119999999999998,27-2012
29-1214.00,Emergency Medicine Physicians,0.4712,0.4712,0.0,0.0,0.4712,0.0,0.0,29-1214
51-8011.00,Nuclear Power Reactor Operators,0.4692,0.4671,0.0430449460211598,-0.0020999999999999908,0.4016,0.3115469354673993,-0.0676,51-8011
17-3021.00,Aerospace Engineering and Operations Technologists and Technicians,0.4662,0.4414,0.24423822554654914,-0.02479999999999999,0.4414,0.24423822554654914,-0.02479999999999999,17-3021
29-1299.01,Naturopathic Physicians,0.4662,0.462,0.041385474197953055,-0.0041999999999999815,0.462,0.041385474197953055,-0.0041999999999999815,29-1299
29-1241.00,"Ophthalmologists, Except Pediatric",0.4653,0.4653,0.0,0.0,0.4653,0.0,0.0,29-1241
27-4031.00,"Camera Operators, Television, Video, and Film",0.4645,0.4438,0.13860499179673494,-0.02070000000000005,0.3388,0.42506317380392933,-0.12570000000000003,27-4031
53-4011.00,Locomotive Engineers,0.4642,0.4642,0.0,0.0,0.4232,0.16299541188461183,-0.04099999999999998,53-4011
39-7012.00,Travel Guides,0.4618,0.4366,0.09920414957677212,-0.0252,0.4306,0.13921552159121225,-0.031200000000000006,39-7012
33-1021.00,First-Line Supervisors of Firefighting and Prevention Workers,0.4613,0.442,0.06559513264351864,-0.019299999999999984,0.4378,0.09334375158737725,-0.023499999999999965,33-1021
53-3033.00,Light Truck Drivers,0.461,0.4562,0.09564010678578237,-0.0048000000000000265,0.4296,0.2728256363935559,-0.03140000000000004,53-3033
29-1218.00,Obstetricians and Gynecologists,0.4609,0.4609,0.0,0.0,0.4609,0.0,0.0,29-1218
29-1242.00,"Orthopedic Surgeons, Except Pediatric",0.4606,0.4572,0.06666666666666667,-0.003400000000000014,0.4572,0.06666666666666667,-0.003400000000000014,29-1242
17-3024.01,Robotics Technicians,0.4589,0.4131,0.34500450527652626,-0.04579999999999995,0.4131,0.34500450527652626,-0.04579999999999995,17-3024
29-1023.00,Orthodontists,0.4587,0.4105,0.2657593129773091,-0.04820000000000002,0.4105,0.2657593129773091,-0.04820000000000002,29-1023
17-3029.01,Non-Destructive Testing Specialists,0.4585,0.4358,0.0715352631460885,-0.022699999999999998,0.4358,0.0715352631460885,-0.022699999999999998,17-3029
27-1013.00,"Fine Artists, Including Painters, Sculptors, and Illustrators",0.4583,0.4397,0.29951543750691584,-0.018600000000000005,0.4244,0.3431987042382936,-0.033899999999999986,27-1013
33-2022.00,Forest Fire Inspectors and Prevention Specialists,0.4572,0.4459,0.12106371126623783,-0.011299999999999977,0.4459,0.12106371126623783,-0.011299999999999977,33-2022
19-5011.00,Occupational Health and Safety Specialists,0.4571,0.4422,0.13262975229020604,-0.014900000000000024,0.4422,0.13262975229020604,-0.014900000000000024,19-5011
29-1243.00,Pediatric Surgeons,0.4565,0.4537,0.05555555555555555,-0.0028000000000000247,0.4537,0.05555555555555555,-0.0028000000000000247,29-1243
53-2031.00,Flight Attendants,0.4558,0.4508,0.04009007715168525,-0.0050000000000000044,0.4378,0.07269337997214477,-0.01799999999999996,53-2031
53-6061.00,Passenger Attendants,0.4549,0.4549,0.0,0.0,0.4412,0.09129303583951268,-0.013700000000000045,53-6061
29-1213.00,Dermatologists,0.4503,0.4503,0.0,0.0,0.4503,0.0,0.0,29-1213
29-1128.00,Exercise Physiologists,0.4489,0.4489,0.0,0.0,0.4334,0.07766801007516187,-0.015500000000000014,29-1128
29-1131.00,Veterinarians,0.4487,0.4423,0.06346878365124303,-0.006399999999999961,0.4115,0.1251770184044023,-0.03720000000000001,29-1131
29-1216.00,General Internal Medicine Physicians,0.4476,0.4476,0.0,0.0,0.4476,0.0,0.0,29-1216
39-9041.00,Residential Advisors,0.4462,0.4338,0.16082646349310498,-0.012399999999999967,0.4338,0.16082646349310498,-0.012399999999999967,39-9041
29-1221.00,"Pediatricians, General",0.4449,0.4449,0.0,0.0,0.4449,0.0,0.0,29-1221
47-1011.00,First-Line Supervisors of Construction Trades and Extraction Workers,0.443,0.4206,0.12691519538162988,-0.02240000000000003,0.4206,0.12691519538162988,-0.02240000000000003,47-1011
53-2011.00,"Airline Pilots, Copilots, and Flight Engineers",0.4423,0.4423,0.0,0.0,0.4075,0.2317634901713952,-0.03480000000000005,53-2011
29-1212.00,Cardiologists,0.442,0.442,0.0,0.0,0.42,0.12,-0.02200000000000002,29-1212
29-9091.00,Athletic Trainers,0.4412,0.4341,0.14074683999190235,-0.007099999999999995,0.4269,0.19855906300710116,-0.01429999999999998,29-9091
43-9071.00,"Office Machine Operators, Except Computer",0.4399,0.383,0.3502582442833686,-0.056900000000000006,0.281,0.6053953994033258,-0.15889999999999999,43-9071
53-6011.00,Bridge and Lock Tenders,0.4387,0.4195,0.24141374494651005,-0.019199999999999995,0.3721,0.4783203104084641,-0.06659999999999999,53-6011
17-3029.08,Photonics Technicians,0.4376,0.3954,0.43304111860530115,-0.042200000000000015,0.3892,0.47448433686841074,-0.0484,17-3029
49-9062.00,Medical Equipment Repairers,0.4348,0.3982,0.3725121782209856,-0.03660000000000002,0.3982,0.3725121782209856,-0.03660000000000002,49-9062
29-2034.00,Radiologic Technologists and Technicians,0.4347,0.4187,0.18351820115803727,-0.01599999999999996,0.3746,0.3831936431911048,-0.06009999999999999,29-2034
29-2011.02,Cytotechnologists,0.4336,0.3842,0.21614732549920468,-0.0494,0.3842,0.21614732549920468,-0.0494,29-2011
39-3011.00,Gambling Dealers,0.4314,0.43,0.0278900327097349,-0.0014000000000000123,0.43,0.0278900327097349,-0.0014000000000000123,39-3011
29-1141.03,Critical Care Nurses,0.4309,0.4239,0.06980377815522969,-0.007000000000000006,0.4186,0.10478285721019039,-0.012299999999999978,29-1141
33-1011.00,First-Line Supervisors of Correctional Officers,0.4292,0.3964,0.18477683308315884,-0.03280000000000005,0.3964,0.18477683308315884,-0.03280000000000005,33-1011
29-1229.04,Physical Medicine and Rehabilitation Physicians,0.4287,0.4287,0.0,0.0,0.4287,0.0,0.0,29-1229
29-2081.00,"Opticians, Dispensing",0.4269,0.4099,0.16953256582212275,-0.017000000000000015,0.4022,0.220991406696584,-0.0247,29-2081
25-9043.00,"Teaching Assistants, Special Education",0.4266,0.4204,0.12321934562405601,-0.006199999999999983,0.4204,0.12321934562405601,-0.006199999999999983,25-9043
45-4023.00,Log Graders and Scalers,0.4252,0.4232,0.04148548818724682,-0.0020000000000000018,0.4141,0.10159402399139643,-0.011099999999999999,45-4023
29-2091.00,Orthotists and Prosthetists,0.4232,0.3775,0.3674469555871458,-0.04570000000000002,0.3775,0.3674469555871458,-0.04570000000000002,29-2091
31-9092.00,Medical Assistants,0.423,0.3906,0.2631843225365411,-0.032399999999999984,0.3845,0.3040801500549709,-0.03849999999999998,31-9092
29-9099.01,Midwives,0.423,0.4037,0.10587103619587995,-0.019299999999999984,0.4037,0.10587103619587995,-0.019299999999999984,29-9099
39-4031.00,"Morticians, Undertakers, and Funeral Arrangers",0.4226,0.3861,0.3120921817400649,-0.03649999999999998,0.3861,0.3120921817400649,-0.03649999999999998,39-4031
53-3053.00,Shuttle Drivers and Chauffeurs,0.4221,0.4186,0.07049291217939899,-0.0034999999999999476,0.3858,0.2893018775018033,-0.0363,53-3053
33-3051.00,Police and Sheriff's Patrol Officers,0.421,0.3761,0.2747489321206831,-0.044899999999999995,0.3761,0.2747489321206831,-0.044899999999999995,33-3051
13-1074.00,Farm Labor Contractors,0.42,0.42,0.0,0.0,0.42,0.0,0.0,13-1074
33-9011.00,Animal Control Workers,0.4173,0.4074,0.13021748438824163,-0.00990000000000002,0.4074,0.13021748438824163,-0.00990000000000002,33-9011
29-1211.00,Anesthesiologists,0.4171,0.4171,0.0,0.0,0.4171,0.0,0.0,29-1211
51-9151.00,Photographic Process Workers and Processing Machine Operators,0.4156,0.4,0.22345189297453677,-0.015600000000000003,0.3661,0.44914972732932007,-0.049500000000000044,51-9151
27-4021.00,Photographers,0.414,0.3804,0.3778033640642047,-0.03359999999999996,0.3461,0.4756674550139966,-0.06789999999999996,27-4021
27-1012.00,Craft Artists,0.4117,0.3919,0.39648885450006005,-0.019799999999999984,0.3919,0.39648885450006005,-0.019799999999999984,27-1012
29-2032.00,Diagnostic Medical Sonographers,0.4114,0.359,0.22404349841518828,-0.0524,0.3152,0.433935944944215,-0.09620000000000001,29-2032
25-4013.00,Museum Technicians and Conservators,0.41,0.3681,0.3684172181507098,-0.04189999999999999,0.3681,0.3684172181507098,-0.04189999999999999,25-4013
51-5111.00,Prepress Technicians and Workers,0.4087,0.4038,0.07299655563507099,-0.0049000000000000155,0.3467,0.42011023024066607,-0.062,51-5111
31-2011.00,Occupational Therapy Assistants,0.4083,0.3985,0.135410582344624,-0.009799999999999975,0.3985,0.135410582344624,-0.009799999999999975,31-2011
47-2231.00,Solar Photovoltaic Installers,0.4077,0.3916,0.3210528539415237,-0.016100000000000003,0.3916,0.3210528539415237,-0.016100000000000003,47-2231
51-9071.06,Gem and Diamond Workers,0.4046,0.3894,0.15552514577250673,-0.015199999999999991,0.3894,0.15552514577250673,-0.015199999999999991,51-9071
49-9041.00,Industrial Machinery Mechanics,0.4031,0.3859,0.27185875228021794,-0.017199999999999993,0.3859,0.27185875228021794,-0.017199999999999993,49-9041
49-2022.00,"Telecommunications Equipment Installers and Repairers, Except Line Installers",0.4021,0.3843,0.31032007669362,-0.017800000000000038,0.3808,0.33339815015844315,-0.021299999999999986,49-2022
51-8092.00,Gas Plant Operators,0.4016,0.3899,0.10505483004840478,-0.011699999999999988,0.3304,0.4026691567652089,-0.07119999999999999,51-8092
49-2011.00,"Computer, Automated Teller, and Office Machine Repairers",0.4006,0.3762,0.3437682627750429,-0.024400000000000033,0.369,0.39157633915753925,-0.03160000000000002,49-2011
29-2031.00,Cardiovascular Technologists and Technicians,0.4002,0.3842,0.09441208880687857,-0.016000000000000014,0.36,0.2517522103818402,-0.040200000000000014,29-2031
33-3012.00,Correctional Officers and Jailers,0.3996,0.3672,0.22064840067721328,-0.032399999999999984,0.3624,0.2529432369113036,-0.03720000000000001,33-3012
53-3032.00,Heavy and Tractor-Trailer Truck Drivers,0.3984,0.3902,0.16503549924653188,-0.008199999999999985,0.3413,0.41516413296878507,-0.057099999999999984,53-3032
53-3052.00,"Bus Drivers, Transit and Intercity",0.3976,0.3926,0.09943221498622953,-0.0050000000000000044,0.3655,0.28043186185717506,-0.03210000000000002,53-3052
33-9094.00,School Bus Monitors,0.3972,0.3944,0.05555555555555555,-0.0028000000000000247,0.3861,0.1111111111111111,-0.011099999999999999,33-9094
53-3054.00,Taxi Drivers,0.3969,0.3906,0.125,-0.006299999999999972,0.3625,0.3125,-0.034399999999999986,53-3054
39-6012.00,Concierges,0.3959,0.3887,0.14465078151125582,-0.007199999999999984,0.3887,0.14465078151125582,-0.007199999999999984,39-6012
37-2021.00,Pest Control Workers,0.3954,0.363,0.3604731849637658,-0.032399999999999984,0.351,0.4404005234842149,-0.044399999999999995,37-2021
33-9092.00,"Lifeguards, Ski Patrol, and Other Recreational Protective Service Workers",0.3944,0.3944,0.017505930328119503,0.0,0.3881,0.059812250026742265,-0.006299999999999972,33-9092
19-4051.00,Nuclear Technicians,0.3944,0.389,0.08548060797777607,-0.00539999999999996,0.389,0.08548060797777607,-0.00539999999999996,19-4051
53-3051.00,"Bus Drivers, School",0.3943,0.3819,0.12163348910528837,-0.012399999999999967,0.3418,0.388864319856147,-0.05249999999999999,53-3051
27-1026.00,Merchandise Displayers and Window Trimmers,0.3919,0.3415,0.4200711502293203,-0.0504,0.3266,0.46267111867880717,-0.06530000000000002,27-1026
29-1041.00,Optometrists,0.3918,0.3918,0.0,0.0,0.3918,0.0,0.0,29-1041
29-2012.00,Medical and Clinical Laboratory Technicians,0.3912,0.3576,0.3771783376049989,-0.03360000000000002,0.2875,0.4908520689997537,-0.10370000000000001,29-2012
51-2092.00,Team Assemblers,0.3892,0.3713,0.3580227716951447,-0.01789999999999997,0.3691,0.40268142546783703,-0.020100000000000007,51-2092
53-7072.00,"Pump Operators, Except Wellhead Pumpers",0.389,0.3736,0.2796043387310531,-0.015400000000000025,0.3462,0.41657516632260755,-0.042800000000000005,53-7072
53-5031.00,Ship Engineers,0.3885,0.3818,0.13433005065338915,-0.006700000000000039,0.3605,0.2577746037348845,-0.028000000000000025,53-5031
39-5091.00,"Makeup Artists, Theatrical and Performance",0.3881,0.3667,0.4284449839773123,-0.021399999999999975,0.3667,0.4284449839773123,-0.021399999999999975,39-5091
29-2035.00,Magnetic Resonance Imaging Technologists,0.387,0.387,0.0,0.0,0.3554,0.2210876408264368,-0.03160000000000002,29-2035
49-2097.00,Audiovisual Equipment Installers and Repairers,0.3857,0.3334,0.4507130409210315,-0.05230000000000001,0.3181,0.5525041701100333,-0.0676,49-2097
29-2061.00,Licensed Practical and Licensed Vocational Nurses,0.3852,0.366,0.19798259256223213,-0.019199999999999995,0.366,0.19798259256223213,-0.019199999999999995,29-2061
27-1023.00,Floral Designers,0.3847,0.3311,0.4137349377210341,-0.05359999999999998,0.3311,0.4137349377210341,-0.05359999999999998,27-1023
19-4051.02,Nuclear Monitoring Technicians,0.3827,0.3605,0.28672994772254096,-0.022199999999999998,0.3605,0.28672994772254096,-0.022199999999999998,19-4051
29-1292.00,Dental Hygienists,0.3809,0.3739,0.0878050395982679,-0.007000000000000006,0.35,0.2341642554718212,-0.03090000000000004,29-1292
29-1081.00,Podiatrists,0.3805,0.3726,0.07900453954028669,-0.007900000000000018,0.3726,0.07900453954028669,-0.007900000000000018,29-1081
49-9091.00,"Coin, Vending, and Amusement Machine Servicers and Repairers",0.3801,0.3598,0.2497487108014177,-0.020299999999999985,0.3488,0.3229102903570711,-0.031299999999999994,49-9091
31-2012.00,Occupational Therapy Aides,0.3796,0.3071,0.24562294377688862,-0.07250000000000001,0.3071,0.24562294377688862,-0.07250000000000001,31-2012
35-3031.00,Waiters and Waitresses,0.3791,0.3505,0.4987533413818733,-0.028600000000000014,0.3505,0.4987533413818733,-0.028600000000000014,35-3031
19-4012.00,Agricultural Technicians,0.3783,0.3576,0.29545343845836736,-0.02070000000000005,0.3452,0.3880119706848359,-0.03310000000000002,19-4012
43-5021.00,Couriers and Messengers,0.3773,0.3622,0.3018503187883162,-0.015100000000000002,0.3231,0.42684690018056054,-0.054200000000000026,43-5021
29-2099.01,Neurodiagnostic Technologists,0.3767,0.3613,0.11568781795467983,-0.01539999999999997,0.3613,0.11568781795467983,-0.01539999999999997,29-2099
31-9093.00,Medical Equipment Preparers,0.3761,0.3494,0.4582894011501751,-0.0267,0.3259,0.525510130173849,-0.05019999999999997,31-9093
51-5112.00,Printing Press Operators,0.3744,0.3209,0.4977071998624422,-0.05349999999999999,0.3062,0.5872071955364776,-0.06819999999999998,51-5112
33-9032.00,Security Guards,0.373,0.2883,0.360394939446825,-0.0847,0.2419,0.5280268365739058,-0.1311,33-9032
29-1124.00,Radiation Therapists,0.3728,0.3378,0.12576722034379492,-0.03500000000000003,0.3235,0.23005682059222746,-0.04930000000000001,29-1124
51-8093.00,"Petroleum Pump System Operators, Refinery Operators, and Gaugers",0.3727,0.3542,0.20929980994069178,-0.01849999999999996,0.3267,0.3468351735678738,-0.045999999999999985,51-8093
53-7071.00,Gas Compressor and Gas Pumping Station Operators,0.3724,0.3517,0.24654714466539876,-0.020699999999999996,0.2551,0.6676798730404443,-0.11730000000000002,53-7071
53-6051.07,"Transportation Vehicle, Equipment and Systems Inspectors, Except Aviation",0.3724,0.3698,0.051169863602956035,-0.002599999999999991,0.3698,0.051169863602956035,-0.002599999999999991,53-6051
51-8091.00,Chemical Plant and System Operators,0.3722,0.3504,0.12462814690821512,-0.021799999999999986,0.3113,0.3673897649727639,-0.060899999999999954,51-8091
51-9061.00,"Inspectors, Testers, Sorters, Samplers, and Weighers",0.3717,0.35,0.27785989299441227,-0.021699999999999997,0.35,0.27785989299441227,-0.021699999999999997,51-9061
31-2021.00,Physical Therapist Assistants,0.3693,0.3623,0.1409377555364125,-0.007000000000000006,0.3623,0.1409377555364125,-0.007000000000000006,31-2021
51-8021.00,Stationary Engineers and Boiler Operators,0.3676,0.3419,0.24140926608866964,-0.0257,0.3221,0.34063425476728554,-0.045499999999999985,51-8021
47-4099.03,Weatherization Installers and Technicians,0.3663,0.3384,0.4408755281160482,-0.027900000000000036,0.3384,0.4408755281160482,-0.027900000000000036,47-4099
39-3021.00,Motion Picture Projectionists,0.3638,0.3556,0.10599084242569,-0.008199999999999985,0.2123,0.5243946599450139,-0.15150000000000002,39-3021
29-1126.00,Respiratory Therapists,0.3624,0.3414,0.1792512176220784,-0.02100000000000002,0.3414,0.1792512176220784,-0.02100000000000002,29-1126
29-1229.03,Urologists,0.3615,0.3615,0.0,0.0,0.3413,0.14665162035247853,-0.020199999999999996,29-1229
51-9051.00,"Furnace, Kiln, Oven, Drier, and Kettle Operators and Tenders",0.3611,0.331,0.3761633797047842,-0.03009999999999996,0.331,0.3761633797047842,-0.03009999999999996,51-9051
49-2098.00,Security and Fire Alarm Systems Installers,0.3577,0.3287,0.4164449884783179,-0.029000000000000026,0.3287,0.4164449884783179,-0.029000000000000026,49-2098
39-9011.00,Childcare Workers,0.3547,0.3377,0.28601859985376527,-0.017000000000000015,0.3377,0.28601859985376527,-0.017000000000000015,39-9011
29-1151.00,Nurse Anesthetists,0.3517,0.3316,0.15890859548836042,-0.020100000000000007,0.3067,0.241289140363617,-0.04500000000000004,29-1151
35-2013.00,"Cooks, Private Household",0.3486,0.2972,0.5846394128376238,-0.0514,0.2972,0.5846394128376238,-0.0514,35-2013
51-4041.00,Machinists,0.348,0.3221,0.2673103961135156,-0.02589999999999998,0.3024,0.40548760592887373,-0.045599999999999974,51-4041
29-1291.00,Acupuncturists,0.348,0.3439,0.041610288526373704,-0.0040999999999999925,0.3439,0.041610288526373704,-0.0040999999999999925,29-1291
35-2012.00,"Cooks, Institution and Cafeteria",0.3479,0.3102,0.48830111998471243,-0.03770000000000001,0.3102,0.48830111998471243,-0.03770000000000001,35-2012
31-9011.00,Massage Therapists,0.3465,0.3422,0.0860724948456921,-0.0042999999999999705,0.3422,0.0860724948456921,-0.0042999999999999705,31-9011
39-9011.01,Nannies,0.3464,0.3386,0.15633639875291672,-0.007799999999999974,0.3275,0.21172964175768155,-0.018899999999999972,39-9011
39-5093.00,Shampooers,0.3449,0.3094,0.5443303908372021,-0.035499999999999976,0.3094,0.5443303908372021,-0.035499999999999976,39-5093
51-4061.00,"Model Makers, Metal and Plastic",0.3448,0.3053,0.4522201713601395,-0.03949999999999998,0.2977,0.5283895121013608,-0.047099999999999975,51-4061
49-9099.01,Geothermal Technicians,0.3445,0.304,0.4459092547719552,-0.04049999999999998,0.304,0.4459092547719552,-0.04049999999999998,49-9099
29-2033.00,Nuclear Medicine Technologists,0.3406,0.328,0.11123702464919207,-0.0126,0.286,0.3752009448290761,-0.05460000000000004,29-2033
51-8099.01,Biofuels Processing Technicians,0.3404,0.292,0.30525178287724913,-0.0484,0.2563,0.4835732108817921,-0.08410000000000001,51-8099
31-1122.00,Personal Care Aides,0.3383,0.3305,0.15581516718676192,-0.007799999999999974,0.3213,0.21683317434310853,-0.017000000000000015,31-1122
29-2042.00,Emergency Medical Technicians,0.3382,0.334,0.08333333333333333,-0.0041999999999999815,0.3215,0.16666666666666666,-0.016699999999999993,29-2042
35-3011.00,Bartenders,0.3381,0.2675,0.6401157661692769,-0.0706,0.2675,0.6401157661692769,-0.0706,35-3011
51-9011.00,Chemical Equipment Operators and Tenders,0.3378,0.3037,0.3468307206189528,-0.034099999999999964,0.2768,0.494185429725001,-0.061,51-9011
51-2021.00,"Coil Winders, Tapers, and Finishers",0.3363,0.2753,0.5978562659658564,-0.061,0.2611,0.6926320450446013,-0.07519999999999999,51-2021
51-9141.00,Semiconductor Processing Technicians,0.3362,0.3051,0.5268883442735571,-0.031100000000000017,0.3051,0.5268883442735571,-0.031100000000000017,51-9141
33-3011.00,Bailiffs,0.3357,0.2196,0.6199740762712003,-0.11610000000000001,0.2196,0.6199740762712003,-0.11610000000000001,33-3011
31-9091.00,Dental Assistants,0.3356,0.3077,0.34386001817846,-0.027900000000000036,0.2965,0.4186606612871962,-0.039100000000000024,31-9091
51-8013.00,Power Plant Operators,0.3342,0.3143,0.15930480893004842,-0.019899999999999973,0.2392,0.5447639226254128,-0.095,51-8013
29-2043.00,Paramedics,0.3333,0.3333,0.0,0.0,0.3256,0.07692307692307693,-0.007699999999999985,29-2043
39-5011.00,Barbers,0.3332,0.3062,0.5408631400935281,-0.02699999999999997,0.3062,0.5408631400935281,-0.02699999999999997,39-5011
31-9099.02,Endoscopy Technicians,0.3328,0.3088,0.3424131099284566,-0.023999999999999966,0.2973,0.41918546301156745,-0.035499999999999976,31-9099
53-7065.00,Stockers and Order Fillers,0.3324,0.303,0.4462549158961885,-0.02939999999999998,0.3013,0.47855277391668194,-0.03109999999999996,53-7065
43-9051.00,"Mail Clerks and Mail Machine Operators, Except Postal Service",0.3312,0.3179,0.23256553585229806,-0.013299999999999979,0.3179,0.23256553585229806,-0.013299999999999979,43-9051
51-4023.00,"Rolling Machine Setters, Operators, and Tenders, Metal and Plastic",0.3305,0.295,0.3777016311492961,-0.03550000000000003,0.2549,0.5643155412735088,-0.0756,51-4023
51-3092.00,Food Batchmakers,0.3294,0.2968,0.2332291842866545,-0.03260000000000002,0.2489,0.552757233759,-0.08050000000000002,51-3092
39-5012.00,"Hairdressers, Hairstylists, and Cosmetologists",0.3278,0.2871,0.5157742176558291,-0.04069999999999996,0.2871,0.5157742176558291,-0.04069999999999996,39-5012
31-1133.00,Psychiatric Aides,0.3275,0.3129,0.15422745350981054,-0.014600000000000002,0.3129,0.15422745350981054,-0.014600000000000002,31-1133
43-5053.00,"Postal Service Mail Sorters, Processors, and Processing Machine Operators",0.3271,0.311,0.18344714055547268,-0.016100000000000003,0.3045,0.22689402361183755,-0.02260000000000001,43-5053
47-5013.00,"Service Unit Operators, Oil and Gas",0.3253,0.3195,0.1163131073516132,-0.005799999999999972,0.2855,0.42750479272648345,-0.0398,47-5013
51-7032.00,"Patternmakers, Wood",0.3233,0.3005,0.39758318547321064,-0.022799999999999987,0.3005,0.39758318547321064,-0.022799999999999987,51-7032
47-2111.00,Electricians,0.3229,0.2977,0.3739231264001549,-0.0252,0.2977,0.3739231264001549,-0.0252,47-2111
51-3091.00,"Food and Tobacco Roasting, Baking, and Drying Machine Operators and Tenders",0.3195,0.2869,0.3694777020253952,-0.03260000000000002,0.2774,0.43235951201653294,-0.042100000000000026,51-3091
51-8013.03,Biomass Plant Technicians,0.3183,0.2911,0.18218776686395635,-0.027200000000000002,0.2186,0.5666479875583561,-0.09970000000000004,51-8013
49-9031.00,Home Appliance Repairers,0.3178,0.2923,0.3602505503280273,-0.025500000000000023,0.2877,0.3909495549109352,-0.030100000000000016,49-9031
29-2092.00,Hearing Aid Specialists,0.3176,0.2961,0.21475140327266223,-0.02150000000000002,0.2749,0.3208596531524967,-0.042700000000000016,29-2092
53-6021.00,Parking Attendants,0.3165,0.3046,0.18463161576289094,-0.011900000000000022,0.2945,0.2521173900512836,-0.02200000000000002,53-6021
49-2091.00,Avionics Technicians,0.3158,0.2858,0.5341629123652689,-0.030000000000000027,0.2858,0.5341629123652689,-0.030000000000000027,49-2091
39-3093.00,"Locker Room, Coatroom, and Dressing Room Attendants",0.3149,0.298,0.3387469516776757,-0.016900000000000026,0.298,0.3387469516776757,-0.016900000000000026,39-3093
33-2011.00,Firefighters,0.3146,0.297,0.3497593552621733,-0.017600000000000005,0.297,0.3497593552621733,-0.017600000000000005,33-2011
35-3023.01,Baristas,0.3083,0.254,0.6350547613975948,-0.054300000000000015,0.254,0.6350547613975948,-0.054300000000000015,35-3023
31-1131.00,Nursing Assistants,0.3078,0.2948,0.2359366225896679,-0.013000000000000012,0.2922,0.26159768207087636,-0.015600000000000003,31-1131
53-7081.00,Refuse and Recyclable Material Collectors,0.3078,0.2974,0.2787507151057444,-0.01040000000000002,0.2705,0.4993586102862824,-0.0373,53-7081
51-6061.00,Textile Bleaching and Dyeing Machine Operators and Tenders,0.3063,0.2801,0.4492694990062419,-0.0262,0.2801,0.4492694990062419,-0.0262,51-6061
39-5094.00,Skincare Specialists,0.3063,0.282,0.484291116930349,-0.024300000000000044,0.282,0.484291116930349,-0.024300000000000044,39-5094
51-3011.00,Bakers,0.3053,0.2542,0.4126505724169774,-0.051100000000000034,0.2318,0.5881926164698038,-0.07350000000000001,51-3011
27-2011.00,Actors,0.3052,0.277,0.09410303250248067,-0.028200000000000003,0.277,0.09410303250248067,-0.028200000000000003,27-2011
51-2022.00,Electrical and Electronic Equipment Assemblers,0.3033,0.2686,0.5296772150995251,-0.03470000000000001,0.2686,0.5296772150995251,-0.03470000000000001,51-2022
51-4191.00,"Heat Treating Equipment Setters, Operators, and Tenders, Metal and Plastic",0.3022,0.2622,0.43297605202243455,-0.040000000000000036,0.2438,0.5557801500553753,-0.058400000000000035,51-4191
43-5111.00,"Weighers, Measurers, Checkers, and Samplers, Recordkeeping",0.3019,0.2813,0.2896993204073596,-0.020600000000000007,0.2813,0.2896993204073596,-0.020600000000000007,43-5111
53-1041.00,Aircraft Cargo Handling Supervisors,0.3016,0.2921,0.190719670323094,-0.009499999999999953,0.2921,0.190719670323094,-0.009499999999999953,53-1041
53-7121.00,"Tank Car, Truck, and Ship Loaders",0.3003,0.2586,0.29042483780643863,-0.041700000000000015,0.2305,0.49533865010936795,-0.0698,53-7121
29-2053.00,Psychiatric Technicians,0.2995,0.2966,0.058779734290362914,-0.0029000000000000137,0.2689,0.12516163613503128,-0.030600000000000016,29-2053
39-2011.00,Animal Trainers,0.2986,0.276,0.4227583743557116,-0.022599999999999953,0.276,0.4227583743557116,-0.022599999999999953,39-2011
31-2022.00,Physical Therapist Aides,0.2977,0.2805,0.31927939017441326,-0.017199999999999993,0.2805,0.31927939017441326,-0.017199999999999993,31-2022
51-8031.00,Water and Wastewater Treatment Plant and System Operators,0.2963,0.2607,0.2510764832861992,-0.03560000000000002,0.2205,0.5189150587083636,-0.0758,51-8031
53-4022.00,"Railroad Brake, Signal, and Switch Operators and Locomotive Firers",0.295,0.2913,0.1199763440019167,-0.003699999999999981,0.2646,0.29801802000006905,-0.030399999999999983,53-4022
39-2021.00,Animal Caretakers,0.2948,0.2847,0.17907862235804173,-0.010099999999999998,0.2847,0.17907862235804173,-0.010099999999999998,39-2021
49-9021.00,"Heating, Air Conditioning, and Refrigeration Mechanics and Installers",0.2947,0.2524,0.49262494369914056,-0.042300000000000004,0.2509,0.5226306914330145,-0.043800000000000006,49-9021
49-9061.00,Camera and Photographic Equipment Repairers,0.2946,0.2482,0.532310261699082,-0.04639999999999997,0.2482,0.532310261699082,-0.04639999999999997,49-9061
51-6062.00,"Textile Cutting Machine Setters, Operators, and Tenders",0.2937,0.2718,0.27157744208567985,-0.02190000000000003,0.2516,0.5305362134192942,-0.042100000000000026,51-6062
29-1021.00,"Dentists, General",0.2932,0.2777,0.054448179806103544,-0.015500000000000014,0.2535,0.21723964719358166,-0.03970000000000001,29-1021
47-2132.00,"Insulation Workers, Mechanical",0.2917,0.2489,0.6665428100366073,-0.042800000000000005,0.2489,0.6665428100366073,-0.042800000000000005,47-2132
47-4021.00,Elevator and Escalator Installers and Repairers,0.2914,0.2689,0.4215879345148233,-0.02250000000000002,0.2689,0.4215879345148233,-0.02250000000000002,47-4021
51-4122.00,"Welding, Soldering, and Brazing Machine Setters, Operators, and Tenders",0.2913,0.2318,0.6407140559578562,-0.0595,0.2318,0.6407140559578562,-0.0595,51-4122
29-2099.05,Ophthalmic Medical Technologists,0.2912,0.2894,0.03708210962371575,-0.0018000000000000238,0.2473,0.19796813371825395,-0.04390000000000002,29-2099
53-5022.00,Motorboat Operators,0.2899,0.2834,0.1289985494987704,-0.006500000000000006,0.2406,0.41458985383088914,-0.04929999999999998,53-5022
51-9191.00,Adhesive Bonding Machine Operators and Tenders,0.2896,0.2466,0.5101654126282317,-0.04300000000000001,0.2466,0.5101654126282317,-0.04300000000000001,51-9191
35-3041.00,"Food Servers, Nonrestaurant",0.2891,0.2622,0.5390574435144762,-0.026900000000000035,0.2622,0.5390574435144762,-0.026900000000000035,35-3041
51-6092.00,Fabric and Apparel Patternmakers,0.289,0.2414,0.5119070302566407,-0.047599999999999976,0.2414,0.5119070302566407,-0.047599999999999976,51-6092
51-9021.00,"Crushing, Grinding, and Polishing Machine Setters, Operators, and Tenders",0.2887,0.2653,0.2922868089017659,-0.023400000000000032,0.2484,0.4458454891249321,-0.0403,51-9021
31-9096.00,Veterinary Assistants and Laboratory Animal Caretakers,0.2881,0.2735,0.23446780720869953,-0.014600000000000002,0.2735,0.23446780720869953,-0.014600000000000002,31-9096
49-2093.00,"Electrical and Electronics Installers and Repairers, Transportation Equipment",0.2849,0.2364,0.5502840712974085,-0.04849999999999999,0.2364,0.5502840712974085,-0.04849999999999999,49-2093
29-2011.04,Histotechnologists,0.2833,0.2421,0.41260906317010604,-0.04119999999999999,0.225,0.4977994783662832,-0.05829999999999999,29-2011
49-3011.00,Aircraft Mechanics and Service Technicians,0.2833,0.2637,0.36652097356724495,-0.019600000000000006,0.2582,0.4071971228917755,-0.02510000000000001,49-3011
31-1121.00,Home Health Aides,0.2832,0.2774,0.11506963939326273,-0.005800000000000027,0.2774,0.11506963939326273,-0.005800000000000027,31-1121
51-4081.00,"Multiple Machine Tool Setters, Operators, and Tenders, Metal and Plastic",0.2821,0.24,0.37977366810393304,-0.042100000000000026,0.218,0.48196838631544847,-0.06410000000000002,51-4081
39-4012.00,Crematory Operators,0.2819,0.2583,0.4166666666666667,-0.02360000000000001,0.2417,0.5833333333333334,-0.040199999999999986,39-4012
35-3023.00,Fast Food and Counter Workers,0.2819,0.2347,0.6941062107344408,-0.04719999999999999,0.2347,0.6941062107344408,-0.04719999999999999,35-3023
53-6031.00,Automotive and Watercraft Service Attendants,0.2799,0.2489,0.23191776526228902,-0.030999999999999972,0.2426,0.2634062082239108,-0.03729999999999997,53-6031
51-8013.04,Hydroelectric Plant Technicians,0.2799,0.2675,0.2484138065710508,-0.012399999999999967,0.223,0.5046150970996106,-0.05689999999999998,51-8013
53-7011.00,Conveyor Operators and Tenders,0.2796,0.2456,0.4352049919928812,-0.034,0.2349,0.4996232592162249,-0.04470000000000002,53-7011
39-6011.00,Baggage Porters and Bellhops,0.2796,0.2408,0.5476455102138718,-0.03880000000000003,0.2408,0.5476455102138718,-0.03880000000000003,39-6011
51-4035.00,"Milling and Planing Machine Setters, Operators, and Tenders, Metal and Plastic",0.2791,0.1906,0.6500318836806218,-0.08850000000000002,0.1858,0.722005262648633,-0.09330000000000002,51-4035
49-9064.00,Watch and Clock Repairers,0.2777,0.2434,0.40117513872321847,-0.0343,0.2434,0.40117513872321847,-0.0343,49-9064
51-6063.00,"Textile Knitting and Weaving Machine Setters, Operators, and Tenders",0.277,0.2642,0.21258131127513227,-0.012800000000000034,0.2449,0.4592896071229227,-0.03210000000000002,51-6063
47-5023.00,"Earth Drillers, Except Oil and Gas",0.2757,0.2395,0.3280890115769159,-0.03620000000000001,0.2052,0.6476687472567831,-0.07050000000000001,47-5023
53-4013.00,"Rail Yard Engineers, Dinkey Operators, and Hostlers",0.2751,0.2685,0.1657208444011793,-0.006599999999999995,0.2364,0.37962407675494825,-0.03870000000000001,53-4013
53-7021.00,Crane and Tower Operators,0.2746,0.2402,0.386038319483491,-0.034400000000000014,0.2338,0.5139495598118967,-0.0408,53-7021
29-2057.00,Ophthalmic Medical Technicians,0.2745,0.2719,0.05344292260849916,-0.0026000000000000467,0.2314,0.1587638642621941,-0.04310000000000003,29-2057
39-4021.00,Funeral Attendants,0.2735,0.2248,0.5387311692274519,-0.04870000000000002,0.2248,0.5387311692274519,-0.04870000000000002,39-4021
27-4015.00,Lighting Technicians,0.2734,0.2422,0.5,-0.031199999999999978,0.2203,0.5625,-0.05309999999999998,27-4015
49-9043.00,"Maintenance Workers, Machinery",0.2726,0.2381,0.48367314113724075,-0.0345,0.2353,0.5400776717892882,-0.0373,49-9043
45-2092.00,"Farmworkers and Laborers, Crop, Nursery, and Greenhouse",0.2722,0.2423,0.4154524605835519,-0.02990000000000001,0.2302,0.5359262799317936,-0.04200000000000001,45-2092
51-4111.00,Tool and Die Makers,0.2699,0.2478,0.4016726095270784,-0.02209999999999998,0.2415,0.46508076039039997,-0.02839999999999998,51-4111
45-2021.00,Animal Breeders,0.2694,0.2514,0.22021985324055757,-0.01799999999999996,0.2514,0.22021985324055757,-0.01799999999999996,45-2021
47-4071.00,Septic Tank Servicers and Sewer Pipe Cleaners,0.2681,0.2476,0.3563500714622132,-0.020500000000000018,0.2331,0.4655295549269945,-0.035,47-4071
51-9071.00,Jewelers and Precious Stone and Metal Workers,0.2671,0.2366,0.5812984982172358,-0.0305,0.2366,0.5812984982172358,-0.0305,51-9071
51-3093.00,Food Cooking Machine Operators and Tenders,0.2663,0.1946,0.5296323353436969,-0.07169999999999999,0.149,0.7429525023178221,-0.11729999999999999,51-3093
51-9041.00,"Extruding, Forming, Pressing, and Compacting Machine Setters, Operators, and Tenders",0.2661,0.2145,0.5149077568138036,-0.05160000000000001,0.1939,0.6521504641188499,-0.07220000000000001,51-9041
51-4062.00,"Patternmakers, Metal and Plastic",0.2624,0.245,0.3467393761593841,-0.017400000000000027,0.2397,0.4530741457138283,-0.022700000000000026,51-4062
47-5032.00,"Explosives Workers, Ordnance Handling Experts, and Blasters",0.2616,0.2276,0.5496429969515668,-0.034,0.2077,0.6575758282801933,-0.0539,47-5032
51-9012.00,"Separating, Filtering, Clarifying, Precipitating, and Still Machine Setters, Operators, and Tenders",0.2612,0.1942,0.49629857457912513,-0.06699999999999998,0.1838,0.555984561269019,-0.0774,51-9012
49-9071.00,"Maintenance and Repair Workers, General",0.2586,0.2083,0.540774631229426,-0.050299999999999984,0.2083,0.540774631229426,-0.050299999999999984,49-9071
29-2056.00,Veterinary Technologists and Technicians,0.2569,0.2424,0.20922527248484665,-0.014500000000000013,0.2373,0.24313223426317146,-0.019600000000000006,29-2056
51-6091.00,"Extruding and Forming Machine Setters, Operators, and Tenders, Synthetic and Glass Fibers",0.2568,0.22,0.43239604928205083,-0.03679999999999997,0.1654,0.7174372014859274,-0.09139999999999998,51-6091
47-2152.00,"Plumbers, Pipefitters, and Steamfitters",0.2561,0.227,0.5034588890303274,-0.029099999999999987,0.2235,0.5210413332136903,-0.03259999999999999,47-2152
51-9193.00,Cooling and Freezing Equipment Operators and Tenders,0.2555,0.1636,0.6920868749450357,-0.09190000000000001,0.1561,0.7421415037268503,-0.09940000000000002,51-9193
51-3021.00,Butchers and Meat Cutters,0.2554,0.2164,0.6188468641306649,-0.03900000000000001,0.2164,0.6188468641306649,-0.03900000000000001,51-3021
51-4034.00,"Lathe and Turning Machine Tool Setters, Operators, and Tenders, Metal and Plastic",0.254,0.2228,0.4177786581592737,-0.031200000000000006,0.1906,0.6074562053114262,-0.06340000000000001,51-4034
47-5022.00,"Excavating and Loading Machine and Dragline Operators, Surface Mining",0.2526,0.2394,0.23074001553604587,-0.01319999999999999,0.2138,0.4876255683598017,-0.0388,47-5022
27-2042.00,Musicians and Singers,0.2507,0.2507,0.12910203764521064,0.0,0.2507,0.12910203764521064,0.0,27-2042
31-9097.00,Phlebotomists,0.2486,0.2032,0.5670506635761514,-0.045399999999999996,0.2032,0.5670506635761514,-0.045399999999999996,31-9097
47-2073.00,Operating Engineers and Other Construction Equipment Operators,0.2485,0.2209,0.34324686577566477,-0.027599999999999986,0.187,0.6484634391664502,-0.0615,47-2073
51-4051.00,Metal-Refining Furnace Operators and Tenders,0.2467,0.1574,0.6006267049632985,-0.08929999999999999,0.1535,0.6790641887799325,-0.0932,51-4051
45-4011.00,Forest and Conservation Workers,0.2461,0.1868,0.5946322489236481,-0.05930000000000002,0.1828,0.6339041352681679,-0.06330000000000002,45-4011
49-9081.00,Wind Turbine Service Technicians,0.2453,0.2433,0.1395404703606571,-0.0020000000000000018,0.2433,0.1395404703606571,-0.0020000000000000018,49-9081
51-9023.00,"Mixing and Blending Machine Setters, Operators, and Tenders",0.2452,0.212,0.434961743044521,-0.03320000000000001,0.1757,0.6423604427847859,-0.0695,51-9023
51-9192.00,"Cleaning, Washing, and Metal Pickling Equipment Operators and Tenders",0.245,0.1795,0.6186604700898378,-0.0655,0.1667,0.7034320351365406,-0.07830000000000001,51-9192
47-2211.00,Sheet Metal Workers,0.2441,0.2098,0.5925495213713142,-0.034300000000000025,0.2098,0.5925495213713142,-0.034300000000000025,47-2211
51-4022.00,"Forging Machine Setters, Operators, and Tenders, Metal and Plastic",0.2441,0.2147,0.36399958145534683,-0.02940000000000001,0.1685,0.6652397593696944,-0.0756,51-4022
49-2096.00,"Electronic Equipment Installers and Repairers, Motor Vehicles",0.2439,0.2132,0.5762633706825394,-0.030700000000000005,0.2132,0.5762633706825394,-0.030700000000000005,49-2096
51-6064.00,"Textile Winding, Twisting, and Drawing Out Machine Setters, Operators, and Tenders",0.2436,0.2182,0.26644545990824686,-0.025400000000000006,0.2044,0.5435585624973317,-0.03920000000000001,51-6064
49-3053.00,Outdoor Power Equipment and Other Small Engine Mechanics,0.2431,0.2071,0.42913464348684893,-0.036000000000000004,0.2071,0.42913464348684893,-0.036000000000000004,49-3053
49-3041.00,Farm Equipment Mechanics and Service Technicians,0.2422,0.1808,0.5505794813651613,-0.06140000000000001,0.1808,0.5505794813651613,-0.06140000000000001,49-3041
51-5113.00,Print Binding and Finishing Workers,0.2419,0.2139,0.4960000832838719,-0.027999999999999997,0.1817,0.7105550019566245,-0.060200000000000004,51-5113
51-9195.04,"Glass Blowers, Molders, Benders, and Finishers",0.2412,0.2058,0.5571957430335894,-0.03539999999999999,0.2019,0.6084063963430021,-0.0393,51-9195
49-9097.00,Signal and Track Switch Repairers,0.2412,0.216,0.1589360942235409,-0.0252,0.2011,0.2582309159351156,-0.0401,49-9097
29-1071.01,Anesthesiologist Assistants,0.2396,0.2268,0.10238352792302602,-0.012800000000000006,0.2268,0.10238352792302602,-0.012800000000000006,29-1071
45-4022.00,Logging Equipment Operators,0.2388,0.2317,0.09545984877448473,-0.007100000000000023,0.1829,0.582892527527363,-0.055900000000000005,45-4022
49-3042.00,"Mobile Heavy Equipment Mechanics, Except Engines",0.2388,0.2079,0.4433221005723291,-0.03090000000000001,0.1965,0.5005372290091982,-0.042300000000000004,49-3042
53-7062.00,"Laborers and Freight, Stock, and Material Movers, Hand",0.2386,0.2175,0.42202482090609367,-0.021100000000000008,0.2132,0.5076007538904352,-0.025400000000000006,53-7062
51-4192.00,"Layout Workers, Metal and Plastic",0.2383,0.1796,0.6369124297497852,-0.0587,0.1754,0.7213145838296048,-0.06290000000000001,51-4192
49-2092.00,"Electric Motor, Power Tool, and Related Repairers",0.231,0.1935,0.5238985816577539,-0.037500000000000006,0.179,0.572195211621538,-0.05200000000000002,49-2092
27-2031.00,Dancers,0.2306,0.2273,0.32683706742122404,-0.0032999999999999974,0.2273,0.32683706742122404,-0.0032999999999999974,27-2031
51-9194.00,Etchers and Engravers,0.2304,0.1952,0.5744349057671807,-0.03519999999999998,0.1905,0.6060123542009315,-0.03989999999999999,51-9194
51-4033.00,"Grinding, Lapping, Polishing, and Buffing Machine Tool Setters, Operators, and Tenders, Metal and Plastic",0.2302,0.2014,0.39147975616701314,-0.028799999999999992,0.1921,0.5778748334105881,-0.038099999999999995,51-4033
49-3023.00,Automotive Service Technicians and Mechanics,0.2296,0.1949,0.404174245826509,-0.03470000000000001,0.1885,0.4468574199272568,-0.0411,49-3023
49-9092.00,Commercial Divers,0.2295,0.2107,0.3294616033349371,-0.01880000000000001,0.202,0.40962071826427315,-0.027499999999999997,49-9092
35-2014.00,"Cooks, Restaurant",0.2288,0.1856,0.6464043336154528,-0.043200000000000016,0.1856,0.6464043336154528,-0.043200000000000016,35-2014
49-9012.00,"Control and Valve Installers and Repairers, Except Mechanical Door",0.2287,0.1685,0.5720560191232305,-0.060199999999999976,0.1685,0.5720560191232305,-0.060199999999999976,49-9012
49-2021.00,"Radio, Cellular, and Tower Equipment Installers and Repairers",0.2282,0.1825,0.516655249056418,-0.04569999999999999,0.1816,0.5352293225809336,-0.046599999999999975,49-2021
51-9032.00,"Cutting and Slicing Machine Setters, Operators, and Tenders",0.2257,0.1626,0.5185078416918207,-0.06310000000000002,0.1413,0.773741795103091,-0.0844,51-9032
49-3092.00,Recreational Vehicle Service Technicians,0.2241,0.1967,0.3680859508799593,-0.02739999999999998,0.1967,0.3680859508799593,-0.02739999999999998,49-3092
49-3051.00,Motorboat Mechanics and Service Technicians,0.2236,0.1867,0.37533077190133013,-0.03689999999999999,0.1867,0.37533077190133013,-0.03689999999999999,49-3051
51-9022.00,"Grinding and Polishing Workers, Hand",0.222,0.2003,0.4341282103172871,-0.021699999999999997,0.1967,0.5047300786489464,-0.02529999999999999,51-9022
49-9011.00,Mechanical Door Repairers,0.2216,0.1818,0.6885351404144475,-0.0398,0.1818,0.6885351404144475,-0.0398,49-9011
51-9123.00,"Painting, Coating, and Decorating Workers",0.2209,0.1467,0.734893399493064,-0.07420000000000002,0.114,0.8799683008941656,-0.10690000000000001,51-9123
53-7073.00,Wellhead Pumpers,0.2208,0.2061,0.25281689601398005,-0.01469999999999999,0.1603,0.4819304018686809,-0.0605,53-7073
45-2041.00,"Graders and Sorters, Agricultural Products",0.219,0.1917,0.4406424629496491,-0.02729999999999999,0.1917,0.4406424629496491,-0.02729999999999999,45-2041
47-5012.00,"Rotary Drill Operators, Oil and Gas",0.2188,0.1704,0.38747526231448753,-0.0484,0.1448,0.6422767616725497,-0.07399999999999998,47-5012
29-2055.00,Surgical Technologists,0.2182,0.184,0.272108565855521,-0.03420000000000001,0.184,0.272108565855521,-0.03420000000000001,29-2055
53-5011.00,Sailors and Marine Oilers,0.218,0.1895,0.4158506734554675,-0.028499999999999998,0.1735,0.49111983419166044,-0.04450000000000001,53-5011
47-2031.00,Carpenters,0.2168,0.1728,0.7194116875194886,-0.043999999999999984,0.1728,0.7194116875194886,-0.043999999999999984,47-2031
51-7031.00,"Model Makers, Wood",0.2148,0.1824,0.567737377093746,-0.032399999999999984,0.1824,0.567737377093746,-0.032399999999999984,51-7031
47-5041.00,Continuous Mining Machine Operators,0.2137,0.1956,0.296293754151243,-0.018100000000000005,0.1697,0.5711064214360004,-0.04400000000000001,47-5041
51-4194.00,"Tool Grinders, Filers, and Sharpeners",0.2114,0.117,0.6766129328085362,-0.0944,0.0904,0.8189025090798366,-0.12100000000000001,51-4194
45-4021.00,Fallers,0.211,0.1732,0.5633754067632437,-0.0378,0.1702,0.5932578462062613,-0.0408,45-4021
51-4072.00,"Molding, Coremaking, and Casting Machine Setters, Operators, and Tenders, Metal and Plastic",0.2093,0.1644,0.5678754351485094,-0.04490000000000002,0.1447,0.6773385146034114,-0.06460000000000002,51-4072
53-7031.00,Dredge Operators,0.2072,0.2072,0.0,0.0,0.0723,0.8685046337675605,-0.1349,53-7031
51-4193.00,"Plating Machine Setters, Operators, and Tenders, Metal and Plastic",0.2049,0.173,0.5005798666833022,-0.03190000000000001,0.1423,0.6607590873883744,-0.06259999999999999,51-4193
47-5044.00,"Loading and Moving Machine Operators, Underground Mining",0.2048,0.1839,0.3409515720364882,-0.020900000000000002,0.1425,0.641964234986241,-0.06230000000000002,47-5044
53-7064.00,"Packers and Packagers, Hand",0.2039,0.1714,0.570137217163099,-0.0325,0.1714,0.570137217163099,-0.0325,53-7064
51-7011.00,Cabinetmakers and Bench Carpenters,0.2037,0.1769,0.5362541607092689,-0.02679999999999999,0.1736,0.603664018049103,-0.030099999999999988,51-7011
51-4021.00,"Extruding and Drawing Machine Setters, Operators, and Tenders, Metal and Plastic",0.2031,0.1635,0.5183289108140782,-0.039599999999999996,0.1563,0.5804586326154608,-0.04680000000000001,51-4021
49-3091.00,Bicycle Repairers,0.2004,0.1592,0.6614907161403214,-0.04119999999999999,0.1592,0.6614907161403214,-0.04119999999999999,49-3091
51-6093.00,Upholsterers,0.2001,0.1694,0.5331495506923981,-0.030700000000000005,0.1694,0.5331495506923981,-0.030700000000000005,51-6093
51-7042.00,"Woodworking Machine Setters, Operators, and Tenders, Except Sawing",0.1995,0.1601,0.5135143066880422,-0.03940000000000002,0.1452,0.6629207986412956,-0.054300000000000015,51-7042
29-1024.00,Prosthodontists,0.1979,0.1707,0.2720481067832451,-0.027200000000000002,0.1707,0.2720481067832451,-0.027200000000000002,29-1024
51-9081.00,Dental Laboratory Technicians,0.1971,0.1532,0.6441269836618649,-0.043899999999999995,0.1532,0.6441269836618649,-0.043899999999999995,51-9081
47-2021.00,Brickmasons and Blockmasons,0.1967,0.1489,0.7619662213526681,-0.04780000000000001,0.1489,0.7619662213526681,-0.04780000000000001,47-2021
47-5011.00,"Derrick Operators, Oil and Gas",0.1958,0.1579,0.45466363977488033,-0.03789999999999999,0.1381,0.6505503648415681,-0.0577,47-5011
39-5092.00,Manicurists and Pedicurists,0.1958,0.1597,0.7224039095996495,-0.03609999999999999,0.1597,0.7224039095996495,-0.03609999999999999,39-5092
53-7063.00,Machine Feeders and Offbearers,0.1946,0.1707,0.47779301977441085,-0.023900000000000005,0.1487,0.6243422257108234,-0.045899999999999996,53-7063
29-1022.00,Oral and Maxillofacial Surgeons,0.1937,0.1937,0.0,0.0,0.1937,0.0,0.0,29-1022
37-2012.00,Maids and Housekeeping Cleaners,0.1931,0.1231,0.8033095546447695,-0.06999999999999999,0.1231,0.8033095546447695,-0.06999999999999999,37-2012
47-2171.00,Reinforcing Iron and Rebar Workers,0.1924,0.1503,0.8417832393364897,-0.0421,0.1503,0.8417832393364897,-0.0421,47-2171
51-4121.00,"Welders, Cutters, Solderers, and Brazers",0.1923,0.1391,0.6915330532618748,-0.0532,0.1365,0.7092056112638341,-0.05579999999999999,51-4121
51-6052.00,"Tailors, Dressmakers, and Custom Sewers",0.1906,0.1599,0.6155652147899485,-0.030700000000000005,0.1523,0.6657814331627093,-0.0383,51-6052
51-7021.00,Furniture Finishers,0.1902,0.1523,0.6736811694554726,-0.03790000000000002,0.1523,0.6736811694554726,-0.03790000000000002,51-7021
51-9083.00,Ophthalmic Laboratory Technicians,0.1892,0.1497,0.6503266773043666,-0.03950000000000001,0.1466,0.671232491197221,-0.0426,51-9083
51-2023.00,Electromechanical Equipment Assemblers,0.1882,0.1597,0.5424324696975776,-0.028499999999999998,0.1504,0.6275142500382848,-0.0378,51-2023
47-5081.00,Helpers--Extraction Workers,0.1876,0.1578,0.5216087510280253,-0.029799999999999993,0.138,0.6785777036000893,-0.04959999999999998,47-5081
49-9095.00,Manufactured Building and Mobile Home Installers,0.1869,0.1401,0.6665343388083277,-0.04680000000000001,0.1401,0.6665343388083277,-0.04680000000000001,49-9095
51-2061.00,Timing Device Assemblers and Adjusters,0.1866,0.164,0.4193736868595067,-0.02259999999999998,0.164,0.4193736868595067,-0.02259999999999998,51-2061
51-9195.03,"Stone Cutters and Carvers, Manufacturing",0.1854,0.1509,0.6913996940022687,-0.0345,0.1509,0.6913996940022687,-0.0345,51-9195
47-2044.00,Tile and Stone Setters,0.1851,0.1268,0.8343129348258546,-0.05829999999999999,0.1268,0.8343129348258546,-0.05829999999999999,47-2044
53-3011.00,"Ambulance Drivers and Attendants, Except Emergency Medical Technicians",0.1851,0.1702,0.2987165985098311,-0.014899999999999997,0.1535,0.4100157627551057,-0.03159999999999999,53-3011
51-6042.00,Shoe Machine Operators and Tenders,0.1842,0.1257,0.7881745765613081,-0.058499999999999996,0.1257,0.7881745765613081,-0.058499999999999996,51-6042
39-4011.00,Embalmers,0.1838,0.1469,0.7501370126041671,-0.03689999999999999,0.1469,0.7501370126041671,-0.03689999999999999,39-4011
53-7041.00,Hoist and Winch Operators,0.1829,0.1476,0.27726650866001445,-0.0353,0.1275,0.6778945992163404,-0.055400000000000005,53-7041
51-7041.00,"Sawing Machine Setters, Operators, and Tenders, Wood",0.1815,0.1358,0.526477827945934,-0.04569999999999999,0.1341,0.5617224813211361,-0.0474,51-7041
47-2141.00,"Painters, Construction and Maintenance",0.1813,0.1372,0.8354299449757779,-0.0441,0.1372,0.8354299449757779,-0.0441,47-2141
49-3031.00,Bus and Truck Mechanics and Diesel Engine Specialists,0.1804,0.149,0.36796644104660575,-0.03140000000000001,0.1402,0.45721268126562575,-0.040200000000000014,49-3031
29-9093.00,Surgical Assistants,0.1798,0.1698,0.13781593719638147,-0.009999999999999981,0.1575,0.2267512883462153,-0.022299999999999986,29-9093
49-3043.00,Rail Car Repairers,0.1797,0.1471,0.4813058396240699,-0.03259999999999999,0.1471,0.4813058396240699,-0.03259999999999999,49-3043
47-2041.00,Carpet Installers,0.1796,0.1245,0.8339520335207693,-0.05510000000000001,0.1245,0.8339520335207693,-0.05510000000000001,47-2041
35-2015.00,"Cooks, Short Order",0.1775,0.0665,0.8838584972304624,-0.11099999999999999,0.0665,0.8838584972304624,-0.11099999999999999,35-2015
51-4032.00,"Drilling and Boring Machine Tool Setters, Operators, and Tenders, Metal and Plastic",0.176,0.1319,0.6211418828989766,-0.0441,0.1231,0.718867954395713,-0.05289999999999999,51-4032
51-9198.00,Helpers--Production Workers,0.1757,0.1457,0.49663651889557864,-0.03,0.1274,0.6624586849514529,-0.04829999999999998,51-9198
51-6011.00,Laundry and Dry-Cleaning Workers,0.1749,0.09,0.64519968282597,-0.0849,0.0851,0.6774583785584944,-0.0898,51-6011
51-9195.05,"Potters, Manufacturing",0.174,0.126,0.5998423900035935,-0.04799999999999999,0.1085,0.7163645321777187,-0.06549999999999999,51-9195
49-9096.00,Riggers,0.1733,0.1397,0.6710378077574759,-0.03360000000000002,0.1358,0.7493551369410785,-0.037500000000000006,49-9096
27-2021.00,Athletes and Sports Competitors,0.1719,0.1719,0.5642823150655777,0.0,0.1719,0.5642823150655777,0.0,27-2021
47-2011.00,Boilermakers,0.1714,0.1374,0.6036385552113648,-0.034,0.1329,0.6487196613525069,-0.038500000000000006,47-2011
51-4031.00,"Cutting, Punching, and Press Machine Setters, Operators, and Tenders, Metal and Plastic",0.1711,0.133,0.5010151572959808,-0.038099999999999995,0.0943,0.7158788633708953,-0.07680000000000001,51-4031
51-2031.00,Engine and Other Machine Assemblers,0.1708,0.1454,0.5078027143238133,-0.025400000000000006,0.14,0.561275428816169,-0.030799999999999994,51-2031
35-2011.00,"Cooks, Fast Food",0.1696,0.1303,0.7443875555555123,-0.0393,0.1303,0.7443875555555123,-0.0393,35-2011
49-9052.00,Telecommunications Line Installers and Repairers,0.1694,0.1265,0.7184602812376516,-0.042899999999999994,0.117,0.7815349308725974,-0.05239999999999999,49-9052
47-2152.04,Solar Thermal Installers and Technicians,0.1693,0.1293,0.7031518062780991,-0.04000000000000001,0.1293,0.7031518062780991,-0.04000000000000001,47-2152
51-9196.00,"Paper Goods Machine Setters, Operators, and Tenders",0.1686,0.097,0.7718539714551307,-0.0716,0.097,0.7718539714551307,-0.0716,51-9196
51-9111.00,Packaging and Filling Machine Operators and Tenders,0.1685,0.1313,0.6360015523220411,-0.03720000000000001,0.1313,0.6360015523220411,-0.03720000000000001,51-9111
51-9082.00,Medical Appliance Technicians,0.1654,0.1236,0.5739325973928394,-0.04179999999999999,0.1236,0.5739325973928394,-0.04179999999999999,51-9082
37-3013.00,Tree Trimmers and Pruners,0.164,0.1306,0.6240280591611468,-0.03340000000000001,0.1087,0.827349674525742,-0.0553,37-3013
51-6031.00,Sewing Machine Operators,0.1621,0.1242,0.7437083063406958,-0.03789999999999999,0.1242,0.7437083063406958,-0.03789999999999999,51-6031
51-6051.00,"Sewers, Hand",0.1619,0.0874,0.8655443076715944,-0.07449999999999998,0.0874,0.8655443076715944,-0.07449999999999998,51-6051
53-6032.00,Aircraft Service Attendants,0.1611,0.1347,0.5,-0.026400000000000007,0.1264,0.5555555555555556,-0.03469999999999998,53-6032
45-2093.00,"Farmworkers, Farm, Ranch, and Aquacultural Animals",0.1602,0.1489,0.17552584471427998,-0.011300000000000004,0.1397,0.268293139818936,-0.020500000000000018,45-2093
37-2011.00,"Janitors and Cleaners, Except Maids and Housekeeping Cleaners",0.1601,0.1133,0.7499818683829986,-0.046799999999999994,0.1091,0.7783540729017938,-0.05099999999999999,37-2011
51-9195.00,"Molders, Shapers, and Casters, Except Metal and Plastic",0.1593,0.1021,0.8271005962988145,-0.0572,0.1021,0.8271005962988145,-0.0572,51-9195
45-3031.00,Fishing and Hunting Workers,0.1589,0.1414,0.5434001016487552,-0.017500000000000016,0.1149,0.7203192140349439,-0.04400000000000001,45-3031
49-9098.00,"Helpers--Installation, Maintenance, and Repair Workers",0.1553,0.1129,0.7309494934121962,-0.04239999999999999,0.1129,0.7309494934121962,-0.04239999999999999,49-9098
37-3012.00,"Pesticide Handlers, Sprayers, and Applicators, Vegetation",0.1548,0.1071,0.6334653669811313,-0.04769999999999999,0.0852,0.8528507396362428,-0.0696,37-3012
47-2121.00,Glaziers,0.1533,0.1091,0.7718348423249737,-0.04419999999999999,0.1073,0.8079936780079011,-0.045999999999999985,47-2121
47-2061.00,Construction Laborers,0.1496,0.0955,0.7373633959295716,-0.05410000000000001,0.0767,0.849257099888713,-0.0729,47-2061
49-3021.00,Automotive Body and Related Repairers,0.1493,0.1001,0.7954878134796507,-0.049199999999999994,0.1001,0.7954878134796507,-0.049199999999999994,49-3021
51-2041.00,Structural Metal Fabricators and Fitters,0.1493,0.099,0.6705857689550678,-0.050299999999999984,0.0907,0.8366797620019512,-0.058599999999999985,51-2041
53-7061.00,Cleaners of Vehicles and Equipment,0.1476,0.1157,0.5834319231345451,-0.03190000000000001,0.0793,0.791396904880989,-0.06830000000000001,53-7061
35-9011.00,Dining Room and Cafeteria Attendants and Bartender Helpers,0.1456,0.0938,0.8419285717916104,-0.05180000000000001,0.0938,0.8419285717916104,-0.05180000000000001,35-9011
35-2021.00,Food Preparation Workers,0.1437,0.1025,0.7942646894584721,-0.0412,0.1025,0.7942646894584721,-0.0412,35-2021
51-2011.00,"Aircraft Structure, Surfaces, Rigging, and Systems Assemblers",0.1427,0.0998,0.7001236964888614,-0.042899999999999994,0.0966,0.7322034346819177,-0.04609999999999999,51-2011
49-9051.00,Electrical Power-Line Installers and Repairers,0.1426,0.1054,0.6656779363286639,-0.03720000000000001,0.0907,0.7641495310202107,-0.0519,49-9051
51-6041.00,Shoe and Leather Workers and Repairers,0.1425,0.0791,0.8467414666678063,-0.06339999999999998,0.0791,0.8467414666678063,-0.06339999999999998,51-6041
47-4031.00,Fence Erectors,0.1423,0.0752,0.88565592301302,-0.0671,0.0737,0.9005649306495725,-0.06860000000000001,47-4031
51-9031.00,"Cutters and Trimmers, Hand",0.1422,0.1032,0.5784972680678683,-0.03899999999999999,0.1003,0.6379864302081814,-0.04189999999999999,51-9031
49-3052.00,Motorcycle Mechanics,0.1408,0.0814,0.6706177981066795,-0.05940000000000001,0.0814,0.6706177981066795,-0.05940000000000001,49-3052
51-9124.00,"Coating, Painting, and Spraying Machine Setters, Operators, and Tenders",0.1398,0.0952,0.6867492672228909,-0.0446,0.0675,0.8318383767342472,-0.0723,51-9124
45-2091.00,Agricultural Equipment Operators,0.1367,0.1111,0.4174952600528407,-0.025599999999999984,0.0744,0.7712339463184462,-0.062299999999999994,45-2091
47-4091.00,Segmental Pavers,0.1351,0.0577,0.9278335034827658,-0.0774,0.0577,0.9278335034827658,-0.0774,47-4091
37-3011.00,Landscaping and Groundskeeping Workers,0.1341,0.0924,0.710425195702711,-0.0417,0.0746,0.8583277241289744,-0.0595,37-3011
51-6021.00,"Pressers, Textile, Garment, and Related Materials",0.1334,0.0933,0.5366414661330686,-0.0401,0.0336,0.9341913129485375,-0.0998,51-6021
53-7062.04,Recycling and Reclamation Workers,0.1325,0.113,0.36188377963030965,-0.019500000000000003,0.0777,0.7009905278560206,-0.0548,53-7062
47-2221.00,Structural Iron and Steel Workers,0.1299,0.0932,0.7335204350813973,-0.03669999999999998,0.0832,0.8666545812834342,-0.04669999999999999,47-2221
49-9063.00,Musical Instrument Repairers and Tuners,0.1247,0.0415,0.856511158799828,-0.0832,0.0397,0.8685242790484772,-0.085,49-9063
47-4041.00,Hazardous Materials Removal Workers,0.1243,0.0847,0.7743731653425219,-0.039599999999999996,0.0756,0.8573343859257072,-0.04869999999999999,47-4041
49-9044.00,Millwrights,0.1242,0.0665,0.8002136374516349,-0.0577,0.0599,0.8441916227888533,-0.0643,49-9044
47-2131.00,"Insulation Workers, Floor, Ceiling, and Wall",0.1229,0.0682,0.9147449723124678,-0.0547,0.0682,0.9147449723124678,-0.0547,47-2131
31-1132.00,Orderlies,0.1221,0.0911,0.620703788005648,-0.031,0.0911,0.620703788005648,-0.031,31-1132
47-2081.00,Drywall and Ceiling Tile Installers,0.1215,0.0704,0.8685099969537401,-0.05109999999999999,0.0704,0.8685099969537401,-0.05109999999999999,47-2081
51-2051.00,Fiberglass Laminators and Fabricators,0.1202,0.0764,0.7557523116341273,-0.043800000000000006,0.0764,0.7557523116341273,-0.043800000000000006,51-2051
47-2151.00,Pipelayers,0.1199,0.0624,0.7678366585091952,-0.05750000000000001,0.0552,0.8260196573262771,-0.06470000000000001,47-2151
47-2042.00,"Floor Layers, Except Carpet, Wood, and Hard Tiles",0.1177,0.0695,0.8495429103625612,-0.04819999999999999,0.0695,0.8495429103625612,-0.04819999999999999,47-2042
47-2142.00,Paperhangers,0.1171,0.0691,0.865083495786509,-0.048,0.0691,0.865083495786509,-0.048,47-2142
49-9094.00,Locksmiths and Safe Repairers,0.1163,0.0778,0.7713059905337408,-0.038500000000000006,0.0778,0.7713059905337408,-0.038500000000000006,49-9094
47-5051.00,"Rock Splitters, Quarry",0.1146,0.086,0.38404292692625325,-0.0286,0.0366,0.877903736024966,-0.07799999999999999,47-5051
47-2071.00,"Paving, Surfacing, and Tamping Equipment Operators",0.1146,0.0762,0.5465044393992688,-0.03839999999999999,0.0398,0.8838035228670569,-0.07479999999999999,47-2071
47-2082.00,Tapers,0.1114,0.067,0.8850745626284482,-0.044399999999999995,0.067,0.8850745626284482,-0.044399999999999995,47-2082
51-4052.00,"Pourers and Casters, Metal",0.1105,0.0211,0.8774387057924411,-0.08940000000000001,0.0211,0.8774387057924411,-0.08940000000000001,51-4052
47-2072.00,Pile Driver Operators,0.1104,0.0805,0.3988239971121181,-0.029899999999999996,0.0506,0.7977432856426782,-0.0598,47-2072
29-2012.01,Histology Technicians,0.1099,0.0313,0.785519683966762,-0.0786,0.0116,0.8842119602234028,-0.0983,29-2012
47-5043.00,"Roof Bolters, Mining",0.1094,0.0779,0.6300767979644375,-0.0315,0.0633,0.7764598649432477,-0.0461,47-5043
47-2161.00,Plasterers and Stucco Masons,0.1086,0.0588,0.9189217610130556,-0.049800000000000004,0.0588,0.9189217610130556,-0.049800000000000004,47-2161
49-3093.00,Tire Repairers and Changers,0.1079,0.0863,0.4312403760369335,-0.021599999999999994,0.0807,0.5049360940947606,-0.027200000000000002,49-3093
49-3022.00,Automotive Glass Installers and Repairers,0.1077,0.0801,0.5188905165802247,-0.0276,0.0801,0.5188905165802247,-0.0276,49-3022
47-2051.00,Cement Masons and Concrete Finishers,0.1059,0.0584,0.8471553084785459,-0.047499999999999994,0.0584,0.8471553084785459,-0.047499999999999994,47-2051
47-3011.00,"Helpers--Brickmasons, Blockmasons, Stonemasons, and Tile and Marble Setters",0.1058,0.062,0.7952899453947554,-0.043800000000000006,0.059,0.856403635272743,-0.04680000000000001,47-3011
47-3013.00,Helpers--Electricians,0.1034,0.062,0.7213218538616939,-0.041400000000000006,0.0571,0.7699635776787803,-0.04630000000000001,47-3013
47-4051.00,Highway Maintenance Workers,0.0971,0.038,0.7217868724576622,-0.05910000000000001,0.0158,0.9059137853577447,-0.08130000000000001,47-4051
47-4061.00,Rail-Track Laying and Maintenance Equipment Operators,0.097,0.0757,0.4047400077717472,-0.0213,0.0436,0.7484435029861599,-0.0534,47-4061
47-2053.00,Terrazzo Workers and Finishers,0.0946,0.0388,0.9482925119934386,-0.0558,0.0388,0.9482925119934386,-0.0558,47-2053
47-3015.00,"Helpers--Pipelayers, Plumbers, Pipefitters, and Steamfitters",0.0925,0.0075,0.9247915939302918,-0.08499999999999999,0.0075,0.9247915939302918,-0.08499999999999999,47-3015
53-7051.00,Industrial Truck and Tractor Operators,0.0924,0.0539,0.539535823430213,-0.03849999999999999,0.0145,0.903637560989291,-0.0779,53-7051
51-3022.00,"Meat, Poultry, and Fish Cutters and Trimmers",0.0883,0.026,0.8263344478482917,-0.06230000000000001,0.026,0.8263344478482917,-0.06230000000000001,51-3022
47-2043.00,Floor Sanders and Finishers,0.0872,0.0446,0.8513047774983706,-0.0426,0.0446,0.8513047774983706,-0.0426,47-2043
47-3016.00,Helpers--Roofers,0.0841,0.0417,0.8072508675230554,-0.04239999999999999,0.0417,0.8072508675230554,-0.04239999999999999,47-3016
47-2181.00,Roofers,0.0827,0.0371,0.913204827547241,-0.045599999999999995,0.0371,0.913204827547241,-0.045599999999999995,47-2181
47-3012.00,Helpers--Carpenters,0.0824,0.0,1.0,-0.0824,0.0,1.0,-0.0824,47-3012
51-9197.00,Tire Builders,0.0741,0.0301,0.8795980360747657,-0.044,0.0301,0.8795980360747657,-0.044,51-9197
47-5071.00,"Roustabouts, Oil and Gas",0.0671,0.03,0.729744201015895,-0.03710000000000001,0.0258,0.8142511934944089,-0.0413,47-5071
49-9045.00,"Refractory Materials Repairers, Except Brickmasons",0.0656,0.0184,0.7323255804605633,-0.047200000000000006,0.0184,0.7323255804605633,-0.047200000000000006,49-9045
51-4071.00,Foundry Mold and Coremakers,0.0611,0.019,0.8419364240626157,-0.0421,0.0,1.0,-0.0611,51-4071
47-3014.00,"Helpers--Painters, Paperhangers, Plasterers, and Stucco Masons",0.0523,0.0,1.0,-0.0523,0.0,1.0,-0.0523,47-3014
47-2022.00,Stonemasons,0.0512,0.0024,0.9519614986043111,-0.0488,0.0,1.0,-0.0512,47-2022
35-9021.00,Dishwashers,0.05,0.0,1.0,-0.05,0.0,1.0,-0.05,35-9021
51-3023.00,Slaughterers and Meat Packers,0.05,0.0,1.0,-0.05,0.0,1.0,-0.05,51-3023
