O*NET-SOC Code,Title,exposure,n_tasks,share_high,share_low,wshare_ANLY,wshare_CARE,wshare_CRTV,wshare_INFO,wshare_MACH,wshare_MGMT,wshare_PHYS,wshare_SOCL,wshare_TECH,exposure_pctile
31-9094.00,Medical Transcriptionists,0.8893,15,0.9588,0.0,0.0,0.0412,0.0,0.9588,0.0,0.0,0.0,0.0,0.0,1.0
23-2093.00,"Title Examiners, Abstractors, and Searchers",0.8437,16,0.8843,0.0,0.0706,0.0,0.0,0.7566,0.0,0.0489,0.0,0.0668,0.0572,0.999
13-2041.00,Credit Analysts,0.8432,11,0.9119,0.0,0.612,0.0,0.0,0.2712,0.0,0.0501,0.0,0.0666,0.0,0.998
43-3031.00,"Bookkeeping, Accounting, and Auditing Clerks",0.8418,28,0.9036,0.0,0.4774,0.0,0.0,0.3433,0.0541,0.0,0.0,0.0,0.1251,0.997
13-2082.00,Tax Preparers,0.8359,12,0.911,0.0,0.5069,0.0,0.0818,0.1513,0.0,0.0,0.0,0.26,0.0,0.996
27-3042.00,Technical Writers,0.8357,15,0.8828,0.0,0.0,0.0,0.195,0.6281,0.0,0.1216,0.0,0.0552,0.0,0.995
15-2051.01,Business Intelligence Analysts,0.8313,17,0.8674,0.0,0.3243,0.0,0.0,0.2288,0.0,0.0,0.0,0.194,0.2529,0.993
15-1243.01,Data Warehousing Specialists,0.828,18,1.0,0.0,0.1176,0.0,0.119,0.0472,0.0,0.0505,0.0,0.0,0.6657,0.992
43-9111.00,Statistical Assistants,0.8271,14,0.7967,0.0508,0.2312,0.0,0.0,0.3386,0.0,0.0,0.0508,0.1525,0.227,0.991
13-2054.00,Financial Risk Specialists,0.8225,30,0.9333,0.0,0.4667,0.0,0.1,0.1667,0.0,0.0333,0.0,0.1667,0.0667,0.99
43-3071.00,Tellers,0.8204,28,0.9121,0.0,0.5225,0.0,0.0,0.2829,0.0,0.0,0.0,0.1446,0.05,0.989
43-3051.00,Payroll and Timekeeping Clerks,0.8178,21,0.8504,0.0551,0.1737,0.0,0.0,0.6766,0.0,0.0161,0.0551,0.0785,0.0,0.988
29-2072.00,Medical Records Specialists,0.8147,17,0.8824,0.0588,0.0588,0.0,0.0,0.7647,0.0,0.0588,0.0588,0.0,0.0588,0.987
15-1254.00,Web Developers,0.8061,29,0.8598,0.0,0.0636,0.0,0.026,0.1386,0.0,0.0941,0.0,0.1072,0.5705,0.986
15-1242.00,Database Administrators,0.8044,18,0.882,0.0,0.2356,0.0,0.0,0.083,0.0,0.0621,0.0,0.1185,0.5007,0.985
43-9031.00,Desktop Publishers,0.8041,18,0.7527,0.0745,0.1251,0.0,0.0,0.1308,0.0,0.0,0.0745,0.0497,0.62,0.984
15-2051.00,Data Scientists,0.8031,16,0.875,0.0,0.5625,0.0,0.0625,0.0625,0.0,0.0,0.0,0.125,0.1875,0.983
13-1081.01,Logistics Engineers,0.802,30,0.9344,0.0,0.6678,0.0,0.1316,0.0361,0.0,0.0333,0.0,0.0613,0.0698,0.982
13-2099.01,Financial Quantitative Analysts,0.8008,21,0.8453,0.0,0.4354,0.0,0.0,0.0579,0.0,0.0,0.0,0.2173,0.2893,0.98
15-1299.03,Document Management Specialists,0.8003,23,0.9538,0.0,0.1271,0.0,0.0,0.347,0.0,0.0462,0.0,0.0876,0.3921,0.979
13-2031.00,Budget Analysts,0.7973,13,0.8777,0.045,0.5485,0.0,0.0,0.1616,0.0,0.0716,0.0,0.2183,0.0,0.978
15-2021.00,Mathematicians,0.7953,12,0.903,0.0,0.5385,0.0,0.0,0.1858,0.0,0.0,0.0,0.1976,0.0782,0.977
15-1299.02,Geographic Information Systems Technologists and Technicians,0.7945,29,0.8722,0.0,0.2043,0.0,0.1896,0.0449,0.0,0.0643,0.0,0.1987,0.2982,0.976
15-1253.00,Software Quality Assurance Analysts and Testers,0.7927,30,0.8705,0.0,0.1225,0.0,0.0,0.1495,0.0,0.0973,0.0,0.1611,0.4696,0.975
43-9041.00,Insurance Claims and Policy Processing Clerks,0.7918,25,0.7499,0.0531,0.2972,0.0,0.0,0.3131,0.0,0.0,0.0531,0.2174,0.1191,0.974
15-1255.00,Web and Digital Interface Designers,0.7903,30,0.7333,0.0,0.0333,0.0,0.1333,0.1333,0.0,0.1,0.0,0.1333,0.4667,0.973
43-4131.00,Loan Interviewers and Clerks,0.7899,18,0.6878,0.0,0.2381,0.0,0.0,0.4888,0.0,0.0,0.0,0.2731,0.0,0.972
13-1081.02,Logistics Analysts,0.7896,31,0.8414,0.0,0.3588,0.0,0.0,0.4628,0.0,0.0475,0.0,0.0853,0.0456,0.971
15-1243.00,Database Architects,0.7886,25,0.8469,0.0,0.1906,0.0,0.0,0.0914,0.0,0.0421,0.0,0.1034,0.5725,0.97
13-2011.00,Accountants and Auditors,0.7877,29,0.7575,0.0,0.6106,0.0,0.0,0.1483,0.0,0.0675,0.0,0.14,0.0336,0.969
23-2011.00,Paralegals and Legal Assistants,0.7867,12,0.7466,0.0494,0.1413,0.0,0.0,0.6354,0.0,0.0684,0.0,0.1549,0.0,0.967
27-3043.05,"Poets, Lyricists and Creative Writers",0.7854,16,0.7037,0.0424,0.0,0.0,0.5613,0.2541,0.0,0.0,0.0,0.1846,0.0,0.966
13-1199.04,Business Continuity Planners,0.7851,21,0.8893,0.0,0.3322,0.0,0.3246,0.2427,0.0,0.0,0.0,0.052,0.0486,0.965
41-9041.00,Telemarketers,0.7839,12,0.6342,0.0,0.064,0.0,0.0721,0.3826,0.0,0.0,0.0,0.4812,0.0,0.964
15-2041.00,Statisticians,0.7826,19,0.8581,0.0,0.5124,0.0,0.1719,0.0417,0.0,0.0346,0.0,0.1072,0.1322,0.963
27-3043.00,Writers and Authors,0.7802,20,0.7603,0.0412,0.0,0.0,0.4947,0.2728,0.0,0.0,0.0,0.2326,0.0,0.962
27-3092.00,Court Reporters and Simultaneous Captioners,0.7802,14,0.7764,0.0,0.1606,0.0,0.0,0.4698,0.0,0.0,0.0638,0.2474,0.0584,0.961
27-3091.00,Interpreters and Translators,0.7771,17,0.8354,0.0927,0.1238,0.0,0.0,0.283,0.0,0.0,0.0927,0.5006,0.0,0.96
43-5011.01,Freight Forwarders,0.7761,31,0.807,0.0,0.352,0.0,0.0,0.3404,0.0,0.0695,0.0,0.238,0.0,0.959
43-9081.00,Proofreaders and Copy Markers,0.7756,11,0.8144,0.0,0.5477,0.0,0.0,0.1949,0.0,0.0928,0.0,0.1646,0.0,0.958
13-1199.06,Online Merchants,0.7753,34,0.8706,0.0283,0.1606,0.0,0.277,0.3846,0.0,0.0,0.0283,0.1279,0.0216,0.957
41-2012.00,Gambling Change Persons and Booth Cashiers,0.7745,13,0.7949,0.0486,0.2943,0.0,0.0,0.5007,0.0,0.0,0.1445,0.0606,0.0,0.956
13-2023.00,Appraisers and Assessors of Real Estate,0.7734,28,0.9704,0.0296,0.6307,0.0,0.0772,0.2138,0.0,0.0,0.0,0.0667,0.0115,0.954
15-2099.01,Bioinformatics Technicians,0.7726,19,0.7416,0.0,0.1818,0.0,0.0,0.1743,0.0,0.0,0.0,0.2187,0.4253,0.953
15-1299.01,Web Administrators,0.7712,35,0.8473,0.0169,0.165,0.0,0.0606,0.1177,0.0,0.1204,0.0442,0.1174,0.3747,0.952
15-2041.01,Biostatisticians,0.7703,25,0.7655,0.0,0.4047,0.0,0.1571,0.1116,0.0,0.0811,0.0,0.1678,0.0777,0.951
13-1161.00,Market Research Analysts and Marketing Specialists,0.7702,13,0.7825,0.0,0.4761,0.0,0.0598,0.1639,0.0,0.1469,0.0,0.1533,0.0,0.95
15-1231.00,Computer Network Support Specialists,0.77,26,0.9247,0.0417,0.0854,0.0,0.0,0.2737,0.0,0.0,0.0417,0.0748,0.5244,0.949
43-4021.00,Correspondence Clerks,0.7678,17,0.7873,0.1593,0.2142,0.0,0.0,0.516,0.0,0.0,0.1593,0.1104,0.0,0.948
13-2071.00,Credit Counselors,0.7677,23,0.8722,0.0,0.2162,0.0,0.1847,0.1137,0.0,0.0,0.0,0.4855,0.0,0.947
13-1041.07,Regulatory Affairs Specialists,0.7653,30,0.7439,0.0,0.3068,0.0,0.0,0.2906,0.0,0.2254,0.0,0.1772,0.0,0.946
15-1211.01,Health Informatics Specialists,0.7643,17,0.8134,0.0,0.2499,0.0,0.053,0.0558,0.0,0.0,0.0,0.2397,0.4016,0.945
41-3011.00,Advertising Sales Agents,0.7633,20,0.8542,0.0,0.2143,0.0,0.3374,0.2913,0.0,0.0,0.0,0.1571,0.0,0.944
19-2042.00,"Geoscientists, Except Hydrologists and Geographers",0.7627,32,0.7913,0.0,0.3989,0.0,0.1625,0.2865,0.0,0.0163,0.0,0.1127,0.0231,0.943
19-1029.01,Bioinformatics Scientists,0.7622,20,0.8069,0.0,0.0557,0.0,0.0,0.1432,0.0,0.0979,0.0,0.2381,0.4651,0.941
13-2072.00,Loan Officers,0.7614,30,0.7474,0.0,0.3149,0.0,0.0695,0.2021,0.0,0.1276,0.0,0.2858,0.0,0.94
13-1051.00,Cost Estimators,0.7607,14,0.7362,0.0,0.5424,0.0,0.0,0.1638,0.0,0.1384,0.0,0.08,0.0754,0.939
27-3041.00,Editors,0.7604,21,0.6628,0.0,0.0712,0.0,0.1923,0.3994,0.0,0.2505,0.0,0.0867,0.0,0.938
41-3041.00,Travel Agents,0.7588,8,0.7644,0.0,0.1323,0.0,0.0,0.6321,0.0,0.0,0.0,0.2356,0.0,0.937
13-1199.05,Sustainability Specialists,0.7584,14,0.7232,0.0,0.1573,0.0,0.2192,0.4727,0.0,0.0754,0.0,0.0754,0.0,0.936
15-1251.00,Computer Programmers,0.7575,17,0.7019,0.0,0.0,0.0,0.061,0.1246,0.0,0.2083,0.0,0.0899,0.5163,0.935
15-1211.00,Computer Systems Analysts,0.7556,22,0.8322,0.0,0.2481,0.0,0.0376,0.1152,0.0,0.0324,0.0,0.24,0.3267,0.934
15-2051.02,Clinical Data Managers,0.7556,21,0.732,0.0,0.3648,0.0,0.0,0.1409,0.0,0.0847,0.0,0.2257,0.1839,0.933
43-4041.00,"Credit Authorizers, Checkers, and Clerks",0.7552,16,0.7796,0.0594,0.2388,0.0,0.0,0.5408,0.0,0.0,0.0594,0.161,0.0,0.932
41-3091.00,"Sales Representatives of Services, Except Advertising, Insurance, Financial Services, and Travel",0.755,15,0.7333,0.0,0.2,0.0,0.0667,0.2667,0.0,0.0,0.0,0.4667,0.0,0.931
15-1212.00,Information Security Analysts,0.7538,11,0.729,0.0,0.0,0.0,0.0,0.1862,0.0,0.1793,0.0,0.0917,0.5427,0.93
13-1111.00,Management Analysts,0.7532,11,0.7032,0.0,0.2049,0.0,0.0,0.3662,0.0,0.0,0.0,0.3492,0.0797,0.928
19-4061.00,Social Science Research Assistants,0.753,22,0.5969,0.0,0.0696,0.0,0.0876,0.3844,0.0,0.1138,0.0,0.199,0.1456,0.927
15-2031.00,Operations Research Analysts,0.7524,17,0.7573,0.0,0.4282,0.0,0.0,0.176,0.0,0.175,0.0,0.1171,0.1037,0.926
17-3011.00,Architectural and Civil Drafters,0.7521,28,0.9235,0.0,0.3556,0.0,0.4281,0.0686,0.0,0.086,0.0,0.0617,0.0,0.925
19-2041.01,Climate Change Policy Analysts,0.7512,14,0.7071,0.0,0.2354,0.0,0.1429,0.2558,0.0,0.0,0.0,0.3659,0.0,0.924
13-2051.00,Financial and Investment Analysts,0.751,26,0.8077,0.0385,0.4615,0.0,0.0769,0.1154,0.0,0.0769,0.0,0.2692,0.0,0.923
43-4031.00,"Court, Municipal, and License Clerks",0.751,30,0.6929,0.0,0.143,0.0,0.0,0.4527,0.0,0.1349,0.0445,0.1914,0.0335,0.922
43-4011.00,Brokerage Clerks,0.7504,10,0.5263,0.0,0.1774,0.0,0.0,0.4272,0.0,0.0,0.1459,0.2494,0.0,0.921
15-1299.07,Blockchain Engineers,0.75,17,0.7059,0.0588,0.1765,0.0,0.0,0.0,0.0,0.0,0.0588,0.1176,0.6471,0.92
43-4051.00,Customer Service Representatives,0.7483,13,0.678,0.0,0.1642,0.0,0.0,0.2574,0.0,0.0,0.0,0.5783,0.0,0.919
23-1012.00,Judicial Law Clerks,0.7459,18,0.6014,0.0,0.1481,0.0,0.0,0.4395,0.0,0.112,0.0,0.2675,0.0329,0.918
17-2199.08,Robotics Engineers,0.7448,24,0.7715,0.0429,0.1513,0.0,0.278,0.2663,0.0,0.0456,0.0429,0.0462,0.1696,0.917
51-9162.00,Computer Numerically Controlled Tool Programmers,0.7446,16,0.6946,0.0736,0.1985,0.0,0.0588,0.1381,0.0,0.051,0.1582,0.0,0.3954,0.915
17-3012.00,Electrical and Electronics Drafters,0.7439,30,0.796,0.0,0.1304,0.0,0.3102,0.2129,0.0,0.1264,0.0,0.1209,0.0992,0.914
43-4061.00,"Eligibility Interviewers, Government Programs",0.7432,17,0.684,0.0,0.0964,0.0,0.0,0.4247,0.0,0.0434,0.0,0.4356,0.0,0.913
17-2112.00,Industrial Engineers,0.7406,20,0.7331,0.0,0.2736,0.0,0.0924,0.2583,0.0,0.1416,0.0,0.1834,0.0507,0.912
13-2053.00,Insurance Underwriters,0.7404,7,0.586,0.0,0.4334,0.0,0.0,0.0,0.0,0.414,0.0,0.1526,0.0,0.911
15-1255.01,Video Game Designers,0.7389,24,0.5852,0.0,0.0392,0.0,0.111,0.1307,0.0,0.0849,0.0,0.3299,0.3043,0.91
17-2031.00,Bioengineers and Biomedical Engineers,0.7386,30,0.643,0.0,0.1015,0.0,0.1089,0.3309,0.0,0.0975,0.0,0.194,0.1674,0.909
43-9022.00,Word Processors and Typists,0.7382,19,0.7561,0.111,0.1128,0.0,0.0,0.4348,0.1113,0.0,0.1326,0.0,0.2085,0.908
17-2112.01,Human Factors Engineers and Ergonomists,0.7375,26,0.7054,0.044,0.12,0.0,0.0692,0.442,0.0,0.0,0.0791,0.2057,0.0838,0.907
43-3021.00,Billing and Posting Clerks,0.734,28,0.6931,0.0679,0.3004,0.0,0.0,0.3626,0.1144,0.0,0.1076,0.115,0.0,0.906
19-1013.00,Soil and Plant Scientists,0.7338,27,0.7913,0.0,0.1149,0.0,0.1345,0.3991,0.0,0.038,0.0,0.1564,0.1571,0.905
13-2081.00,"Tax Examiners and Collectors, and Revenue Agents",0.7333,21,0.6373,0.0279,0.2264,0.0,0.0389,0.2414,0.0,0.0572,0.0,0.4361,0.0,0.904
19-3011.01,Environmental Economists,0.7325,20,0.6181,0.0,0.3873,0.0,0.1931,0.2627,0.0,0.0,0.0,0.1568,0.0,0.902
17-2141.02,Automotive Engineers,0.7283,25,0.728,0.0453,0.1736,0.0,0.2094,0.2404,0.0,0.13,0.0453,0.0509,0.1504,0.901
19-3094.00,Political Scientists,0.728,14,0.6721,0.0,0.2783,0.0,0.0792,0.2059,0.0,0.0636,0.0,0.373,0.0,0.9
17-3013.00,Mechanical Drafters,0.7276,15,0.8182,0.0,0.2301,0.0,0.5881,0.0,0.0,0.0471,0.0,0.1346,0.0,0.899
11-3031.03,Investment Fund Managers,0.7267,20,0.6442,0.0,0.3117,0.0,0.0402,0.0997,0.0,0.4354,0.0,0.113,0.0,0.898
17-2051.02,Water/Wastewater Engineers,0.7265,28,0.7734,0.0,0.2565,0.0,0.2681,0.1317,0.0,0.0634,0.0,0.198,0.0823,0.897
15-1299.04,Penetration Testers,0.7261,22,0.5909,0.0,0.2273,0.0,0.0,0.2273,0.0,0.0455,0.0455,0.2273,0.2273,0.896
13-1041.08,Customs Brokers,0.726,23,0.7306,0.0308,0.1535,0.0,0.0,0.4236,0.0,0.2077,0.0,0.2152,0.0,0.895
41-9031.00,Sales Engineers,0.7248,25,0.5513,0.0,0.0904,0.0,0.0375,0.3878,0.0,0.0866,0.0207,0.377,0.0,0.894
41-3031.00,"Securities, Commodities, and Financial Services Sales Agents",0.7238,30,0.6568,0.0,0.2659,0.0,0.0,0.3272,0.0,0.0267,0.0,0.3802,0.0,0.893
19-2041.03,Industrial Ecologists,0.7237,38,0.5704,0.0,0.2128,0.0,0.1976,0.4732,0.0,0.0,0.0,0.0842,0.0322,0.892
13-1141.00,"Compensation, Benefits, and Job Analysis Specialists",0.7224,22,0.7777,0.0,0.4383,0.0,0.0,0.0763,0.0,0.2599,0.0,0.2255,0.0,0.891
15-1299.08,Computer Systems Engineers/Architects,0.7224,28,0.6997,0.0,0.1839,0.0,0.0,0.0782,0.0,0.1831,0.0,0.1794,0.3754,0.889
15-1232.00,Computer User Support Specialists,0.721,16,0.6892,0.0,0.0,0.0,0.0,0.3023,0.0,0.0949,0.0,0.283,0.3198,0.888
19-1011.00,Animal Scientists,0.7204,9,0.8111,0.0533,0.0,0.0533,0.0,0.5433,0.0,0.0,0.0,0.2691,0.1344,0.887
19-2012.00,Physicists,0.7198,10,0.6216,0.0469,0.443,0.0,0.0,0.1028,0.0469,0.0,0.0,0.4074,0.0,0.886
27-1024.00,Graphic Designers,0.7185,19,0.7312,0.0,0.0,0.0,0.5712,0.3354,0.0361,0.0,0.0,0.0573,0.0,0.885
19-3099.01,Transportation Planners,0.7181,22,0.6524,0.0,0.4307,0.0,0.0896,0.0802,0.0,0.163,0.0,0.2366,0.0,0.884
11-3061.00,Purchasing Managers,0.7156,18,0.6368,0.0,0.2288,0.0,0.0,0.2479,0.0,0.3586,0.0,0.1124,0.0523,0.883
17-3031.00,Surveying and Mapping Technicians,0.7152,30,0.7274,0.0,0.4395,0.0,0.1937,0.1966,0.0,0.0262,0.0,0.0655,0.0785,0.882
17-1022.01,Geodetic Surveyors,0.7148,16,0.5669,0.0,0.5692,0.0,0.0,0.2482,0.0,0.065,0.0,0.1176,0.0,0.881
11-9199.02,Compliance Managers,0.7137,29,0.6348,0.0,0.2941,0.0,0.0,0.1968,0.0,0.1405,0.0,0.347,0.0216,0.88
43-4161.00,"Human Resources Assistants, Except Payroll and Timekeeping",0.7136,19,0.6706,0.0548,0.0,0.0,0.0,0.4613,0.0,0.2559,0.0548,0.228,0.0,0.879
29-9021.00,Health Information Technologists and Medical Registrars,0.7135,16,0.625,0.0625,0.0625,0.0,0.0,0.375,0.0,0.125,0.0625,0.1875,0.1875,0.878
17-2199.11,Solar Energy Systems Engineers,0.713,13,0.6955,0.0713,0.2748,0.0,0.1939,0.1001,0.0,0.0996,0.0713,0.0937,0.1666,0.876
19-3022.00,Survey Researchers,0.7127,16,0.5493,0.0,0.0675,0.0,0.2003,0.4201,0.0,0.064,0.0,0.2481,0.0,0.875
15-1221.00,Computer and Information Research Scientists,0.7126,15,0.6252,0.0,0.2532,0.0,0.0,0.0,0.0,0.3631,0.0434,0.1296,0.2108,0.874
19-3011.00,Economists,0.7124,14,0.6902,0.0472,0.2068,0.0,0.0,0.1746,0.0,0.0776,0.0,0.4703,0.0708,0.873
17-2199.05,Mechatronics Engineers,0.7094,23,0.7999,0.0,0.1957,0.0,0.4194,0.1437,0.0,0.1,0.0,0.0955,0.0457,0.872
11-9121.02,Water Resource Specialists,0.7092,21,0.624,0.0,0.4109,0.0,0.1516,0.2763,0.0,0.077,0.0,0.0843,0.0,0.871
47-4011.01,Energy Auditors,0.709,21,0.7647,0.1498,0.5935,0.0,0.0,0.079,0.0,0.0309,0.1498,0.1019,0.0449,0.87
13-1023.00,"Purchasing Agents, Except Wholesale, Retail, and Farm Products",0.7078,19,0.6954,0.0484,0.1761,0.0,0.0,0.4548,0.0,0.1544,0.0,0.1551,0.0596,0.869
43-3061.00,Procurement Clerks,0.7076,19,0.6245,0.054,0.2779,0.0,0.0,0.4845,0.0,0.1266,0.054,0.057,0.0,0.868
41-4011.00,"Sales Representatives, Wholesale and Manufacturing, Technical and Scientific Products",0.7068,33,0.5547,0.0,0.1682,0.0,0.0372,0.2151,0.0,0.0778,0.0263,0.4755,0.0,0.867
15-1241.01,Telecommunications Engineering Specialists,0.7063,26,0.6375,0.0241,0.2431,0.0,0.0451,0.2347,0.0,0.0872,0.1014,0.1245,0.164,0.866
19-1029.03,Geneticists,0.7063,24,0.7717,0.0387,0.104,0.0,0.0876,0.4277,0.0,0.0924,0.0387,0.1789,0.0707,0.865
13-1161.01,Search Marketing Strategists,0.7049,36,0.5152,0.0,0.2443,0.0,0.0141,0.0285,0.0,0.3129,0.0,0.1419,0.2583,0.863
11-9041.01,Biofuels/Biodiesel Technology and Product Development Managers,0.7044,18,0.6182,0.0,0.3185,0.0,0.0851,0.0,0.0,0.1375,0.0,0.0667,0.3923,0.862
13-1032.00,"Insurance Appraisers, Auto Damage",0.7044,7,0.7504,0.1612,0.5997,0.0,0.0,0.1508,0.0,0.0883,0.1612,0.0,0.0,0.861
17-2011.00,Aerospace Engineers,0.7044,16,0.6074,0.0,0.149,0.0,0.1501,0.2893,0.0,0.1836,0.0826,0.0,0.1454,0.86
43-6012.00,Legal Secretaries and Administrative Assistants,0.7038,14,0.6267,0.1342,0.0843,0.0,0.0,0.5424,0.0987,0.0,0.1022,0.1724,0.0,0.859
13-1022.00,"Wholesale and Retail Buyers, Except Farm Products",0.7031,20,0.6422,0.0,0.2946,0.0,0.0615,0.3206,0.0,0.0396,0.0,0.2838,0.0,0.858
25-1082.00,"Library Science Teachers, Postsecondary",0.7029,25,0.5504,0.0,0.0958,0.0,0.0816,0.3828,0.0,0.1466,0.0,0.2932,0.0,0.857
43-9021.00,Data Entry Keyers,0.7029,9,0.6705,0.1289,0.4096,0.0,0.0,0.2237,0.0784,0.0,0.1289,0.0568,0.1025,0.856
19-4012.01,Precision Agriculture Technicians,0.7024,22,0.7294,0.1397,0.3306,0.0,0.1456,0.1856,0.0,0.0,0.1397,0.1622,0.0363,0.855
11-9121.01,Clinical Research Coordinators,0.7022,33,0.5998,0.0,0.2026,0.0,0.0544,0.2821,0.0,0.2107,0.0,0.2502,0.0,0.854
17-2199.10,Wind Energy Engineers,0.7017,16,0.6997,0.0,0.2886,0.0,0.2676,0.105,0.0,0.1283,0.0,0.1534,0.0572,0.853
15-1252.00,Software Developers,0.7013,17,0.5641,0.0,0.2601,0.0,0.0,0.0,0.0,0.2692,0.0,0.2334,0.2373,0.852
19-3093.00,Historians,0.7013,21,0.5264,0.053,0.0,0.0,0.105,0.4906,0.0,0.0356,0.1013,0.2676,0.0,0.85
11-1011.03,Chief Sustainability Officers,0.7008,18,0.5398,0.0,0.2614,0.0,0.2502,0.2739,0.0,0.1608,0.0,0.0,0.0538,0.849
43-5061.00,"Production, Planning, and Expediting Clerks",0.7008,17,0.5295,0.0,0.0963,0.0,0.0,0.488,0.0,0.245,0.0,0.1707,0.0,0.848
41-4011.07,Solar Sales Representatives and Assessors,0.7,13,0.6301,0.0,0.2338,0.0,0.1336,0.2521,0.0,0.0,0.0,0.3806,0.0,0.847
13-2052.00,Personal Financial Advisors,0.699,21,0.7438,0.0342,0.2596,0.0,0.0,0.0809,0.0,0.159,0.0,0.5006,0.0,0.846
11-3111.00,Compensation and Benefits Managers,0.6975,22,0.651,0.0,0.2423,0.0,0.0,0.18,0.0,0.4082,0.0,0.1696,0.0,0.845
17-2041.00,Chemical Engineers,0.6973,14,0.6465,0.0,0.2342,0.0,0.2269,0.3341,0.0,0.0512,0.0912,0.0,0.0623,0.844
17-2199.06,Microsystems Engineers,0.697,31,0.6025,0.0488,0.0666,0.0,0.3587,0.3005,0.0189,0.0587,0.094,0.0645,0.038,0.843
41-3021.00,Insurance Sales Agents,0.6968,19,0.6207,0.0295,0.2159,0.0,0.0549,0.3035,0.0,0.0241,0.0295,0.3537,0.0184,0.842
41-9021.00,Real Estate Brokers,0.6963,17,0.6286,0.0,0.2954,0.0,0.0404,0.3304,0.0,0.0894,0.0,0.2443,0.0,0.841
43-6011.00,Executive Secretaries and Executive Administrative Assistants,0.6961,22,0.6117,0.1596,0.0,0.0,0.0,0.6485,0.0,0.0717,0.0573,0.2225,0.0,0.84
25-1126.00,"Philosophy and Religion Teachers, Postsecondary",0.6957,22,0.478,0.0,0.0958,0.0,0.0906,0.3004,0.0,0.1534,0.0,0.3599,0.0,0.839
17-1021.00,Cartographers and Photogrammetrists,0.6952,14,0.6957,0.0845,0.2952,0.0,0.3192,0.1675,0.0,0.0,0.0845,0.0,0.1336,0.837
19-2041.00,"Environmental Scientists and Specialists, Including Health",0.6945,22,0.5113,0.0,0.1713,0.0,0.173,0.3516,0.0,0.0509,0.0,0.2532,0.0,0.836
15-1244.00,Network and Computer Systems Administrators,0.6943,20,0.7018,0.0668,0.1429,0.0,0.0,0.1362,0.0,0.0985,0.101,0.0827,0.4387,0.835
25-9021.00,Farm and Home Management Educators,0.6943,15,0.5408,0.0,0.1149,0.0,0.0671,0.3315,0.0,0.0706,0.0,0.4158,0.0,0.834
25-1062.00,"Area, Ethnic, and Cultural Studies Teachers, Postsecondary",0.6933,23,0.4775,0.0,0.0974,0.0,0.0748,0.3156,0.0,0.1415,0.0,0.3707,0.0,0.833
17-2112.03,Manufacturing Engineers,0.6931,24,0.567,0.0,0.2582,0.0,0.1906,0.1909,0.0,0.0834,0.1415,0.1355,0.0,0.832
11-3021.00,Computer and Information Systems Managers,0.6928,17,0.5471,0.0,0.1592,0.0,0.0,0.1765,0.0,0.5007,0.0,0.0621,0.1015,0.831
13-2061.00,Financial Examiners,0.6916,17,0.5238,0.0,0.3273,0.0,0.0,0.203,0.0,0.2854,0.0,0.1844,0.0,0.83
25-1125.00,"History Teachers, Postsecondary",0.6914,25,0.5046,0.0,0.1336,0.0,0.0469,0.312,0.0,0.1731,0.0,0.3344,0.0,0.829
25-1031.00,"Architecture Teachers, Postsecondary",0.6908,22,0.4663,0.0,0.1014,0.0,0.0399,0.332,0.0,0.148,0.0,0.3786,0.0,0.828
11-9199.01,Regulatory Affairs Managers,0.6905,27,0.5073,0.0276,0.1357,0.0,0.0,0.1973,0.0,0.4902,0.0,0.1768,0.0,0.827
25-1063.00,"Economics Teachers, Postsecondary",0.6901,22,0.465,0.0,0.1008,0.0,0.0538,0.3228,0.0,0.1572,0.0,0.3655,0.0,0.826
19-3041.00,Sociologists,0.6901,15,0.4666,0.0,0.0824,0.0,0.213,0.2363,0.0,0.1225,0.0,0.3458,0.0,0.824
11-2021.00,Marketing Managers,0.6899,20,0.5709,0.0,0.2657,0.0,0.1929,0.0999,0.0,0.1728,0.0,0.2686,0.0,0.823
17-2072.00,"Electronics Engineers, Except Computer",0.6886,20,0.701,0.1032,0.2022,0.0,0.1497,0.1504,0.0,0.0625,0.1032,0.2161,0.1158,0.822
25-1112.00,"Law Teachers, Postsecondary",0.6884,23,0.4597,0.0,0.1039,0.0,0.0753,0.2976,0.0,0.1347,0.0,0.3886,0.0,0.821
27-3031.00,Public Relations Specialists,0.6882,18,0.6191,0.0663,0.0,0.0,0.3741,0.1574,0.0,0.0605,0.0,0.408,0.0,0.82
41-4012.00,"Sales Representatives, Wholesale and Manufacturing, Except Technical and Scientific Products",0.6882,18,0.5041,0.0528,0.1962,0.0,0.0,0.2602,0.0,0.0362,0.0528,0.4546,0.0,0.819
25-1124.00,"Foreign Language and Literature Teachers, Postsecondary",0.6882,24,0.4471,0.0,0.098,0.0,0.044,0.3155,0.0,0.1654,0.0,0.3771,0.0,0.818
19-3051.00,Urban and Regional Planners,0.6879,25,0.5886,0.0,0.2018,0.0,0.1558,0.178,0.0,0.1269,0.0,0.3376,0.0,0.817
25-1122.00,"Communications Teachers, Postsecondary",0.6879,22,0.4496,0.0,0.1125,0.0,0.0328,0.3154,0.0,0.1426,0.0,0.3967,0.0,0.816
25-1081.00,"Education Teachers, Postsecondary",0.6877,24,0.4502,0.0,0.0952,0.0,0.0466,0.3153,0.0,0.1589,0.0,0.3841,0.0,0.815
25-1111.00,"Criminal Justice and Law Enforcement Teachers, Postsecondary",0.6876,23,0.4295,0.0,0.1013,0.0,0.0285,0.3089,0.0,0.1175,0.0,0.4438,0.0,0.814
25-1065.00,"Political Science Teachers, Postsecondary",0.6865,22,0.4527,0.0,0.1041,0.0,0.0499,0.3121,0.0,0.1506,0.0,0.3834,0.0,0.813
11-3031.00,Financial Managers,0.6863,17,0.5594,0.1427,0.3659,0.0,0.0,0.0959,0.0,0.3575,0.0,0.1808,0.0,0.811
13-1021.00,"Buyers and Purchasing Agents, Farm Products",0.6855,12,0.7054,0.0,0.263,0.0,0.0,0.3921,0.0,0.1913,0.0,0.1537,0.0,0.81
25-1022.00,"Mathematical Science Teachers, Postsecondary",0.6848,23,0.4576,0.0,0.1107,0.0,0.0273,0.3031,0.0,0.1798,0.0,0.379,0.0,0.809
25-1193.00,"Recreation and Fitness Studies Teachers, Postsecondary",0.6847,23,0.4628,0.0,0.0985,0.0,0.039,0.3288,0.0,0.1634,0.0,0.3703,0.0,0.808
17-2199.07,Photonics Engineers,0.6842,26,0.6678,0.0369,0.1494,0.0,0.346,0.14,0.0,0.0846,0.1381,0.1419,0.0,0.807
41-9022.00,Real Estate Sales Agents,0.6832,33,0.685,0.058,0.1411,0.0,0.042,0.2899,0.0,0.1055,0.0254,0.3961,0.0,0.806
11-9199.10,Wind Energy Development Managers,0.6831,15,0.6479,0.0,0.1927,0.0,0.1455,0.1882,0.0,0.2862,0.0,0.1873,0.0,0.805
25-1192.00,"Family and Consumer Sciences Teachers, Postsecondary",0.6828,23,0.4494,0.0,0.1024,0.0,0.0318,0.3178,0.0,0.1771,0.0,0.3709,0.0,0.804
15-1299.06,Digital Forensics Analysts,0.6825,20,0.65,0.1,0.15,0.0,0.05,0.3,0.0,0.05,0.1,0.25,0.1,0.803
11-2011.00,Advertising and Promotions Managers,0.6819,30,0.5344,0.0653,0.199,0.0,0.1769,0.1263,0.0,0.259,0.0,0.2387,0.0,0.802
13-1131.00,Fundraisers,0.6816,28,0.658,0.1268,0.1094,0.0,0.2177,0.132,0.0,0.3068,0.0,0.2341,0.0,0.801
25-1032.00,"Engineering Teachers, Postsecondary",0.681,24,0.467,0.0,0.0867,0.0,0.0497,0.3363,0.0,0.1901,0.0,0.3371,0.0,0.8
25-9031.00,Instructional Coordinators,0.681,30,0.4388,0.0,0.1524,0.0,0.0286,0.3026,0.0,0.1246,0.0,0.3919,0.0,0.798
11-3031.01,Treasurers and Controllers,0.6806,22,0.6977,0.0615,0.2495,0.0,0.0,0.1806,0.0,0.3649,0.0,0.205,0.0,0.797
11-9161.00,Emergency Management Directors,0.6803,23,0.6752,0.098,0.0958,0.0,0.2013,0.2801,0.0,0.1044,0.0648,0.2536,0.0,0.796
25-1123.00,"English Language and Literature Teachers, Postsecondary",0.6802,33,0.4338,0.0,0.0778,0.0,0.0477,0.283,0.0,0.1663,0.0,0.4252,0.0,0.795
13-2099.04,"Fraud Examiners, Investigators and Analysts",0.6802,23,0.5401,0.0647,0.0872,0.0,0.0,0.6317,0.0,0.0,0.0211,0.2109,0.0492,0.794
43-4151.00,Order Clerks,0.6802,19,0.6023,0.1245,0.1551,0.0,0.0,0.308,0.0,0.0437,0.1245,0.3688,0.0,0.793
11-2033.00,Fundraising Managers,0.6801,16,0.7167,0.0743,0.1169,0.0,0.2096,0.0731,0.0247,0.3842,0.0,0.1917,0.0,0.792
25-1061.00,"Anthropology and Archeology Teachers, Postsecondary",0.6794,27,0.4542,0.0,0.1122,0.0,0.0443,0.303,0.0,0.1977,0.0,0.3428,0.0,0.791
27-3023.00,"News Analysts, Reporters, and Journalists",0.6793,30,0.5422,0.0388,0.0,0.0,0.2305,0.3949,0.0555,0.1287,0.0,0.1904,0.0,0.79
19-2099.01,Remote Sensing Scientists and Technologists,0.6791,24,0.5755,0.1143,0.2325,0.0,0.1605,0.136,0.0,0.0699,0.1143,0.1726,0.1142,0.789
13-1071.00,Human Resources Specialists,0.6787,26,0.471,0.0,0.1674,0.0,0.0,0.2061,0.0,0.3822,0.0,0.2442,0.0,0.788
25-1011.00,"Business Teachers, Postsecondary",0.6783,25,0.3923,0.0,0.0978,0.0,0.0382,0.2643,0.0,0.1194,0.0,0.4804,0.0,0.787
25-1071.00,"Health Specialties Teachers, Postsecondary",0.6782,22,0.464,0.0,0.1048,0.0,0.0346,0.3314,0.0,0.1959,0.0,0.3333,0.0,0.785
27-4032.00,Film and Video Editors,0.6782,22,0.5604,0.0741,0.0544,0.0,0.5512,0.0477,0.0377,0.1702,0.0406,0.0982,0.0,0.784
19-2041.02,Environmental Restoration Planners,0.6777,23,0.5628,0.0,0.2145,0.0,0.3012,0.2531,0.0,0.0872,0.0,0.144,0.0,0.783
25-1064.00,"Geography Teachers, Postsecondary",0.6773,25,0.4654,0.0129,0.1161,0.0,0.048,0.3009,0.0,0.1832,0.0129,0.3389,0.0,0.782
43-4141.00,New Accounts Clerks,0.6772,15,0.5994,0.0749,0.0,0.0,0.0,0.4686,0.0166,0.0,0.0749,0.44,0.0,0.781
17-2141.01,Fuel Cell Engineers,0.6762,26,0.5437,0.0819,0.219,0.0,0.2266,0.1624,0.0407,0.0784,0.0709,0.0874,0.1146,0.78
13-1151.00,Training and Development Specialists,0.6762,20,0.5251,0.0,0.1918,0.0,0.0,0.3988,0.0,0.1427,0.0,0.2667,0.0,0.779
25-1043.00,"Forestry and Conservation Science Teachers, Postsecondary",0.6762,25,0.4708,0.0,0.1113,0.0,0.0394,0.3212,0.0,0.182,0.0,0.3461,0.0,0.778
13-2022.00,Appraisers of Personal and Business Property,0.6756,14,0.5928,0.2108,0.3493,0.0,0.0,0.2435,0.0,0.0284,0.1548,0.224,0.0,0.777
15-1299.05,Information Security Engineers,0.6755,20,0.542,0.0,0.2051,0.0,0.05,0.0535,0.0,0.3551,0.0,0.1353,0.2009,0.776
25-1067.00,"Sociology Teachers, Postsecondary",0.6744,24,0.4363,0.0,0.0947,0.0,0.0485,0.303,0.0,0.1714,0.0,0.3824,0.0,0.775
11-3012.00,Administrative Services Managers,0.6743,18,0.5811,0.0,0.1233,0.0,0.0,0.222,0.0,0.4483,0.0,0.1556,0.0508,0.774
19-2021.00,Atmospheric and Space Scientists,0.6737,27,0.5959,0.0733,0.1828,0.0,0.0872,0.2395,0.0,0.0626,0.0733,0.3136,0.0409,0.772
25-1053.00,"Environmental Science Teachers, Postsecondary",0.6734,25,0.446,0.0,0.1191,0.0,0.0412,0.2935,0.0,0.1878,0.0,0.3585,0.0,0.771
41-2011.00,Cashiers,0.6731,28,0.5944,0.1637,0.2537,0.0,0.0,0.2651,0.0,0.0327,0.1101,0.3384,0.0,0.77
13-1031.00,"Claims Adjusters, Examiners, and Investigators",0.6731,29,0.4741,0.0,0.215,0.0,0.0,0.3627,0.0,0.0901,0.0,0.3322,0.0,0.769
41-1012.00,First-Line Supervisors of Non-Retail Sales Workers,0.673,18,0.4441,0.0599,0.1728,0.0,0.1112,0.223,0.0,0.1183,0.0599,0.3148,0.0,0.768
13-1041.00,Compliance Officers,0.6729,16,0.4543,0.0553,0.2061,0.0,0.0,0.1497,0.0,0.2226,0.0553,0.3664,0.0,0.767
53-6041.00,Traffic Technicians,0.6729,23,0.7007,0.1271,0.3341,0.0,0.0948,0.2286,0.0,0.1096,0.1507,0.0823,0.0,0.766
25-1051.00,"Atmospheric, Earth, Marine, and Space Sciences Teachers, Postsecondary",0.6726,26,0.4575,0.0,0.1184,0.0,0.0303,0.3184,0.0,0.1739,0.0,0.359,0.0,0.765
19-1029.04,Biologists,0.6722,22,0.5788,0.0578,0.0766,0.0,0.1152,0.4123,0.0,0.1119,0.0,0.2134,0.0707,0.764
19-1041.00,Epidemiologists,0.6715,16,0.4274,0.0,0.0838,0.0493,0.2171,0.201,0.0,0.3399,0.0,0.1089,0.0,0.763
17-2161.00,Nuclear Engineers,0.6711,20,0.5063,0.0,0.1249,0.0,0.0983,0.2733,0.0,0.3091,0.0425,0.1518,0.0,0.762
11-9179.02,Spa Managers,0.6709,21,0.5299,0.0475,0.0,0.0,0.0,0.3934,0.0,0.3554,0.0475,0.2037,0.0,0.761
43-5032.00,"Dispatchers, Except Police, Fire, and Ambulance",0.6709,12,0.3849,0.0,0.0732,0.0,0.0,0.4138,0.0514,0.18,0.0,0.2815,0.0,0.759
11-9199.11,Brownfield Redevelopment Specialists and Site Managers,0.6708,23,0.4712,0.095,0.2189,0.0,0.2363,0.2492,0.0,0.1574,0.0487,0.0894,0.0,0.758
25-1041.00,"Agricultural Sciences Teachers, Postsecondary",0.6707,23,0.4399,0.0,0.095,0.0,0.04,0.3099,0.0,0.2055,0.0,0.3495,0.0,0.757
23-1021.00,"Administrative Law Judges, Adjudicators, and Hearing Officers",0.6702,14,0.5086,0.0,0.0,0.0,0.0,0.4288,0.0,0.3484,0.0,0.2229,0.0,0.756
43-6013.00,Medical Secretaries and Administrative Assistants,0.669,15,0.4445,0.086,0.0,0.0,0.0,0.5144,0.0811,0.0,0.086,0.3184,0.0,0.755
17-2111.00,"Health and Safety Engineers, Except Mining Safety Engineers and Inspectors",0.6682,27,0.6069,0.1123,0.0362,0.0,0.0745,0.5062,0.0,0.0586,0.0813,0.2432,0.0,0.754
17-3022.00,Civil Engineering Technologists and Technicians,0.6673,14,0.6214,0.1324,0.2362,0.0,0.1632,0.1776,0.0,0.1146,0.1324,0.176,0.0,0.753
25-1066.00,"Psychology Teachers, Postsecondary",0.6668,29,0.4269,0.0167,0.1064,0.0167,0.0398,0.2916,0.0,0.2061,0.0,0.3393,0.0,0.752
11-9071.00,Gambling Managers,0.6647,19,0.591,0.087,0.1046,0.0,0.0,0.2932,0.0,0.3305,0.018,0.2537,0.0,0.751
43-3011.00,Bill and Account Collectors,0.6643,15,0.2955,0.0,0.0765,0.0,0.0,0.3778,0.0,0.0,0.0,0.5457,0.0,0.75
15-1241.00,Computer Network Architects,0.664,33,0.6849,0.1255,0.1223,0.0,0.0398,0.1224,0.0,0.1586,0.1255,0.1731,0.2584,0.749
11-9121.00,Natural Sciences Managers,0.6639,16,0.4168,0.0,0.0803,0.0246,0.0,0.1272,0.0,0.6102,0.0,0.1577,0.0,0.748
17-2199.03,"Energy Engineers, Except Wind and Solar",0.663,21,0.5014,0.0479,0.1589,0.0,0.0,0.2479,0.0,0.1517,0.0479,0.2648,0.1287,0.746
41-2021.00,Counter and Rental Clerks,0.6621,16,0.5462,0.1875,0.085,0.0,0.0,0.4698,0.0,0.0,0.1702,0.275,0.0,0.745
43-6014.00,"Secretaries and Administrative Assistants, Except Legal, Medical, and Executive",0.6619,31,0.5226,0.0563,0.0763,0.0,0.0,0.4185,0.1247,0.0978,0.0563,0.1195,0.1068,0.744
11-3051.01,Quality Control Systems Managers,0.6618,27,0.4624,0.0248,0.1646,0.0,0.0,0.2601,0.0,0.2936,0.0992,0.1423,0.0402,0.743
19-1031.00,Conservation Scientists,0.6616,30,0.5785,0.0811,0.2067,0.0,0.2739,0.179,0.0,0.0584,0.0419,0.2031,0.037,0.742
17-1011.00,"Architects, Except Landscape and Naval",0.6615,24,0.5763,0.0815,0.0246,0.0,0.3819,0.2721,0.0,0.0954,0.0815,0.1445,0.0,0.741
25-1113.00,"Social Work Teachers, Postsecondary",0.6614,24,0.4175,0.0,0.0886,0.0,0.0299,0.2999,0.0,0.2,0.0,0.3816,0.0,0.74
17-2199.09,Nanosystems Engineers,0.6608,25,0.5321,0.1036,0.0459,0.0,0.3564,0.2194,0.0547,0.0952,0.0489,0.0948,0.0847,0.739
15-1299.09,Information Technology Project Managers,0.6599,21,0.4792,0.0,0.2439,0.0,0.0,0.0501,0.0,0.6136,0.0,0.0,0.0924,0.738
25-1072.00,"Nursing Instructors and Teachers, Postsecondary",0.6597,29,0.3912,0.0,0.0782,0.0,0.0253,0.2607,0.0,0.2018,0.0,0.4339,0.0,0.737
29-9092.00,Genetic Counselors,0.6595,19,0.3408,0.0,0.0624,0.5048,0.0,0.3368,0.0,0.0,0.0,0.096,0.0,0.736
19-1012.00,Food Scientists and Technologists,0.659,13,0.5332,0.1654,0.0744,0.0,0.0,0.378,0.0,0.0798,0.2488,0.0638,0.1552,0.735
17-1022.00,Surveyors,0.658,24,0.4502,0.0702,0.4026,0.0,0.0969,0.1901,0.0,0.1753,0.0339,0.0363,0.0649,0.733
43-1011.00,First-Line Supervisors of Office and Administrative Support Workers,0.6578,28,0.4782,0.0,0.1028,0.0,0.0105,0.1591,0.0,0.4313,0.0,0.2963,0.0,0.732
19-1029.02,Molecular and Cellular Biologists,0.6577,22,0.5539,0.0831,0.2132,0.0,0.1016,0.2036,0.0479,0.2277,0.0352,0.0835,0.0874,0.731
25-3041.00,Tutors,0.6573,19,0.3713,0.0711,0.0,0.0,0.0458,0.3254,0.0,0.0,0.0,0.6287,0.0,0.73
19-2032.00,Materials Scientists,0.657,16,0.5359,0.1746,0.0582,0.0,0.1991,0.2506,0.0,0.0,0.1746,0.2464,0.0711,0.729
17-2061.00,Computer Hardware Engineers,0.656,18,0.5934,0.1057,0.3209,0.0,0.0647,0.1333,0.0,0.0558,0.1687,0.2078,0.0487,0.728
17-2141.00,Mechanical Engineers,0.6559,28,0.5054,0.0151,0.1762,0.0,0.1608,0.1701,0.0,0.253,0.0781,0.1618,0.0,0.727
15-2011.00,Actuaries,0.6558,15,0.6343,0.0949,0.1663,0.0,0.0,0.0,0.0,0.4679,0.0,0.3657,0.0,0.726
19-4099.03,Remote Sensing Technicians,0.6552,21,0.6569,0.1813,0.2954,0.0,0.1831,0.0427,0.0,0.1003,0.1813,0.1196,0.0777,0.725
19-3091.00,Anthropologists and Archeologists,0.6547,30,0.4669,0.1173,0.0549,0.0,0.1138,0.4133,0.0,0.0881,0.1173,0.2126,0.0,0.724
11-3131.00,Training and Development Managers,0.6545,12,0.4111,0.0,0.1491,0.0,0.0882,0.1995,0.0,0.2224,0.0,0.2591,0.0817,0.723
43-3041.00,Gambling Cage Workers,0.6534,17,0.6487,0.2102,0.2565,0.0,0.0,0.3058,0.0,0.0,0.2102,0.188,0.0396,0.722
25-1042.00,"Biological Science Teachers, Postsecondary",0.6527,27,0.4355,0.0284,0.1149,0.0,0.0646,0.2658,0.0,0.1739,0.0284,0.3523,0.0,0.72
17-3027.00,Mechanical Engineering Technologists and Technicians,0.6526,30,0.6865,0.1558,0.2221,0.0,0.2009,0.1791,0.0,0.0,0.2505,0.1474,0.0,0.719
25-1054.00,"Physics Teachers, Postsecondary",0.6519,24,0.4199,0.0345,0.0927,0.0,0.0365,0.2965,0.0,0.1856,0.0345,0.3541,0.0,0.718
11-3071.04,Supply Chain Managers,0.6516,30,0.3643,0.0,0.2062,0.0,0.0918,0.1309,0.0,0.3794,0.0421,0.1495,0.0,0.717
13-1082.00,Project Management Specialists,0.6512,20,0.35,0.0,0.1,0.0,0.0,0.15,0.0,0.55,0.0,0.2,0.0,0.716
11-3051.00,Industrial Production Managers,0.6509,21,0.3898,0.0384,0.1039,0.0384,0.0384,0.2823,0.0,0.4669,0.0,0.0702,0.0,0.715
19-1042.00,"Medical Scientists, Except Epidemiologists",0.648,14,0.4557,0.064,0.1762,0.12,0.0923,0.318,0.064,0.0,0.0,0.1629,0.0666,0.714
17-2151.00,"Mining and Geological Engineers, Including Mining Safety Engineers",0.6474,18,0.4633,0.1147,0.2155,0.0,0.0869,0.2797,0.0,0.2078,0.0699,0.0887,0.0515,0.713
13-1041.01,Environmental Compliance Inspectors,0.6474,26,0.5014,0.1216,0.196,0.0,0.0,0.4839,0.0,0.0845,0.0696,0.166,0.0,0.712
19-2011.00,Astronomers,0.6472,17,0.5345,0.0,0.1864,0.0,0.0,0.1793,0.0,0.2064,0.0,0.3675,0.0604,0.711
19-1023.00,Zoologists and Wildlife Biologists,0.6469,14,0.3026,0.0211,0.1099,0.0,0.0477,0.4173,0.0,0.1194,0.0211,0.2846,0.0,0.71
11-9199.09,Wind Energy Operations Managers,0.6468,16,0.5663,0.0652,0.0646,0.0,0.0579,0.2579,0.0,0.4221,0.0,0.1975,0.0,0.709
19-3034.00,School Psychologists,0.6466,19,0.498,0.1025,0.061,0.0474,0.1812,0.326,0.0,0.1707,0.0,0.2137,0.0,0.707
17-2051.01,Transportation Engineers,0.6465,26,0.483,0.0956,0.2423,0.0,0.1621,0.0786,0.0,0.1378,0.0956,0.2213,0.0623,0.706
29-1229.05,Preventive Medicine Physicians,0.6462,15,0.4746,0.0,0.1383,0.0615,0.1962,0.1358,0.0,0.2079,0.0,0.2603,0.0,0.705
17-2111.02,Fire-Prevention and Protection Engineers,0.6459,14,0.4161,0.0824,0.1445,0.0,0.0802,0.1922,0.0,0.1332,0.1415,0.3084,0.0,0.704
19-1031.02,Range Managers,0.6452,16,0.5875,0.0,0.0651,0.0,0.3261,0.2603,0.0,0.1397,0.0,0.1377,0.0711,0.703
43-4071.00,File Clerks,0.6451,19,0.5236,0.1841,0.0874,0.0,0.0,0.5028,0.0416,0.0,0.1841,0.0658,0.1183,0.702
19-3032.00,Industrial-Organizational Psychologists,0.6446,25,0.487,0.1045,0.0,0.0,0.1808,0.2706,0.0,0.1317,0.0,0.417,0.0,0.701
13-1041.03,Equal Opportunity Representatives and Officers,0.6445,18,0.4982,0.0,0.357,0.0,0.0,0.0592,0.0,0.0724,0.0,0.5113,0.0,0.7
39-1022.00,First-Line Supervisors of Personal Service Workers,0.643,17,0.4792,0.0563,0.0,0.0,0.0,0.2463,0.0,0.3523,0.0563,0.3451,0.0,0.699
11-9111.00,Medical and Health Services Managers,0.6427,18,0.3506,0.0,0.05,0.0,0.0,0.2251,0.0,0.5885,0.0363,0.1,0.0,0.698
17-2081.00,Environmental Engineers,0.6426,29,0.5285,0.0883,0.0,0.0,0.0427,0.3334,0.0,0.1839,0.0883,0.3208,0.0308,0.697
11-9021.00,Construction Managers,0.6419,25,0.5047,0.0855,0.2483,0.0,0.0604,0.2365,0.0,0.3316,0.0,0.1231,0.0,0.696
17-3026.00,Industrial Engineering Technologists and Technicians,0.6408,30,0.5544,0.1036,0.2275,0.0,0.1959,0.2087,0.0327,0.1336,0.071,0.0653,0.0653,0.694
13-1041.06,Coroners,0.6398,20,0.4339,0.094,0.0,0.0,0.0,0.5845,0.0,0.2,0.0,0.2155,0.0,0.693
25-1052.00,"Chemistry Teachers, Postsecondary",0.6396,28,0.3888,0.0262,0.0795,0.0,0.0374,0.2796,0.0,0.1995,0.0262,0.3778,0.0,0.692
17-2121.00,Marine Engineers and Naval Architects,0.6391,30,0.4849,0.1221,0.2254,0.0,0.1737,0.2077,0.0,0.2032,0.1245,0.0654,0.0,0.691
19-3092.00,Geographers,0.6388,12,0.564,0.1509,0.0,0.0,0.0986,0.3526,0.0,0.0,0.1509,0.2555,0.1424,0.69
11-9031.00,"Education and Childcare Administrators, Preschool and Daycare",0.638,17,0.4396,0.0,0.1693,0.0,0.1675,0.1028,0.0,0.3448,0.0,0.2156,0.0,0.689
11-9051.00,Food Service Managers,0.6379,28,0.4501,0.0465,0.193,0.0221,0.0227,0.3187,0.0,0.2739,0.083,0.0866,0.0,0.688
27-1011.00,Art Directors,0.6378,16,0.5249,0.0,0.0744,0.0,0.2037,0.2056,0.0,0.254,0.0,0.2623,0.0,0.687
17-2072.01,Radio Frequency Identification Device Specialists,0.6378,21,0.565,0.142,0.3223,0.0,0.093,0.1431,0.0,0.0,0.2466,0.0944,0.1005,0.686
11-1011.00,Chief Executives,0.6373,31,0.4386,0.0227,0.1155,0.0,0.0,0.1149,0.0,0.5555,0.0,0.2141,0.0,0.685
19-1021.00,Biochemists and Biophysicists,0.637,24,0.68,0.0942,0.0756,0.0,0.1374,0.4316,0.0,0.0574,0.0942,0.1684,0.0355,0.684
11-2032.00,Public Relations Managers,0.6358,20,0.5,0.05,0.05,0.0,0.2,0.1,0.05,0.35,0.0,0.25,0.0,0.683
23-1022.00,"Arbitrators, Mediators, and Conciliators",0.6356,20,0.3817,0.0102,0.124,0.0,0.0,0.3271,0.0,0.2193,0.0,0.3296,0.0,0.681
27-2012.00,Producers and Directors,0.6351,30,0.4437,0.0385,0.1528,0.0,0.1448,0.2111,0.0,0.3847,0.0,0.1067,0.0,0.68
17-2071.00,Electrical Engineers,0.6351,22,0.5186,0.0516,0.1747,0.0,0.2699,0.1683,0.0,0.1789,0.0516,0.0616,0.095,0.679
43-4111.00,"Interviewers, Except Eligibility and Loan",0.6347,16,0.3942,0.0,0.1853,0.0,0.0,0.2342,0.0,0.1441,0.0,0.4363,0.0,0.678
29-2099.08,Patient Representatives,0.6343,13,0.3402,0.0,0.0405,0.0,0.0,0.2642,0.0,0.1208,0.0,0.5745,0.0,0.677
19-2043.00,Hydrologists,0.6342,25,0.5462,0.1474,0.2233,0.0,0.1617,0.3279,0.0,0.1037,0.0909,0.0925,0.0,0.676
11-1031.00,Legislators,0.6342,30,0.4333,0.1,0.0667,0.0,0.0333,0.2667,0.0,0.3333,0.0,0.3,0.0,0.675
25-1021.00,"Computer Science Teachers, Postsecondary",0.6341,26,0.3555,0.0257,0.0892,0.0,0.0311,0.2406,0.0,0.186,0.0595,0.3936,0.0,0.674
17-2171.00,Petroleum Engineers,0.6333,23,0.455,0.0472,0.2144,0.0,0.0593,0.1459,0.0,0.362,0.0727,0.1044,0.0414,0.673
27-3011.00,Broadcast Announcers and Radio Disc Jockeys,0.6329,24,0.5509,0.0437,0.0,0.0,0.1827,0.2085,0.0582,0.1388,0.0,0.4118,0.0,0.672
13-1199.07,Security Management Specialists,0.6327,23,0.5914,0.2106,0.2393,0.0395,0.0963,0.1204,0.0,0.0413,0.1711,0.1706,0.1216,0.671
19-1031.03,Park Naturalists,0.6321,20,0.6619,0.1583,0.0,0.0759,0.1871,0.2268,0.0,0.1177,0.0824,0.3101,0.0,0.67
11-3013.01,Security Managers,0.6317,28,0.4509,0.1067,0.2483,0.0393,0.1584,0.1716,0.0,0.2716,0.042,0.0689,0.0,0.668
11-9151.00,Social and Community Service Managers,0.6306,16,0.4302,0.0696,0.1775,0.0,0.0,0.1505,0.0,0.4046,0.0,0.2674,0.0,0.667
25-2059.01,Adapted Physical Education Specialists,0.6303,20,0.4376,0.1127,0.0432,0.0543,0.1052,0.2892,0.0,0.0,0.0386,0.4695,0.0,0.666
53-1042.01,Recycling Coordinators,0.6303,23,0.5456,0.1144,0.0,0.0,0.0,0.2771,0.0631,0.4757,0.0513,0.1328,0.0,0.665
11-9032.00,"Education Administrators, Kindergarten through Secondary",0.6297,32,0.4974,0.0668,0.0997,0.0,0.2321,0.159,0.0,0.2402,0.0,0.2689,0.0,0.664
25-1121.00,"Art, Drama, and Music Teachers, Postsecondary",0.6295,28,0.3711,0.0554,0.0856,0.0,0.0239,0.2638,0.0,0.1792,0.0554,0.3921,0.0,0.663
11-9171.00,Funeral Home Managers,0.6283,23,0.3914,0.0908,0.1246,0.0,0.0286,0.1584,0.0,0.3273,0.0,0.3611,0.0,0.662
11-3071.00,"Transportation, Storage, and Distribution Managers",0.6281,30,0.3976,0.0,0.1848,0.0,0.1079,0.1513,0.0,0.2491,0.0,0.3068,0.0,0.661
11-3121.00,Human Resources Managers,0.6281,26,0.3811,0.0,0.1209,0.0,0.0,0.105,0.0,0.4829,0.0,0.2912,0.0,0.66
25-3011.00,"Adult Basic Education, Adult Secondary Education, and English as a Second Language Instructors",0.6279,37,0.4363,0.087,0.0528,0.0163,0.2052,0.2032,0.0,0.0758,0.0364,0.4103,0.0,0.659
17-2021.00,Agricultural Engineers,0.6264,14,0.4367,0.0,0.0,0.0,0.304,0.1815,0.0,0.1978,0.0803,0.2364,0.0,0.658
43-4171.00,Receptionists and Information Clerks,0.6245,18,0.6135,0.2848,0.124,0.0,0.0,0.4311,0.0,0.0,0.1948,0.25,0.0,0.657
11-9041.00,Architectural and Engineering Managers,0.6245,19,0.3037,0.0807,0.1606,0.0,0.0419,0.1893,0.0,0.3815,0.0,0.2267,0.0,0.655
17-1012.00,Landscape Architects,0.6239,19,0.4824,0.1144,0.1091,0.0,0.3169,0.0474,0.0,0.1022,0.1144,0.31,0.0,0.654
41-9012.00,Models,0.6238,10,0.2501,0.1466,0.0993,0.0,0.0,0.2501,0.0659,0.0,0.0808,0.504,0.0,0.653
27-1014.00,Special Effects Artists and Animators,0.6237,13,0.6035,0.1052,0.0,0.0,0.7487,0.0,0.0,0.1022,0.1052,0.0,0.0438,0.652
27-1025.00,Interior Designers,0.6226,16,0.5267,0.1892,0.1199,0.0,0.3614,0.2583,0.0,0.1202,0.069,0.0712,0.0,0.651
21-2021.00,"Directors, Religious Activities and Education",0.6224,19,0.4735,0.0914,0.0,0.0,0.279,0.0563,0.0,0.3282,0.0446,0.2918,0.0,0.65
17-2112.02,Validation Engineers,0.622,21,0.4975,0.1715,0.0589,0.0,0.12,0.2614,0.0,0.2445,0.2233,0.0434,0.0485,0.649
11-1021.00,General and Operations Managers,0.6219,17,0.2434,0.0,0.1232,0.0,0.1383,0.0,0.0,0.6279,0.0,0.1106,0.0,0.648
23-1011.00,Lawyers,0.6211,22,0.4784,0.1596,0.2155,0.0,0.0,0.1461,0.0,0.0929,0.0,0.5456,0.0,0.647
53-1044.00,First-Line Supervisors of Passenger Attendants,0.6211,19,0.5263,0.1053,0.0526,0.0,0.0,0.2105,0.0,0.3158,0.1053,0.3158,0.0,0.646
43-9061.00,"Office Clerks, General",0.6207,20,0.48,0.1756,0.1106,0.0,0.0,0.3694,0.0817,0.0202,0.1756,0.2425,0.0,0.645
19-3039.02,Neuropsychologists,0.6193,14,0.3553,0.0754,0.0,0.2751,0.0672,0.2778,0.0,0.0823,0.0,0.2222,0.0754,0.644
11-9033.00,"Education Administrators, Postsecondary",0.6186,27,0.3455,0.0,0.0294,0.0,0.0409,0.1841,0.0,0.5587,0.0,0.1869,0.0,0.642
33-3021.06,Intelligence Analysts,0.6184,21,0.233,0.0,0.0255,0.0,0.0,0.7875,0.03,0.0823,0.0,0.0747,0.0,0.641
39-1014.00,"First-Line Supervisors of Entertainment and Recreation Workers, Except Gambling Services",0.6184,19,0.4211,0.1053,0.0,0.0,0.0,0.2105,0.0,0.4211,0.0526,0.3158,0.0,0.64
25-1194.00,"Career/Technical Education Teachers, Postsecondary",0.618,20,0.3233,0.0,0.0553,0.0,0.109,0.2143,0.0,0.0832,0.0424,0.4957,0.0,0.639
11-9141.00,"Property, Real Estate, and Community Association Managers",0.6175,27,0.4226,0.0789,0.1003,0.0,0.0,0.1983,0.0,0.2955,0.0789,0.327,0.0,0.638
11-9131.00,Postmasters and Mail Superintendents,0.6169,13,0.1893,0.0,0.0,0.0,0.0,0.1349,0.0,0.6105,0.0,0.2545,0.0,0.637
11-9179.01,Fitness and Wellness Coordinators,0.6161,24,0.4611,0.0486,0.0994,0.039,0.0436,0.1937,0.0,0.2868,0.0486,0.2888,0.0,0.636
13-1121.00,"Meeting, Convention, and Event Planners",0.6156,21,0.4673,0.0634,0.1223,0.0,0.092,0.1826,0.0,0.3617,0.0634,0.178,0.0,0.635
25-3021.00,Self-Enrichment Teachers,0.6147,30,0.4213,0.0938,0.0737,0.0,0.2054,0.1743,0.0,0.0734,0.0431,0.43,0.0,0.634
29-1031.00,Dietitians and Nutritionists,0.6133,28,0.337,0.0272,0.2516,0.2751,0.0759,0.1239,0.0,0.1605,0.0272,0.0858,0.0,0.633
27-2012.03,Media Programming Directors,0.613,23,0.4102,0.0541,0.0738,0.0,0.2371,0.0549,0.0888,0.4126,0.0,0.1329,0.0,0.632
27-1021.00,Commercial and Industrial Designers,0.6129,17,0.4728,0.1146,0.1524,0.0,0.3048,0.2302,0.0,0.1099,0.0477,0.155,0.0,0.631
17-2051.00,Civil Engineers,0.6124,16,0.5368,0.2194,0.2811,0.0,0.1455,0.1643,0.0,0.182,0.1532,0.0738,0.0,0.629
29-1222.00,"Physicians, Pathologists",0.6118,19,0.5474,0.0512,0.2591,0.2495,0.0457,0.2427,0.0,0.0947,0.0317,0.0767,0.0,0.628
11-3051.06,Hydroelectric Production Managers,0.6106,18,0.24,0.0349,0.0639,0.0,0.1139,0.2822,0.0349,0.351,0.0,0.1541,0.0,0.627
25-4031.00,Library Technicians,0.608,31,0.5786,0.2761,0.0,0.0,0.0131,0.503,0.019,0.0499,0.2412,0.1737,0.0,0.626
33-9021.00,Private Detectives and Investigators,0.6072,14,0.3494,0.0895,0.0253,0.0,0.0,0.7008,0.0,0.061,0.0,0.2129,0.0,0.625
25-4011.00,Archivists,0.6067,13,0.6118,0.3077,0.0,0.0,0.0,0.3718,0.0,0.15,0.2192,0.0886,0.1704,0.624
25-2031.00,"Secondary School Teachers, Except Special and Career/Technical Education",0.6051,32,0.3912,0.1,0.0,0.0234,0.2267,0.1645,0.0,0.0858,0.0631,0.4365,0.0,0.623
25-4012.00,Curators,0.6044,15,0.4641,0.1355,0.0737,0.0,0.0,0.2875,0.0,0.1939,0.1621,0.2127,0.0703,0.622
17-2131.00,Materials Engineers,0.6036,21,0.378,0.0968,0.2633,0.0,0.0751,0.1002,0.0,0.3085,0.0968,0.1159,0.0403,0.621
13-1081.00,Logisticians,0.6032,22,0.4898,0.1479,0.1287,0.0,0.0329,0.2377,0.0,0.2638,0.091,0.2012,0.0447,0.62
19-4043.00,"Geological Technicians, Except Hydrologic Technicians",0.603,29,0.5764,0.2642,0.2761,0.0,0.0892,0.2878,0.0313,0.0873,0.2158,0.0125,0.0,0.619
19-4099.01,Quality Control Analysts,0.6027,26,0.5092,0.2746,0.2656,0.0,0.0,0.1893,0.0,0.0198,0.321,0.1421,0.0622,0.618
41-2031.00,Retail Salespersons,0.6026,24,0.5293,0.2187,0.1439,0.0,0.0,0.3316,0.0,0.028,0.2192,0.2773,0.0,0.616
29-1051.00,Pharmacists,0.6025,20,0.4215,0.1202,0.2474,0.1987,0.0,0.2365,0.0,0.0418,0.0778,0.1978,0.0,0.615
11-9199.08,Loss Prevention Managers,0.6024,27,0.5025,0.2258,0.3349,0.0,0.0414,0.1162,0.0,0.2214,0.0389,0.221,0.0262,0.614
23-1023.00,"Judges, Magistrate Judges, and Magistrates",0.6022,21,0.2953,0.0,0.0611,0.0,0.0,0.2955,0.0,0.5361,0.0,0.1073,0.0,0.613
41-9091.00,"Door-to-Door Sales Workers, News and Street Vendors, and Related Workers",0.6022,12,0.4735,0.109,0.0947,0.0,0.0,0.2685,0.0,0.155,0.109,0.3728,0.0,0.612
25-2032.00,"Career/Technical Education Teachers, Secondary School",0.6008,33,0.3664,0.0923,0.0289,0.0249,0.2149,0.1765,0.0,0.0856,0.0357,0.4335,0.0,0.611
41-1011.00,First-Line Supervisors of Retail Sales Workers,0.6006,21,0.3966,0.1563,0.0603,0.0,0.183,0.1907,0.0,0.2362,0.2095,0.1203,0.0,0.61
19-1032.00,Foresters,0.6006,25,0.4211,0.037,0.1123,0.0,0.2842,0.2759,0.0,0.1454,0.037,0.0932,0.052,0.609
25-2023.00,"Career/Technical Education Teachers, Middle School",0.6004,31,0.3908,0.101,0.0,0.0295,0.2268,0.164,0.0,0.0891,0.0689,0.4217,0.0,0.608
43-5041.00,"Meter Readers, Utilities",0.6001,12,0.3515,0.244,0.0915,0.0,0.0,0.0729,0.2052,0.0,0.1408,0.3025,0.1872,0.607
21-1091.00,Health Education Specialists,0.5981,16,0.4303,0.2115,0.0575,0.0,0.3051,0.2,0.0,0.0575,0.1343,0.2456,0.0,0.606
27-4014.00,Sound Engineering Technicians,0.5971,14,0.3819,0.0589,0.0773,0.0,0.2552,0.0695,0.3207,0.0,0.0589,0.1612,0.0573,0.605
11-9072.00,"Entertainment and Recreation Managers, Except Gambling",0.5969,17,0.3337,0.138,0.0631,0.0621,0.0,0.0615,0.0251,0.3145,0.1222,0.3515,0.0,0.603
25-2055.00,"Special Education Teachers, Kindergarten",0.5967,30,0.4333,0.1333,0.0,0.0333,0.2333,0.2,0.0,0.0333,0.1,0.4,0.0,0.602
11-2022.00,Sales Managers,0.5958,17,0.336,0.0446,0.1072,0.0,0.0,0.0765,0.0,0.5291,0.0,0.2872,0.0,0.601
27-1022.00,Fashion Designers,0.5951,20,0.3152,0.1014,0.1084,0.0,0.2717,0.2167,0.0,0.0576,0.1572,0.1883,0.0,0.6
13-1075.00,Labor Relations Specialists,0.5941,28,0.3707,0.0226,0.2424,0.0,0.0,0.0961,0.0,0.0792,0.0,0.5824,0.0,0.599
29-1229.02,Hospitalists,0.5934,14,0.2929,0.0799,0.0792,0.3852,0.0,0.2137,0.0,0.2466,0.0,0.0753,0.0,0.598
25-2058.00,"Special Education Teachers, Secondary School",0.593,40,0.3718,0.0823,0.0,0.0199,0.2823,0.1204,0.0,0.0613,0.0471,0.469,0.0,0.597
41-2022.00,Parts Salespersons,0.5923,19,0.5699,0.2269,0.0505,0.0,0.0,0.4745,0.0,0.0396,0.2269,0.2084,0.0,0.596
27-2091.00,"Disc Jockeys, Except Radio",0.5908,19,0.3684,0.1579,0.2105,0.0,0.0526,0.2632,0.1053,0.0,0.1053,0.2632,0.0,0.595
29-1223.00,Psychiatrists,0.5902,12,0.4039,0.092,0.1662,0.5531,0.0,0.2377,0.0,0.0429,0.0,0.0,0.0,0.594
11-3051.02,Geothermal Production Managers,0.5902,17,0.3301,0.11,0.1242,0.0,0.0613,0.2105,0.1239,0.3409,0.0423,0.0968,0.0,0.593
53-4031.00,Railroad Conductors and Yardmasters,0.5899,20,0.3521,0.2176,0.0464,0.0,0.0,0.3619,0.0486,0.2173,0.1284,0.1973,0.0,0.592
13-1011.00,"Agents and Business Managers of Artists, Performers, and Athletes",0.5888,14,0.2699,0.1144,0.0,0.0,0.0,0.2591,0.0,0.3214,0.0337,0.3858,0.0,0.59
25-2057.00,"Special Education Teachers, Middle School",0.5871,40,0.3927,0.0675,0.0,0.0431,0.3114,0.1104,0.0,0.0674,0.0701,0.3976,0.0,0.589
53-1043.00,First-Line Supervisors of Material-Moving Machine and Vehicle Operators,0.5867,22,0.5112,0.2043,0.0778,0.0,0.0,0.2116,0.0424,0.2978,0.1675,0.203,0.0,0.588
25-2022.00,"Middle School Teachers, Except Special and Career/Technical Education",0.5855,35,0.3541,0.1107,0.0,0.0175,0.2037,0.1504,0.0,0.0977,0.084,0.4467,0.0,0.587
43-5031.00,Public Safety Telecommunicators,0.585,18,0.3663,0.1368,0.0,0.0548,0.0,0.2997,0.1791,0.0662,0.144,0.2562,0.0,0.586
17-3023.00,Electrical and Electronic Engineering Technologists and Technicians,0.5845,30,0.4947,0.1998,0.2733,0.0,0.0814,0.1767,0.0,0.1034,0.2457,0.0666,0.0529,0.585
51-1011.00,First-Line Supervisors of Production and Operating Workers,0.5843,20,0.4649,0.1586,0.0962,0.0,0.0,0.1895,0.051,0.3436,0.1586,0.1611,0.0,0.584
11-9081.00,Lodging Managers,0.5832,24,0.2835,0.1287,0.0464,0.0,0.0,0.2184,0.0,0.2856,0.1287,0.321,0.0,0.583
19-4092.00,Forensic Science Technicians,0.5814,24,0.611,0.2134,0.5654,0.0,0.0,0.1659,0.0473,0.0,0.1018,0.1196,0.0,0.582
19-4044.00,Hydrologic Technicians,0.5812,16,0.5,0.25,0.25,0.0,0.125,0.1875,0.0,0.0,0.25,0.1875,0.0,0.581
29-1127.00,Speech-Language Pathologists,0.5807,23,0.2721,0.0546,0.0554,0.4956,0.0451,0.1715,0.0,0.0265,0.0,0.2058,0.0,0.58
25-9044.00,"Teaching Assistants, Postsecondary",0.5804,20,0.3202,0.1242,0.0,0.0,0.0,0.2368,0.0,0.0855,0.1242,0.5535,0.0,0.579
25-2021.00,"Elementary School Teachers, Except Special Education",0.5779,38,0.3635,0.1265,0.0,0.0161,0.2244,0.1391,0.0,0.0944,0.1035,0.4225,0.0,0.577
11-3013.00,Facilities Managers,0.5778,11,0.4295,0.1592,0.0,0.0,0.0854,0.3459,0.0,0.4138,0.0631,0.0917,0.0,0.576
53-1042.00,"First-Line Supervisors of Helpers, Laborers, and Material Movers, Hand",0.577,24,0.3723,0.1611,0.0794,0.0,0.0,0.201,0.0,0.2521,0.1661,0.3014,0.0,0.575
47-1011.03,Solar Energy Installation Managers,0.576,15,0.42,0.2119,0.5271,0.0,0.049,0.0557,0.0,0.2935,0.0,0.0747,0.0,0.574
27-2012.04,Talent Directors,0.5754,15,0.138,0.088,0.0,0.0,0.0,0.2079,0.0,0.6031,0.0,0.1889,0.0,0.573
41-9011.00,Demonstrators and Product Promoters,0.5743,21,0.3567,0.2179,0.0487,0.0,0.035,0.2154,0.0,0.0,0.2179,0.4829,0.0,0.572
35-1012.00,First-Line Supervisors of Food Preparation and Serving Workers,0.573,26,0.4119,0.1307,0.109,0.0,0.0438,0.2101,0.0,0.2813,0.2181,0.1377,0.0,0.571
25-2056.00,"Special Education Teachers, Elementary School",0.5727,30,0.4061,0.1396,0.0,0.033,0.3,0.1061,0.0,0.0336,0.0695,0.4578,0.0,0.57
21-1012.00,"Educational, Guidance, and Career Counselors and Advisors",0.5723,35,0.1955,0.0772,0.0,0.0505,0.1322,0.1261,0.0,0.0225,0.0,0.6686,0.0,0.569
43-4181.00,Reservation and Transportation Ticket Agents and Travel Clerks,0.5719,21,0.3438,0.2463,0.0455,0.0657,0.0,0.3172,0.0,0.0,0.1304,0.4412,0.0,0.568
19-1022.00,Microbiologists,0.5715,14,0.5819,0.1806,0.2099,0.0,0.0,0.3455,0.0815,0.0824,0.0991,0.0795,0.1021,0.567
29-1224.00,Radiologists,0.5707,30,0.3185,0.0771,0.2026,0.3576,0.0814,0.2247,0.0,0.0456,0.0228,0.0653,0.0,0.566
39-3091.00,Amusement and Recreation Attendants,0.5704,17,0.3716,0.2003,0.0,0.0,0.0,0.3224,0.0,0.0,0.2292,0.4483,0.0,0.564
17-3025.00,Environmental Engineering Technologists and Technicians,0.5703,26,0.4508,0.2177,0.2391,0.0,0.0,0.3156,0.0,0.0566,0.2683,0.0782,0.0421,0.563
29-2052.00,Pharmacy Technicians,0.5678,21,0.4205,0.255,0.0,0.0,0.0,0.3994,0.0,0.0388,0.4034,0.1036,0.0549,0.562
17-3027.01,Automotive Engineering Technicians,0.5673,18,0.5016,0.2261,0.155,0.0,0.0494,0.2938,0.0646,0.0,0.2811,0.104,0.0522,0.561
13-1041.04,Government Property Inspectors and Investigators,0.5661,13,0.3882,0.3057,0.33,0.0,0.0,0.146,0.0,0.1131,0.1525,0.2584,0.0,0.56
19-3039.03,Clinical Neuropsychologists,0.565,18,0.2317,0.0942,0.0,0.4452,0.0463,0.1778,0.0,0.0661,0.0,0.2108,0.0539,0.559
45-2011.00,Agricultural Inspectors,0.5636,16,0.6578,0.2357,0.5156,0.0,0.0,0.0674,0.0,0.0,0.1962,0.2208,0.0,0.558
25-4022.00,Librarians and Media Collections Specialists,0.5636,30,0.3365,0.2125,0.0417,0.0,0.0,0.3322,0.0249,0.1241,0.1232,0.2894,0.0646,0.557
43-5051.00,Postal Service Clerks,0.5631,19,0.4774,0.2562,0.1507,0.0,0.0,0.4242,0.0,0.0,0.2562,0.1689,0.0,0.556
33-3031.00,Fish and Game Wardens,0.5631,24,0.2605,0.1362,0.0,0.0479,0.1397,0.4253,0.0,0.117,0.1467,0.1234,0.0,0.555
29-1129.01,Art Therapists,0.5602,25,0.2368,0.1242,0.2118,0.4086,0.0219,0.119,0.0269,0.0552,0.0,0.1565,0.0,0.554
29-1141.04,Clinical Nurse Specialists,0.5593,30,0.3466,0.1169,0.1,0.3702,0.034,0.0652,0.0,0.1123,0.0,0.1708,0.1474,0.553
19-3033.00,Clinical and Counseling Psychologists,0.5593,30,0.2306,0.2186,0.039,0.2066,0.1352,0.2128,0.0,0.0955,0.0,0.3109,0.0,0.551
29-2051.00,Dietetic Technicians,0.5592,13,0.2723,0.0,0.151,0.2575,0.0,0.076,0.0,0.3294,0.0,0.1861,0.0,0.55
43-5071.00,"Shipping, Receiving, and Inventory Clerks",0.5591,11,0.5146,0.297,0.2014,0.0,0.0,0.3044,0.0,0.0865,0.297,0.1107,0.0,0.549
21-1015.00,Rehabilitation Counselors,0.5591,17,0.1411,0.0667,0.0629,0.3999,0.0292,0.0729,0.0,0.0735,0.0,0.3616,0.0,0.548
21-2011.00,Clergy,0.5582,21,0.3197,0.2585,0.0,0.0,0.0886,0.0551,0.0,0.16,0.0,0.6963,0.0,0.547
35-1011.00,Chefs and Head Cooks,0.5573,21,0.4519,0.2043,0.0988,0.0,0.0885,0.1799,0.0,0.2711,0.2043,0.1574,0.0,0.546
53-6051.00,Transportation Inspectors,0.555,17,0.3416,0.3134,0.0,0.0,0.0,0.4417,0.0,0.0591,0.3134,0.1858,0.0,0.545
43-2011.00,"Switchboard Operators, Including Answering Service",0.554,19,0.3141,0.0935,0.1162,0.0,0.0,0.1576,0.2691,0.0,0.1923,0.2648,0.0,0.544
33-9031.00,Gambling Surveillance Officers and Gambling Investigators,0.5535,8,0.2686,0.1276,0.1353,0.0,0.0,0.3943,0.0,0.0985,0.2352,0.1366,0.0,0.543
29-1123.00,Physical Therapists,0.5532,24,0.3035,0.1148,0.096,0.4522,0.0242,0.1674,0.0,0.0662,0.0271,0.1669,0.0,0.542
33-3051.04,Customs and Border Protection Officers,0.5529,11,0.3602,0.4046,0.0891,0.0,0.0,0.3989,0.0,0.0,0.328,0.184,0.0,0.541
33-1012.00,First-Line Supervisors of Police and Detectives,0.5516,20,0.2422,0.101,0.0524,0.0,0.0,0.0919,0.0,0.4179,0.199,0.2388,0.0,0.54
25-2012.00,"Kindergarten Teachers, Except Special Education",0.5507,37,0.3371,0.1579,0.0,0.0437,0.2257,0.1114,0.0,0.0699,0.1072,0.4421,0.0,0.538
47-4011.00,Construction and Building Inspectors,0.5503,19,0.2959,0.2651,0.2141,0.0,0.0,0.1819,0.0,0.1969,0.3266,0.0805,0.0,0.537
39-9032.00,Recreation Workers,0.5499,24,0.299,0.2264,0.0,0.0709,0.0,0.3421,0.0,0.2673,0.0813,0.2384,0.0,0.536
49-1011.00,"First-Line Supervisors of Mechanics, Installers, and Repairers",0.5487,22,0.4131,0.1434,0.0474,0.0,0.0287,0.2267,0.0,0.2375,0.2506,0.1817,0.0273,0.535
25-2051.00,"Special Education Teachers, Preschool",0.5452,36,0.4016,0.2368,0.0,0.0689,0.2825,0.1521,0.0,0.0218,0.1046,0.37,0.0,0.534
29-1011.00,Chiropractors,0.5449,11,0.3721,0.1967,0.0946,0.6279,0.0,0.2775,0.0,0.0,0.0,0.0,0.0,0.533
21-1021.00,"Child, Family, and School Social Workers",0.5427,21,0.1473,0.032,0.0623,0.1379,0.0,0.1458,0.0,0.0238,0.0,0.6302,0.0,0.532
31-9095.00,Pharmacy Aides,0.5426,14,0.537,0.2664,0.0,0.0934,0.0,0.4352,0.0,0.0,0.2664,0.2051,0.0,0.531
29-1122.01,"Low Vision Therapists, Orientation and Mobility Specialists, and Vision Rehabilitation Therapists",0.5423,21,0.1695,0.0485,0.0289,0.2449,0.0,0.1406,0.0,0.0,0.0485,0.5371,0.0,0.53
31-9099.01,Speech-Language Pathology Assistants,0.5414,11,0.3475,0.3321,0.0,0.4406,0.0,0.4407,0.04,0.0,0.0,0.0788,0.0,0.529
33-3041.00,Parking Enforcement Workers,0.541,22,0.2023,0.1451,0.0,0.0,0.0,0.265,0.0,0.0181,0.3228,0.3941,0.0,0.528
39-1013.00,First-Line Supervisors of Gambling Services Workers,0.5407,30,0.3646,0.2321,0.0,0.0,0.0,0.3425,0.0,0.2566,0.1122,0.2887,0.0,0.527
39-3012.00,Gambling and Sports Book Writers and Runners,0.5393,18,0.5043,0.4481,0.1036,0.0,0.0,0.3113,0.0,0.0232,0.0878,0.474,0.0,0.525
33-1091.00,First-Line Supervisors of Security Workers,0.5392,21,0.2868,0.2386,0.0565,0.0,0.0,0.2914,0.1325,0.1564,0.2035,0.1596,0.0,0.524
29-1181.00,Audiologists,0.5376,22,0.2753,0.1513,0.0532,0.2771,0.0383,0.1412,0.0,0.0854,0.0895,0.2755,0.0398,0.523
29-1215.00,Family Medicine Physicians,0.5376,12,0.243,0.0,0.1011,0.4881,0.057,0.1418,0.0,0.072,0.0,0.1399,0.0,0.522
27-1027.00,Set and Exhibit Designers,0.5365,27,0.2923,0.2116,0.1512,0.0,0.2179,0.1021,0.0,0.1648,0.1286,0.2354,0.0,0.521
19-2031.00,Chemists,0.5356,12,0.5139,0.2559,0.2407,0.0,0.0,0.0832,0.0,0.1471,0.2559,0.1784,0.0948,0.52
27-4011.00,Audio and Video Technicians,0.5341,29,0.3401,0.2034,0.0291,0.0,0.1559,0.1454,0.1561,0.1036,0.2295,0.1803,0.0,0.519
43-5011.00,Cargo and Freight Agents,0.5337,24,0.3888,0.2792,0.164,0.0,0.0,0.2196,0.0347,0.1801,0.245,0.1127,0.0439,0.518
19-5012.00,Occupational Health and Safety Technicians,0.5334,26,0.435,0.3286,0.1965,0.1544,0.0656,0.2178,0.0,0.0282,0.2973,0.0403,0.0,0.517
29-1229.06,Sports Medicine Physicians,0.5328,27,0.1907,0.1173,0.0779,0.7072,0.035,0.1104,0.0,0.0,0.0298,0.0396,0.0,0.516
29-1141.02,Advanced Practice Psychiatric Nurses,0.5326,24,0.2286,0.1459,0.1432,0.5924,0.0324,0.0998,0.0,0.0,0.0258,0.0695,0.037,0.515
43-2021.00,Telephone Operators,0.5325,14,0.3144,0.1667,0.0783,0.1667,0.0,0.2328,0.3596,0.0,0.0,0.081,0.0816,0.514
21-1092.00,Probation Officers and Correctional Treatment Specialists,0.5312,21,0.2306,0.2223,0.0,0.1105,0.036,0.2105,0.0,0.0,0.0438,0.5992,0.0,0.512
11-9013.00,"Farmers, Ranchers, and Other Agricultural Managers",0.5307,30,0.3474,0.1792,0.1241,0.0256,0.0256,0.1847,0.0,0.3831,0.1505,0.0679,0.0386,0.511
27-4012.00,Broadcast Technicians,0.5304,27,0.2458,0.0392,0.0282,0.0,0.0729,0.1448,0.5804,0.0689,0.0639,0.0411,0.0,0.51
37-1012.00,"First-Line Supervisors of Landscaping, Lawn Service, and Groundskeeping Workers",0.5293,28,0.4094,0.2676,0.0977,0.0,0.0755,0.2134,0.0,0.1502,0.2676,0.1956,0.0,0.509
33-9099.02,Retail Loss Prevention Specialists,0.5292,21,0.2878,0.2753,0.1554,0.041,0.0,0.187,0.0,0.1257,0.2046,0.2863,0.0,0.508
29-1217.00,Neurologists,0.5292,24,0.2042,0.1634,0.1868,0.5423,0.0,0.1598,0.0,0.0302,0.0,0.0809,0.0,0.507
33-3021.00,Detectives and Criminal Investigators,0.5287,30,0.1786,0.1878,0.0671,0.0316,0.0,0.4546,0.0,0.0649,0.187,0.1948,0.0,0.506
29-1229.01,Allergists and Immunologists,0.528,16,0.2352,0.2696,0.0703,0.7377,0.0,0.1649,0.0,0.0,0.0,0.0271,0.0,0.505
33-2021.00,Fire Inspectors and Investigators,0.5267,30,0.2969,0.2708,0.1153,0.0,0.0553,0.2737,0.0,0.0542,0.2681,0.2334,0.0,0.504
29-1122.00,Occupational Therapists,0.5264,17,0.1169,0.1484,0.0695,0.4122,0.1847,0.1169,0.0,0.057,0.0625,0.0972,0.0,0.503
37-1011.00,First-Line Supervisors of Housekeeping and Janitorial Workers,0.5263,26,0.344,0.2402,0.1393,0.0,0.0414,0.1971,0.0,0.1726,0.2402,0.2093,0.0,0.502
11-3051.04,Biomass Power Plant Managers,0.5255,19,0.2722,0.2229,0.1891,0.0,0.0,0.2052,0.2011,0.1891,0.1576,0.0578,0.0,0.501
29-1129.02,Music Therapists,0.5244,30,0.242,0.2161,0.0587,0.5805,0.0688,0.1595,0.0,0.0298,0.0327,0.0701,0.0,0.499
27-2032.00,Choreographers,0.5231,18,0.1737,0.0465,0.0,0.0,0.3798,0.1129,0.0,0.2629,0.0465,0.198,0.0,0.498
53-2021.00,Air Traffic Controllers,0.523,23,0.2049,0.1904,0.057,0.0517,0.0,0.2157,0.0366,0.1803,0.089,0.3699,0.0,0.497
53-2012.00,Commercial Pilots,0.5198,24,0.2737,0.2178,0.1039,0.0302,0.0,0.2019,0.1858,0.2188,0.0916,0.1678,0.0,0.496
21-1022.00,Healthcare Social Workers,0.5193,17,0.0715,0.1978,0.0,0.4106,0.0433,0.1155,0.0,0.0491,0.0,0.3815,0.0,0.495
43-4081.00,"Hotel, Motel, and Resort Desk Clerks",0.5177,20,0.3763,0.3702,0.0564,0.0,0.0,0.2646,0.0529,0.0317,0.2096,0.3848,0.0,0.494
35-9031.00,"Hosts and Hostesses, Restaurant, Lounge, and Coffee Shop",0.5171,20,0.2202,0.3183,0.0,0.0,0.0173,0.1922,0.0,0.1033,0.1765,0.5107,0.0,0.493
27-2022.00,Coaches and Scouts,0.5166,27,0.1173,0.0,0.0245,0.0,0.0,0.0775,0.0,0.4523,0.0,0.4457,0.0,0.492
29-1171.00,Nurse Practitioners,0.515,27,0.2239,0.221,0.0786,0.6355,0.0,0.1837,0.0,0.0319,0.0,0.0703,0.0,0.491
19-4021.00,Biological Technicians,0.5138,17,0.5243,0.354,0.1018,0.0241,0.0,0.3988,0.0,0.0,0.3299,0.06,0.0854,0.49
21-1013.00,Marriage and Family Therapists,0.5133,15,0.09,0.1796,0.0351,0.2853,0.0,0.1731,0.0,0.0283,0.0,0.4781,0.0,0.489
33-3052.00,Transit and Railroad Police,0.5126,12,0.2079,0.1877,0.0,0.0,0.0623,0.2957,0.0,0.2438,0.2971,0.1011,0.0,0.488
27-2023.00,"Umpires, Referees, and Other Sports Officials",0.5119,16,0.1615,0.0783,0.1556,0.0,0.0,0.1445,0.0,0.5395,0.0783,0.082,0.0,0.486
53-3031.00,Driver/Sales Workers,0.5108,11,0.2777,0.25,0.0,0.0,0.0,0.386,0.1541,0.1281,0.0959,0.2359,0.0,0.485
19-4071.00,Forest and Conservation Technicians,0.51,20,0.3558,0.1703,0.138,0.0,0.0444,0.0848,0.0,0.2539,0.2343,0.1891,0.0555,0.484
51-9161.00,Computer Numerically Controlled Tool Operators,0.5097,27,0.4086,0.4152,0.042,0.0,0.0,0.0427,0.169,0.0392,0.3832,0.0,0.324,0.483
11-3051.03,Biofuels Production Managers,0.5068,14,0.1897,0.1462,0.2038,0.0,0.0,0.0,0.2231,0.3533,0.0624,0.1573,0.0,0.482
21-1014.00,Mental Health Counselors,0.5047,27,0.1615,0.2709,0.0389,0.2611,0.0582,0.2366,0.0,0.032,0.0,0.3732,0.0,0.481
33-3021.02,Police Identification and Records Officers,0.504,16,0.2348,0.2113,0.1184,0.058,0.0475,0.2724,0.0,0.1067,0.2829,0.1141,0.0,0.48
53-5021.00,"Captains, Mates, and Pilots of Water Vessels",0.5032,30,0.2864,0.2553,0.0737,0.038,0.0,0.1735,0.2229,0.1642,0.2006,0.127,0.0,0.479
19-4013.00,Food Science Technicians,0.5026,16,0.3899,0.3638,0.1819,0.0,0.0,0.2081,0.0,0.0995,0.4448,0.0658,0.0,0.478
19-4042.00,"Environmental Science and Protection Technicians, Including Health",0.502,25,0.3931,0.3371,0.1651,0.0,0.1185,0.2106,0.0,0.0642,0.3027,0.139,0.0,0.477
29-1125.00,Recreational Therapists,0.5017,11,0.0,0.179,0.0,0.7172,0.0,0.0932,0.0,0.0,0.0,0.1896,0.0,0.476
39-7011.00,Tour Guides and Escorts,0.5013,19,0.336,0.2171,0.0,0.0575,0.0,0.1829,0.0224,0.0596,0.1372,0.5404,0.0,0.475
21-1094.00,Community Health Workers,0.5005,28,0.1779,0.2174,0.0,0.4031,0.0354,0.093,0.0,0.0,0.0789,0.3896,0.0,0.473
21-1011.00,Substance Abuse and Behavioral Disorder Counselors,0.5004,23,0.0998,0.1763,0.0348,0.4965,0.0,0.0998,0.0,0.0688,0.0,0.3002,0.0,0.472
19-4031.00,Chemical Technicians,0.4952,16,0.3021,0.1954,0.2856,0.0,0.0,0.0,0.0369,0.1699,0.2332,0.2072,0.0672,0.471
25-2011.00,"Preschool Teachers, Except Special Education",0.4938,34,0.3049,0.2387,0.0,0.1064,0.1872,0.1177,0.0,0.0481,0.1579,0.3828,0.0,0.47
17-3024.00,Electro-Mechanical and Mechatronics Technologists and Technicians,0.4924,28,0.3241,0.3284,0.1327,0.0,0.0791,0.1294,0.0,0.061,0.4761,0.0469,0.0748,0.469
17-3028.00,Calibration Technologists and Technicians,0.4917,15,0.4667,0.4,0.0667,0.0,0.0667,0.2,0.0,0.0667,0.4667,0.0667,0.0667,0.468
21-1023.00,Mental Health and Substance Abuse Social Workers,0.4912,13,0.0795,0.2578,0.0,0.4438,0.0469,0.0795,0.0,0.0641,0.0,0.3656,0.0,0.467
45-1011.00,"First-Line Supervisors of Farming, Fishing, and Forestry Workers",0.4912,30,0.1919,0.1596,0.0644,0.1205,0.0,0.176,0.0323,0.1923,0.1862,0.2283,0.0,0.466
53-6051.01,Aviation Inspectors,0.4909,13,0.4017,0.4489,0.1013,0.0,0.0,0.2205,0.0645,0.0562,0.4181,0.1394,0.0,0.465
27-2041.00,Music Directors and Composers,0.4894,30,0.1325,0.0547,0.0,0.0,0.6131,0.0907,0.0218,0.2441,0.0,0.0304,0.0,0.464
53-2022.00,Airfield Operations Specialists,0.4887,27,0.207,0.2746,0.0,0.0587,0.0,0.111,0.0326,0.3295,0.1833,0.2849,0.0,0.463
49-2094.00,"Electrical and Electronics Repairers, Commercial and Industrial Equipment",0.4882,20,0.3655,0.3132,0.0398,0.0,0.0457,0.1951,0.0,0.0503,0.5308,0.0902,0.0481,0.462
39-3031.00,"Ushers, Lobby Attendants, and Ticket Takers",0.4881,23,0.2638,0.3133,0.0,0.0615,0.0,0.1802,0.0,0.0191,0.2579,0.4813,0.0,0.46
29-1141.01,Acute Care Nurses,0.4881,27,0.264,0.2874,0.1036,0.5188,0.0,0.1244,0.0421,0.0,0.0731,0.102,0.036,0.459
49-2095.00,"Electrical and Electronics Repairers, Powerhouse, Substation, and Relay",0.4866,15,0.2606,0.3968,0.0781,0.0,0.0,0.393,0.0,0.0,0.4495,0.0795,0.0,0.458
39-9031.00,Exercise Trainers and Group Fitness Instructors,0.4862,20,0.1116,0.149,0.0,0.0584,0.1781,0.0,0.0,0.1277,0.1673,0.4685,0.0,0.457
25-3031.00,"Substitute Teachers, Short-Term",0.4832,18,0.1139,0.1713,0.0,0.0403,0.0,0.1139,0.0643,0.0413,0.1614,0.5788,0.0,0.456
29-2011.01,Cytogenetic Technologists,0.4821,30,0.4852,0.3803,0.3456,0.1171,0.0,0.0925,0.0642,0.0264,0.2805,0.0,0.0738,0.455
43-4121.00,"Library Assistants, Clerical",0.4813,32,0.2482,0.3346,0.0395,0.0,0.0252,0.3485,0.0244,0.0442,0.3434,0.124,0.0507,0.454
53-4041.00,Subway and Streetcar Operators,0.4811,10,0.1801,0.4081,0.0,0.0,0.0,0.2879,0.325,0.0831,0.0,0.304,0.0,0.453
33-9091.00,Crossing Guards and Flaggers,0.481,12,0.3148,0.2881,0.0,0.0,0.0,0.158,0.0,0.0,0.4853,0.3566,0.0,0.452
17-3026.01,Nanotechnology Engineering Technologists and Technicians,0.4809,25,0.3379,0.4453,0.0467,0.0,0.033,0.3619,0.1173,0.0425,0.3514,0.0473,0.0,0.451
39-3092.00,Costume Attendants,0.4809,21,0.3297,0.2919,0.0,0.0,0.0587,0.3602,0.0,0.1723,0.355,0.0538,0.0,0.45
29-2036.00,Medical Dosimetrists,0.4807,19,0.3256,0.3994,0.1748,0.3081,0.0,0.0801,0.1935,0.0,0.1366,0.1069,0.0,0.449
43-5052.00,Postal Service Mail Carriers,0.4789,21,0.2331,0.4082,0.0,0.0,0.0,0.3152,0.0275,0.0,0.3808,0.2157,0.0609,0.447
29-1161.00,Nurse Midwives,0.4783,21,0.2814,0.3342,0.052,0.6411,0.0,0.1859,0.0,0.0,0.0,0.0775,0.0435,0.446
29-2011.00,Medical and Clinical Laboratory Technologists,0.4772,15,0.4468,0.3334,0.3735,0.0703,0.071,0.0,0.0739,0.0738,0.2595,0.0,0.0781,0.445
51-8012.00,Power Distributors and Dispatchers,0.4771,14,0.3435,0.4147,0.0704,0.0,0.0,0.214,0.3828,0.2159,0.0319,0.085,0.0,0.444
21-1093.00,Social and Human Service Assistants,0.4752,19,0.0979,0.2473,0.0,0.3729,0.0,0.0745,0.0,0.0,0.0,0.5526,0.0,0.443
29-1299.02,Orthoptists,0.4748,16,0.2335,0.3987,0.0701,0.6036,0.0661,0.0973,0.0,0.0,0.0,0.1629,0.0,0.442
25-9042.00,"Teaching Assistants, Preschool, Elementary, Middle, and Secondary School, Except Special Education",0.4731,28,0.186,0.1974,0.0,0.0,0.0418,0.1995,0.0198,0.0432,0.2647,0.431,0.0,0.441
29-1141.00,Registered Nurses,0.4728,27,0.1685,0.2654,0.0331,0.5614,0.0827,0.1354,0.0,0.0652,0.0328,0.0895,0.0,0.44
29-1071.00,Physician Assistants,0.4728,12,0.2348,0.2518,0.095,0.7056,0.0,0.1399,0.0,0.0595,0.0,0.0,0.0,0.439
33-9093.00,Transportation Security Screeners,0.4725,26,0.1779,0.3404,0.0361,0.0,0.0,0.1252,0.0,0.0,0.5317,0.3071,0.0,0.438
27-2012.05,Media Technical Directors/Managers,0.4723,15,0.0578,0.1366,0.0686,0.0,0.1124,0.0,0.2169,0.3417,0.0821,0.1783,0.0,0.437
29-1214.00,Emergency Medicine Physicians,0.4712,17,0.2338,0.1853,0.1773,0.6538,0.0,0.0564,0.0,0.0584,0.0,0.054,0.0,0.436
51-8011.00,Nuclear Power Reactor Operators,0.4692,19,0.1863,0.2943,0.0,0.0,0.0,0.12,0.402,0.2557,0.1622,0.0601,0.0,0.434
17-3021.00,Aerospace Engineering and Operations Technologists and Technicians,0.4662,11,0.3731,0.4168,0.2256,0.0,0.0587,0.0,0.0,0.0,0.5122,0.1146,0.0888,0.433
29-1299.01,Naturopathic Physicians,0.4662,20,0.2003,0.3584,0.0583,0.5856,0.0,0.3147,0.0,0.0,0.0414,0.0,0.0,0.432
29-1241.00,"Ophthalmologists, Except Pediatric",0.4653,18,0.1411,0.3063,0.0619,0.773,0.0,0.0792,0.0,0.0,0.0,0.0859,0.0,0.431
27-4031.00,"Camera Operators, Television, Video, and Film",0.4645,21,0.269,0.2269,0.1406,0.0,0.0677,0.1065,0.2865,0.1151,0.2269,0.0567,0.0,0.43
53-4011.00,Locomotive Engineers,0.4642,14,0.1916,0.2939,0.0,0.07,0.0,0.2908,0.2455,0.0,0.2259,0.1677,0.0,0.429
39-7012.00,Travel Guides,0.4618,17,0.241,0.3259,0.0685,0.1351,0.0,0.1113,0.04,0.0758,0.0992,0.4701,0.0,0.428
33-1021.00,First-Line Supervisors of Firefighting and Prevention Workers,0.4613,30,0.1599,0.3852,0.017,0.0459,0.0274,0.241,0.0277,0.3826,0.138,0.1203,0.0,0.427
53-3033.00,Light Truck Drivers,0.461,13,0.3442,0.4483,0.0921,0.0,0.0,0.3254,0.1772,0.0,0.2711,0.1342,0.0,0.426
29-1218.00,Obstetricians and Gynecologists,0.4609,15,0.2207,0.22,0.0803,0.5992,0.043,0.1403,0.0,0.065,0.0,0.0721,0.0,0.425
29-1242.00,"Orthopedic Surgeons, Except Pediatric",0.4606,15,0.3333,0.3333,0.1333,0.4667,0.0,0.2,0.0,0.0667,0.0667,0.0667,0.0,0.424
17-3024.01,Robotics Technicians,0.4589,22,0.3183,0.3867,0.0495,0.0,0.0654,0.1057,0.0,0.0,0.5906,0.0416,0.1472,0.423
29-1023.00,Orthodontists,0.4587,11,0.1846,0.2812,0.0935,0.4591,0.0787,0.0911,0.0,0.0,0.1871,0.0905,0.0,0.421
17-3029.01,Non-Destructive Testing Specialists,0.4585,16,0.3376,0.4574,0.2186,0.0,0.0474,0.1431,0.0,0.0655,0.5254,0.0,0.0,0.42
27-1013.00,"Fine Artists, Including Painters, Sculptors, and Illustrators",0.4583,28,0.3729,0.3764,0.0348,0.0,0.2685,0.1399,0.0437,0.021,0.3343,0.1578,0.0,0.419
33-2022.00,Forest Fire Inspectors and Prevention Specialists,0.4572,16,0.1301,0.3457,0.0,0.0,0.0,0.2653,0.0,0.178,0.3447,0.2119,0.0,0.418
19-5011.00,Occupational Health and Safety Specialists,0.4571,22,0.2193,0.3672,0.0721,0.1132,0.14,0.2148,0.0,0.0,0.3672,0.0927,0.0,0.417
29-1243.00,Pediatric Surgeons,0.4565,18,0.2778,0.2778,0.1111,0.5556,0.0,0.1667,0.0,0.0556,0.0556,0.0556,0.0,0.416
53-2031.00,Flight Attendants,0.4558,25,0.1276,0.3715,0.0293,0.0927,0.0,0.1255,0.0326,0.045,0.0913,0.5836,0.0,0.415
53-6061.00,Passenger Attendants,0.4549,12,0.1521,0.5757,0.0665,0.0,0.0,0.0,0.0913,0.0,0.0627,0.7795,0.0,0.414
29-1213.00,Dermatologists,0.4503,18,0.183,0.4199,0.0294,0.7199,0.0,0.1536,0.0,0.0,0.0,0.0971,0.0,0.413
29-1128.00,Exercise Physiologists,0.4489,25,0.0752,0.2608,0.0488,0.543,0.0,0.0719,0.0,0.036,0.0678,0.2324,0.0,0.412
29-1131.00,Veterinarians,0.4487,21,0.3141,0.4383,0.1358,0.4134,0.0,0.1779,0.0,0.0869,0.0635,0.1225,0.0,0.411
29-1216.00,General Internal Medicine Physicians,0.4476,19,0.175,0.2696,0.0655,0.6859,0.0256,0.1095,0.0,0.0539,0.0,0.0595,0.0,0.41
39-9041.00,Residential Advisors,0.4462,30,0.2192,0.259,0.0,0.0452,0.0667,0.162,0.0,0.2667,0.2292,0.2302,0.0,0.408
29-1221.00,"Pediatricians, General",0.4449,17,0.1051,0.1826,0.0,0.6281,0.0855,0.1051,0.0,0.0643,0.0,0.1171,0.0,0.407
47-1011.00,First-Line Supervisors of Construction Trades and Extraction Workers,0.443,15,0.2676,0.4626,0.1343,0.0,0.0,0.1972,0.0,0.3996,0.1409,0.128,0.0,0.406
53-2011.00,"Airline Pilots, Copilots, and Flight Engineers",0.4423,24,0.0894,0.2897,0.0447,0.0,0.0,0.0593,0.3451,0.1301,0.1281,0.2928,0.0,0.405
29-1212.00,Cardiologists,0.442,25,0.2,0.36,0.12,0.68,0.0,0.08,0.04,0.04,0.0,0.04,0.0,0.404
29-9091.00,Athletic Trainers,0.4412,23,0.1391,0.3622,0.1156,0.4958,0.0,0.1121,0.0,0.0,0.2122,0.0643,0.0,0.403
43-9071.00,"Office Machine Operators, Except Computer",0.4399,18,0.2342,0.3246,0.0518,0.0,0.0,0.3059,0.3178,0.0,0.3246,0.0,0.0,0.402
53-6011.00,Bridge and Lock Tenders,0.4387,18,0.2556,0.4347,0.0,0.0,0.0,0.4749,0.2369,0.0,0.2446,0.0436,0.0,0.401
17-3029.08,Photonics Technicians,0.4376,24,0.4451,0.4395,0.1431,0.0,0.1111,0.1011,0.0414,0.0,0.4331,0.1032,0.0669,0.4
49-9062.00,Medical Equipment Repairers,0.4348,20,0.3669,0.4396,0.1038,0.0,0.0,0.2286,0.0,0.0292,0.5478,0.0906,0.0,0.399
29-2034.00,Radiologic Technologists and Technicians,0.4347,30,0.2869,0.4455,0.1503,0.2017,0.0,0.177,0.2005,0.0427,0.1429,0.0508,0.034,0.398
29-2011.02,Cytotechnologists,0.4336,13,0.2767,0.3003,0.2966,0.348,0.0,0.1548,0.0,0.0726,0.128,0.0,0.0,0.397
39-3011.00,Gambling Dealers,0.4314,21,0.2918,0.6,0.0467,0.0,0.0,0.2256,0.0,0.0,0.0879,0.6397,0.0,0.395
29-1141.03,Critical Care Nurses,0.4309,29,0.214,0.4154,0.0818,0.4948,0.0,0.1042,0.0711,0.0298,0.0921,0.0982,0.0281,0.394
33-1011.00,First-Line Supervisors of Correctional Officers,0.4292,23,0.2118,0.4347,0.072,0.0932,0.0,0.1399,0.0402,0.377,0.1445,0.1331,0.0,0.393
29-1229.04,Physical Medicine and Rehabilitation Physicians,0.4287,15,0.0777,0.3137,0.0,0.8656,0.0,0.0777,0.0,0.0,0.0,0.0567,0.0,0.392
29-2081.00,"Opticians, Dispensing",0.4269,21,0.2486,0.3696,0.0,0.2123,0.0,0.1972,0.0515,0.0515,0.2104,0.2772,0.0,0.391
25-9043.00,"Teaching Assistants, Special Education",0.4266,30,0.2009,0.3236,0.0,0.1318,0.0747,0.1487,0.0,0.0334,0.2075,0.4039,0.0,0.39
45-4023.00,Log Graders and Scalers,0.4252,12,0.1522,0.3859,0.0,0.0,0.0,0.1522,0.0601,0.0576,0.6679,0.0622,0.0,0.389
29-2091.00,Orthotists and Prosthetists,0.4232,15,0.1956,0.3674,0.0,0.1409,0.0698,0.1956,0.0,0.1309,0.2958,0.167,0.0,0.388
31-9092.00,Medical Assistants,0.423,20,0.2939,0.4515,0.0,0.4205,0.0,0.3366,0.0409,0.0,0.16,0.042,0.0,0.387
29-9099.01,Midwives,0.423,36,0.1376,0.3955,0.1095,0.6602,0.0,0.0923,0.0,0.029,0.0534,0.0556,0.0,0.386
39-4031.00,"Morticians, Undertakers, and Funeral Arrangers",0.4226,22,0.1469,0.4025,0.0,0.0,0.0,0.1469,0.0,0.3636,0.216,0.2735,0.0,0.385
53-3053.00,Shuttle Drivers and Chauffeurs,0.4221,26,0.2308,0.5493,0.0,0.0,0.0,0.2507,0.2188,0.0,0.2083,0.3222,0.0,0.384
33-3051.00,Police and Sheriff's Patrol Officers,0.421,30,0.1765,0.4114,0.0356,0.1137,0.0,0.2748,0.0,0.0207,0.3756,0.1796,0.0,0.382
13-1074.00,Farm Labor Contractors,0.42,7,0.1615,0.2928,0.0,0.0,0.0,0.1615,0.0,0.5457,0.2928,0.0,0.0,0.381
33-9011.00,Animal Control Workers,0.4173,16,0.35,0.503,0.0,0.3703,0.0,0.3411,0.0,0.0,0.0635,0.2251,0.0,0.38
29-1211.00,Anesthesiologists,0.4171,18,0.1237,0.2644,0.0,0.7685,0.0,0.1237,0.0,0.0517,0.0,0.0561,0.0,0.379
51-9151.00,Photographic Process Workers and Processing Machine Operators,0.4156,27,0.3038,0.6563,0.0,0.0,0.0,0.0842,0.2656,0.0,0.4306,0.0,0.2196,0.378
27-4021.00,Photographers,0.414,28,0.3218,0.3955,0.1549,0.0,0.0483,0.1566,0.1068,0.0346,0.3866,0.0452,0.0671,0.377
27-1012.00,Craft Artists,0.4117,16,0.2049,0.3965,0.1518,0.0,0.2371,0.0497,0.0,0.0,0.3965,0.1649,0.0,0.376
29-2032.00,Diagnostic Medical Sonographers,0.4114,20,0.2587,0.4356,0.057,0.326,0.0,0.2347,0.2383,0.0422,0.1019,0.0,0.0,0.375
25-4013.00,Museum Technicians and Conservators,0.41,24,0.294,0.4933,0.0217,0.0,0.0,0.2295,0.028,0.1256,0.4652,0.0914,0.0386,0.374
51-5111.00,Prepress Technicians and Workers,0.4087,15,0.2536,0.6756,0.0359,0.0,0.0,0.0,0.3471,0.0,0.3635,0.0,0.2536,0.373
31-2011.00,Occupational Therapy Assistants,0.4083,22,0.1671,0.4014,0.0,0.5498,0.0,0.1671,0.0,0.0,0.0912,0.1919,0.0,0.372
47-2231.00,Solar Photovoltaic Installers,0.4077,26,0.2925,0.4372,0.408,0.0,0.0399,0.0752,0.0,0.0,0.4769,0.0,0.0,0.371
51-9071.06,Gem and Diamond Workers,0.4046,14,0.2007,0.5853,0.1096,0.0,0.0,0.1025,0.0441,0.0,0.6527,0.0911,0.0,0.369
49-9041.00,Industrial Machinery Mechanics,0.4031,16,0.3054,0.4972,0.0632,0.0,0.0,0.1915,0.0568,0.0163,0.5633,0.0581,0.0507,0.368
49-2022.00,"Telecommunications Equipment Installers and Repairers, Except Line Installers",0.4021,39,0.3046,0.4558,0.0761,0.0,0.0,0.138,0.0231,0.0972,0.5622,0.0462,0.0572,0.367
51-8092.00,Gas Plant Operators,0.4016,19,0.1272,0.5114,0.0,0.0,0.0,0.1272,0.4209,0.1152,0.2749,0.0619,0.0,0.366
49-2011.00,"Computer, Automated Teller, and Office Machine Repairers",0.4006,25,0.2844,0.4191,0.0407,0.0,0.0,0.1593,0.0478,0.0,0.4977,0.1279,0.1267,0.365
29-2031.00,Cardiovascular Technologists and Technicians,0.4002,21,0.238,0.4519,0.0842,0.4891,0.0,0.1538,0.1139,0.04,0.1189,0.0,0.0,0.364
33-3012.00,Correctional Officers and Jailers,0.3996,27,0.1958,0.524,0.0,0.0355,0.0,0.2098,0.0323,0.1619,0.3933,0.1251,0.042,0.363
53-3032.00,Heavy and Tractor-Trailer Truck Drivers,0.3984,29,0.2701,0.542,0.1182,0.0,0.0,0.2342,0.2501,0.0183,0.3337,0.0455,0.0,0.362
53-3052.00,"Bus Drivers, Transit and Intercity",0.3976,14,0.0995,0.5189,0.0,0.0826,0.0,0.1658,0.181,0.0,0.1759,0.3948,0.0,0.361
33-9094.00,School Bus Monitors,0.3972,18,0.0556,0.5,0.0,0.1111,0.0,0.1111,0.0556,0.0,0.0556,0.6667,0.0,0.36
53-3054.00,Taxi Drivers,0.3969,16,0.125,0.5,0.0625,0.0,0.0,0.125,0.1875,0.0,0.25,0.375,0.0,0.359
39-6012.00,Concierges,0.3959,18,0.0452,0.5354,0.0,0.0,0.0,0.1097,0.0,0.0526,0.1447,0.6931,0.0,0.358
37-2021.00,Pest Control Workers,0.3954,13,0.2567,0.5078,0.0652,0.0,0.0,0.1915,0.0799,0.0786,0.4723,0.1124,0.0,0.356
33-9092.00,"Lifeguards, Ski Patrol, and Other Recreational Protective Service Workers",0.3944,15,0.0758,0.4818,0.0,0.1839,0.0,0.1299,0.0423,0.0,0.3069,0.337,0.0,0.355
19-4051.00,Nuclear Technicians,0.3944,18,0.1258,0.4254,0.1258,0.0,0.0,0.2355,0.0,0.0,0.517,0.1216,0.0,0.354
53-3051.00,"Bus Drivers, School",0.3943,17,0.2274,0.5954,0.0,0.0,0.0,0.2274,0.2672,0.0,0.2273,0.278,0.0,0.353
27-1026.00,Merchandise Displayers and Window Trimmers,0.3919,24,0.1216,0.3891,0.0447,0.0,0.1643,0.0734,0.0426,0.0,0.4311,0.244,0.0,0.352
29-1041.00,Optometrists,0.3918,10,0.1066,0.3981,0.1066,0.7919,0.0,0.0,0.0,0.0,0.0,0.1015,0.0,0.351
29-2012.00,Medical and Clinical Laboratory Technicians,0.3912,13,0.2687,0.5032,0.3474,0.0952,0.0,0.035,0.0,0.0798,0.4426,0.0,0.0,0.35
51-2092.00,Team Assemblers,0.3892,11,0.2828,0.4861,0.0,0.0,0.0,0.196,0.0447,0.1804,0.5789,0.0,0.0,0.349
53-7072.00,"Pump Operators, Except Wellhead Pumpers",0.389,14,0.2458,0.5433,0.0,0.0,0.0,0.1702,0.2647,0.0755,0.4063,0.0832,0.0,0.348
53-5031.00,Ship Engineers,0.3885,17,0.2403,0.5224,0.0,0.0,0.0,0.2403,0.2674,0.1208,0.3303,0.0412,0.0,0.347
39-5091.00,"Makeup Artists, Theatrical and Performance",0.3881,22,0.3414,0.4284,0.0,0.4026,0.0747,0.2925,0.0,0.0489,0.0758,0.1055,0.0,0.346
29-2035.00,Magnetic Resonance Imaging Technologists,0.387,24,0.1481,0.4749,0.0945,0.2498,0.0,0.2111,0.1884,0.0,0.1665,0.0423,0.0473,0.345
49-2097.00,Audiovisual Equipment Installers and Repairers,0.3857,11,0.2403,0.5525,0.0671,0.0,0.0,0.1732,0.1018,0.0,0.4507,0.2072,0.0,0.343
29-2061.00,Licensed Practical and Licensed Vocational Nurses,0.3852,22,0.0794,0.3848,0.0554,0.5356,0.0,0.1103,0.05,0.0951,0.0937,0.0599,0.0,0.342
27-1023.00,Floral Designers,0.3847,15,0.1255,0.3391,0.153,0.0707,0.1403,0.0638,0.0,0.0629,0.3365,0.1727,0.0,0.341
19-4051.02,Nuclear Monitoring Technicians,0.3827,16,0.1665,0.5636,0.0678,0.0714,0.0,0.0987,0.0,0.0,0.4922,0.2699,0.0,0.34
29-1292.00,Dental Hygienists,0.3809,16,0.2858,0.6305,0.0,0.5413,0.0,0.2858,0.0696,0.0156,0.0878,0.0,0.0,0.339
29-1081.00,Podiatrists,0.3805,11,0.1458,0.4318,0.1089,0.5673,0.0,0.0688,0.0,0.0,0.079,0.1759,0.0,0.338
49-9091.00,"Coin, Vending, and Amusement Machine Servicers and Repairers",0.3801,18,0.2742,0.5532,0.0,0.0,0.0,0.3174,0.0732,0.0508,0.5587,0.0,0.0,0.337
31-2012.00,Occupational Therapy Aides,0.3796,15,0.0792,0.5111,0.0,0.3191,0.0,0.1441,0.0,0.0632,0.1831,0.2905,0.0,0.336
35-3031.00,Waiters and Waitresses,0.3791,25,0.2463,0.5273,0.0,0.0,0.0,0.2379,0.0,0.0,0.4988,0.2634,0.0,0.335
19-4012.00,Agricultural Technicians,0.3783,26,0.3268,0.5451,0.0,0.0259,0.0214,0.2452,0.0926,0.0835,0.4266,0.1049,0.0,0.334
43-5021.00,Couriers and Messengers,0.3773,15,0.2185,0.5386,0.0807,0.0,0.0,0.1786,0.0843,0.0,0.4543,0.2022,0.0,0.333
29-2099.01,Neurodiagnostic Technologists,0.3767,16,0.1171,0.4938,0.0,0.5101,0.0,0.2536,0.0574,0.0,0.122,0.0569,0.0,0.332
31-9093.00,Medical Equipment Preparers,0.3761,15,0.2899,0.4791,0.0,0.0208,0.0,0.2899,0.2309,0.0,0.4583,0.0,0.0,0.33
51-5112.00,Printing Press Operators,0.3744,23,0.2192,0.5519,0.0,0.0,0.0,0.1773,0.139,0.0463,0.5217,0.0,0.1156,0.329
33-9032.00,Security Guards,0.373,14,0.0845,0.4583,0.0,0.1504,0.0,0.0845,0.1676,0.0,0.44,0.1574,0.0,0.328
29-1124.00,Radiation Therapists,0.3728,22,0.1925,0.5164,0.0365,0.5347,0.0,0.1559,0.0506,0.0427,0.1796,0.0,0.0,0.327
51-8093.00,"Petroleum Pump System Operators, Refinery Operators, and Gaugers",0.3727,24,0.1544,0.5758,0.023,0.0,0.0,0.0823,0.3407,0.1157,0.4383,0.0,0.0,0.326
53-7071.00,Gas Compressor and Gas Pumping Station Operators,0.3724,13,0.2403,0.5852,0.0,0.0,0.0,0.2403,0.5132,0.0,0.2465,0.0,0.0,0.325
53-6051.07,"Transportation Vehicle, Equipment and Systems Inspectors, Except Aviation",0.3724,14,0.252,0.6691,0.0832,0.0,0.0,0.1686,0.0,0.0,0.6691,0.0791,0.0,0.324
51-8091.00,Chemical Plant and System Operators,0.3722,19,0.0999,0.5487,0.0378,0.0,0.0,0.062,0.4127,0.121,0.3059,0.0605,0.0,0.323
51-9061.00,"Inspectors, Testers, Sorters, Samplers, and Weighers",0.3717,31,0.1645,0.5646,0.0,0.0,0.0,0.122,0.1092,0.0152,0.6486,0.105,0.0,0.322
31-2021.00,Physical Therapist Assistants,0.3693,21,0.0928,0.4251,0.0,0.5084,0.0,0.1408,0.0437,0.0,0.0857,0.2214,0.0,0.321
51-8021.00,Stationary Engineers and Boiler Operators,0.3676,25,0.0924,0.4675,0.0,0.0,0.0,0.1166,0.3495,0.1112,0.3883,0.0344,0.0,0.32
47-4099.03,Weatherization Installers and Technicians,0.3663,20,0.3413,0.6587,0.0485,0.0,0.0,0.0929,0.0,0.0,0.6587,0.1999,0.0,0.319
39-3021.00,Motion Picture Projectionists,0.3638,17,0.1242,0.4283,0.0,0.0,0.0,0.2173,0.4381,0.0,0.3446,0.0,0.0,0.317
29-1126.00,Respiratory Therapists,0.3624,22,0.1506,0.4899,0.0977,0.5187,0.0,0.1052,0.0534,0.0374,0.0948,0.0928,0.0,0.316
29-1229.03,Urologists,0.3615,14,0.1511,0.4941,0.0756,0.5676,0.0,0.0755,0.0725,0.0734,0.0,0.1354,0.0,0.315
51-9051.00,"Furnace, Kiln, Oven, Drier, and Kettle Operators and Tenders",0.3611,17,0.1967,0.5809,0.0516,0.0,0.0,0.1451,0.0964,0.126,0.5809,0.0,0.0,0.314
49-2098.00,Security and Fire Alarm Systems Installers,0.3577,16,0.3189,0.6341,0.1001,0.0,0.0,0.1456,0.0,0.0,0.6341,0.1203,0.0,0.313
39-9011.00,Childcare Workers,0.3547,24,0.1314,0.4705,0.0,0.1811,0.0426,0.0887,0.0,0.0678,0.286,0.3337,0.0,0.312
29-1151.00,Nurse Anesthetists,0.3517,24,0.1623,0.5446,0.0856,0.5224,0.0,0.1616,0.0,0.0,0.1954,0.0351,0.0,0.311
35-2013.00,"Cooks, Private Household",0.3486,13,0.339,0.5164,0.0,0.0,0.1613,0.1777,0.0,0.1447,0.5164,0.0,0.0,0.31
51-4041.00,Machinists,0.348,29,0.2003,0.5569,0.0313,0.0,0.0498,0.038,0.2406,0.0213,0.4546,0.1281,0.0364,0.309
29-1291.00,Acupuncturists,0.348,18,0.1168,0.5434,0.0568,0.7245,0.0,0.1212,0.0,0.0,0.0416,0.0559,0.0,0.308
35-2012.00,"Cooks, Institution and Cafeteria",0.3479,17,0.1671,0.4883,0.0233,0.0,0.0438,0.2684,0.0,0.0567,0.544,0.0636,0.0,0.307
31-9011.00,Massage Therapists,0.3465,14,0.078,0.4618,0.0,0.5978,0.0,0.078,0.0,0.0,0.0861,0.2381,0.0,0.306
39-9011.01,Nannies,0.3464,19,0.0466,0.3676,0.0,0.2436,0.0,0.0466,0.0,0.0559,0.2161,0.4378,0.0,0.304
39-5093.00,Shampooers,0.3449,4,0.204,0.5443,0.0,0.796,0.0,0.204,0.0,0.0,0.0,0.0,0.0,0.303
51-4061.00,"Model Makers, Metal and Plastic",0.3448,16,0.2516,0.6849,0.0,0.0,0.0,0.1504,0.1486,0.0635,0.5364,0.0,0.1012,0.302
49-9099.01,Geothermal Technicians,0.3445,24,0.2981,0.5898,0.1246,0.0,0.0262,0.1473,0.0,0.0,0.7019,0.0,0.0,0.301
29-2033.00,Nuclear Medicine Technologists,0.3406,17,0.1595,0.5891,0.0892,0.2982,0.0,0.1289,0.264,0.0499,0.1699,0.0,0.0,0.3
51-8099.01,Biofuels Processing Technicians,0.3404,19,0.1226,0.5696,0.0,0.0,0.0,0.3025,0.1783,0.035,0.4842,0.0,0.0,0.299
31-1122.00,Personal Care Aides,0.3383,11,0.2035,0.6294,0.0,0.3114,0.0,0.1101,0.061,0.0934,0.1558,0.2683,0.0,0.298
29-2042.00,Emergency Medical Technicians,0.3382,12,0.1667,0.5833,0.0833,0.5,0.0,0.0833,0.0833,0.0,0.1667,0.0833,0.0,0.297
35-3011.00,Bartenders,0.3381,20,0.2754,0.5781,0.0561,0.0,0.0601,0.1593,0.0,0.0844,0.6401,0.0,0.0,0.296
51-9011.00,Chemical Equipment Operators and Tenders,0.3378,23,0.1363,0.6134,0.0412,0.0,0.0,0.0951,0.246,0.0735,0.4975,0.0467,0.0,0.295
51-2021.00,"Coil Winders, Tapers, and Finishers",0.3363,11,0.2302,0.6003,0.0923,0.0,0.0,0.3074,0.147,0.0,0.4533,0.0,0.0,0.294
51-9141.00,Semiconductor Processing Technicians,0.3362,20,0.2518,0.6393,0.0449,0.0,0.0,0.1409,0.0542,0.0,0.6941,0.0,0.0659,0.293
33-3011.00,Bailiffs,0.3357,15,0.189,0.5994,0.0,0.0,0.0,0.0447,0.0,0.0,0.7457,0.2095,0.0,0.291
31-9091.00,Dental Assistants,0.3356,16,0.1918,0.5935,0.0,0.2918,0.0,0.2643,0.0748,0.0,0.3043,0.0647,0.0,0.29
51-8013.00,Power Plant Operators,0.3342,30,0.0663,0.628,0.0256,0.0,0.0,0.1174,0.464,0.0,0.2903,0.1027,0.0,0.289
29-2043.00,Paramedics,0.3333,13,0.1538,0.5385,0.0769,0.6923,0.0,0.0769,0.0,0.0,0.0,0.1538,0.0,0.288
39-5011.00,Barbers,0.3332,18,0.2126,0.5627,0.0,0.163,0.0,0.2126,0.0,0.0502,0.4539,0.1202,0.0,0.287
31-9099.02,Endoscopy Technicians,0.3328,12,0.2457,0.5951,0.0,0.1601,0.0,0.2457,0.1643,0.0,0.3583,0.0717,0.0,0.286
53-7065.00,Stockers and Order Fillers,0.3324,30,0.3022,0.6728,0.052,0.0,0.0,0.1975,0.0323,0.0,0.6405,0.0778,0.0,0.285
43-9051.00,"Mail Clerks and Mail Machine Operators, Except Postal Service",0.3312,26,0.2449,0.6901,0.105,0.0,0.0,0.0927,0.0168,0.0171,0.6901,0.0427,0.0355,0.284
51-4023.00,"Rolling Machine Setters, Operators, and Tenders, Metal and Plastic",0.3305,19,0.1631,0.5663,0.0895,0.0,0.0,0.1144,0.3503,0.0519,0.3939,0.0,0.0,0.283
51-3092.00,Food Batchmakers,0.3294,25,0.1682,0.5763,0.1545,0.0,0.0,0.0539,0.4552,0.042,0.2944,0.0,0.0,0.282
39-5012.00,"Hairdressers, Hairstylists, and Cosmetologists",0.3278,22,0.1744,0.538,0.0,0.3635,0.0567,0.217,0.0,0.0395,0.2678,0.0555,0.0,0.281
31-1133.00,Psychiatric Aides,0.3275,17,0.1103,0.5943,0.0,0.5397,0.0,0.148,0.0,0.0,0.1126,0.1997,0.0,0.28
43-5053.00,"Postal Service Mail Sorters, Processors, and Processing Machine Operators",0.3271,14,0.2478,0.6676,0.0994,0.0,0.0,0.0402,0.0434,0.0,0.6242,0.0845,0.1083,0.278
47-5013.00,"Service Unit Operators, Oil and Gas",0.3253,19,0.0752,0.6244,0.109,0.0,0.0,0.165,0.3112,0.0828,0.2666,0.0655,0.0,0.277
51-7032.00,"Patternmakers, Wood",0.3233,20,0.2002,0.627,0.0897,0.0,0.0543,0.1406,0.0585,0.0532,0.6036,0.0,0.0,0.276
47-2111.00,Electricians,0.3229,21,0.2306,0.5278,0.0317,0.0,0.0576,0.0889,0.0,0.0987,0.685,0.0381,0.0,0.275
51-3091.00,"Food and Tobacco Roasting, Baking, and Drying Machine Operators and Tenders",0.3195,19,0.1386,0.6426,0.0,0.0,0.0,0.1386,0.2721,0.0,0.5893,0.0,0.0,0.274
51-8013.03,Biomass Plant Technicians,0.3183,18,0.1205,0.6906,0.0,0.0,0.0,0.187,0.3845,0.0,0.4285,0.0,0.0,0.273
49-9031.00,Home Appliance Repairers,0.3178,29,0.162,0.568,0.0406,0.0,0.0,0.1628,0.107,0.0337,0.6151,0.0409,0.0,0.272
29-2092.00,Hearing Aid Specialists,0.3176,11,0.0912,0.6034,0.0,0.5015,0.0,0.0912,0.0,0.0,0.2148,0.1925,0.0,0.271
53-6021.00,Parking Attendants,0.3165,15,0.0738,0.6486,0.0738,0.0,0.0,0.0921,0.0675,0.0,0.4188,0.3479,0.0,0.27
49-2091.00,Avionics Technicians,0.3158,13,0.2062,0.5342,0.0786,0.0,0.0284,0.0992,0.0,0.0,0.7086,0.0852,0.0,0.269
39-3093.00,"Locker Room, Coatroom, and Dressing Room Attendants",0.3149,23,0.2711,0.5932,0.0,0.0387,0.0,0.1364,0.0,0.0,0.567,0.2579,0.0,0.268
33-2011.00,Firefighters,0.3146,30,0.0648,0.5309,0.0385,0.152,0.0,0.1404,0.0,0.0349,0.4767,0.1575,0.0,0.267
35-3023.01,Baristas,0.3083,19,0.1628,0.5846,0.0,0.0,0.0387,0.1746,0.0459,0.0,0.5846,0.1562,0.0,0.265
31-1131.00,Nursing Assistants,0.3078,33,0.1334,0.6337,0.036,0.5232,0.0,0.1335,0.0,0.0,0.2075,0.0998,0.0,0.264
53-7081.00,Refuse and Recyclable Material Collectors,0.3078,14,0.235,0.6819,0.0,0.0,0.0,0.1869,0.2206,0.0,0.4613,0.1311,0.0,0.263
51-6061.00,Textile Bleaching and Dyeing Machine Operators and Tenders,0.3063,23,0.109,0.6328,0.0,0.0,0.0,0.072,0.1368,0.0,0.6401,0.114,0.037,0.262
39-5094.00,Skincare Specialists,0.3063,18,0.1296,0.5347,0.0,0.7131,0.0,0.1296,0.0,0.0,0.069,0.0883,0.0,0.261
51-3011.00,Bakers,0.3053,18,0.175,0.6508,0.0501,0.0,0.0299,0.0949,0.1755,0.0434,0.6061,0.0,0.0,0.26
27-2011.00,Actors,0.3052,18,0.1383,0.6592,0.0,0.0,0.6748,0.153,0.0,0.0,0.0157,0.1565,0.0,0.259
51-2022.00,Electrical and Electronic Equipment Assemblers,0.3033,16,0.1619,0.6319,0.0,0.0,0.0,0.2022,0.0,0.0662,0.6319,0.0997,0.0,0.258
51-4191.00,"Heat Treating Equipment Setters, Operators, and Tenders, Metal and Plastic",0.3022,23,0.2142,0.7231,0.0796,0.0,0.0,0.1346,0.1228,0.0,0.6003,0.0627,0.0,0.257
43-5111.00,"Weighers, Measurers, Checkers, and Samplers, Recordkeeping",0.3019,18,0.1481,0.7251,0.0,0.0,0.0,0.0814,0.0,0.0,0.7958,0.0952,0.0276,0.256
53-1041.00,Aircraft Cargo Handling Supervisors,0.3016,6,0.0,0.6004,0.0,0.0,0.0,0.0,0.0,0.1926,0.6004,0.207,0.0,0.255
53-7121.00,"Tank Car, Truck, and Ship Loaders",0.3003,19,0.1412,0.7041,0.071,0.0,0.0,0.225,0.2049,0.0491,0.4501,0.0,0.0,0.254
29-2053.00,Psychiatric Technicians,0.2995,16,0.0253,0.6071,0.0,0.5908,0.0,0.1074,0.0,0.0,0.0,0.3018,0.0,0.252
39-2011.00,Animal Trainers,0.2986,15,0.0763,0.4952,0.0,0.1572,0.0,0.0763,0.0,0.281,0.4228,0.0628,0.0,0.251
31-2022.00,Physical Therapist Aides,0.2977,19,0.1585,0.5796,0.0,0.4865,0.0,0.1585,0.0,0.0,0.253,0.1021,0.0,0.25
51-8031.00,Water and Wastewater Treatment Plant and System Operators,0.2963,8,0.1375,0.7491,0.0,0.0,0.0,0.1375,0.2678,0.1134,0.4812,0.0,0.0,0.249
53-4022.00,"Railroad Brake, Signal, and Switch Operators and Locomotive Firers",0.295,26,0.067,0.6214,0.0,0.0,0.0,0.1579,0.2737,0.0,0.5083,0.0602,0.0,0.248
39-2021.00,Animal Caretakers,0.2948,22,0.174,0.5834,0.0,0.4607,0.0,0.1442,0.0,0.0,0.2446,0.1505,0.0,0.247
49-9021.00,"Heating, Air Conditioning, and Refrigeration Mechanics and Installers",0.2947,30,0.2169,0.6533,0.0439,0.0,0.0,0.1752,0.03,0.0304,0.649,0.0715,0.0,0.246
49-9061.00,Camera and Photographic Equipment Repairers,0.2946,15,0.22,0.6877,0.0,0.0,0.0,0.2021,0.0,0.0,0.78,0.0179,0.0,0.245
51-6062.00,"Textile Cutting Machine Setters, Operators, and Tenders",0.2937,18,0.1412,0.6456,0.0,0.0,0.0,0.1019,0.259,0.0,0.4637,0.1362,0.0393,0.244
29-1021.00,"Dentists, General",0.2932,20,0.0823,0.67,0.051,0.6665,0.0372,0.0314,0.1153,0.0443,0.0544,0.0,0.0,0.243
47-2132.00,"Insulation Workers, Mechanical",0.2917,9,0.1072,0.6665,0.2262,0.0,0.0,0.1072,0.0,0.0,0.6665,0.0,0.0,0.242
47-4021.00,Elevator and Escalator Installers and Repairers,0.2914,20,0.224,0.776,0.0561,0.0,0.0,0.1679,0.0,0.0,0.776,0.0,0.0,0.241
51-4122.00,"Welding, Soldering, and Brazing Machine Setters, Operators, and Tenders",0.2913,29,0.1568,0.6189,0.1107,0.0,0.0304,0.0865,0.0791,0.0431,0.6119,0.0,0.0384,0.239
29-2099.05,Ophthalmic Medical Technologists,0.2912,31,0.0792,0.7321,0.0383,0.7049,0.0,0.0792,0.0518,0.0325,0.0684,0.025,0.0,0.238
53-5022.00,Motorboat Operators,0.2899,16,0.0688,0.6486,0.0,0.0,0.0,0.0688,0.2856,0.2792,0.2923,0.0741,0.0,0.237
51-9191.00,Adhesive Bonding Machine Operators and Tenders,0.2896,16,0.1389,0.6463,0.0,0.0,0.0,0.1389,0.2143,0.0,0.6468,0.0,0.0,0.236
35-3041.00,"Food Servers, Nonrestaurant",0.2891,14,0.1055,0.6734,0.0,0.0,0.0,0.2575,0.0,0.0,0.6215,0.121,0.0,0.235
51-6092.00,Fabric and Apparel Patternmakers,0.289,16,0.0578,0.6371,0.0,0.0,0.3051,0.0,0.0,0.0,0.6371,0.0,0.0578,0.234
51-9021.00,"Crushing, Grinding, and Polishing Machine Setters, Operators, and Tenders",0.2887,21,0.0991,0.7192,0.0,0.0,0.0,0.0991,0.2254,0.0,0.6108,0.0646,0.0,0.233
31-9096.00,Veterinary Assistants and Laboratory Animal Caretakers,0.2881,28,0.1584,0.654,0.0,0.6155,0.0,0.1584,0.0,0.0,0.1604,0.0657,0.0,0.232
49-2093.00,"Electrical and Electronics Installers and Repairers, Transportation Equipment",0.2849,15,0.1876,0.7591,0.0302,0.0,0.0,0.1574,0.0,0.0,0.7591,0.0533,0.0,0.231
29-2011.04,Histotechnologists,0.2833,16,0.184,0.7017,0.1137,0.0635,0.0,0.0703,0.0852,0.0568,0.553,0.0576,0.0,0.23
49-3011.00,Aircraft Mechanics and Service Technicians,0.2833,38,0.142,0.7284,0.0,0.0,0.0,0.1531,0.0647,0.0,0.7368,0.0263,0.0191,0.229
31-1121.00,Home Health Aides,0.2832,15,0.0931,0.642,0.0,0.5945,0.0,0.0931,0.0,0.0,0.1151,0.1974,0.0,0.228
51-4081.00,"Multiple Machine Tool Setters, Operators, and Tenders, Metal and Plastic",0.2821,21,0.118,0.6783,0.0481,0.0,0.0,0.0967,0.1602,0.0,0.6209,0.0528,0.0213,0.226
39-4012.00,Crematory Operators,0.2819,12,0.25,0.75,0.0833,0.1667,0.0,0.0833,0.1667,0.0,0.3333,0.1667,0.0,0.225
35-3023.00,Fast Food and Counter Workers,0.2819,27,0.2474,0.661,0.0368,0.0,0.0,0.1576,0.0,0.0,0.6941,0.1115,0.0,0.224
53-6031.00,Automotive and Watercraft Service Attendants,0.2799,14,0.1712,0.7097,0.0,0.0,0.0,0.2608,0.0315,0.0,0.6782,0.0295,0.0,0.223
51-8013.04,Hydroelectric Plant Technicians,0.2799,21,0.1005,0.7357,0.0,0.0,0.0,0.1005,0.312,0.0,0.5347,0.0528,0.0,0.222
53-7011.00,Conveyor Operators and Tenders,0.2796,20,0.0911,0.6521,0.0,0.0,0.0,0.1386,0.1947,0.0,0.523,0.1436,0.0,0.221
39-6011.00,Baggage Porters and Bellhops,0.2796,17,0.1292,0.7007,0.0,0.0798,0.0,0.0589,0.0,0.0,0.5865,0.2748,0.0,0.22
51-4035.00,"Milling and Planing Machine Setters, Operators, and Tenders, Metal and Plastic",0.2791,15,0.1453,0.6542,0.1296,0.0,0.0,0.1453,0.0709,0.0,0.6542,0.0,0.0,0.219
49-9064.00,Watch and Clock Repairers,0.2777,15,0.1914,0.6763,0.0691,0.0,0.0,0.1222,0.0,0.0,0.7449,0.0638,0.0,0.218
51-6063.00,"Textile Knitting and Weaving Machine Setters, Operators, and Tenders",0.277,19,0.1144,0.7588,0.0,0.0,0.0,0.0837,0.2467,0.0,0.5121,0.1268,0.0306,0.217
47-5023.00,"Earth Drillers, Except Oil and Gas",0.2757,29,0.1491,0.6876,0.1556,0.0,0.0414,0.1154,0.3511,0.0,0.3364,0.0,0.0,0.216
53-4013.00,"Rail Yard Engineers, Dinkey Operators, and Hostlers",0.2751,23,0.0648,0.701,0.0,0.0,0.0,0.1592,0.2139,0.0,0.4871,0.1398,0.0,0.215
53-7021.00,Crane and Tower Operators,0.2746,11,0.0721,0.6728,0.1261,0.0,0.0,0.113,0.1279,0.0881,0.5449,0.0,0.0,0.213
29-2057.00,Ophthalmic Medical Technicians,0.2745,20,0.0606,0.7309,0.0,0.6646,0.0,0.1202,0.0,0.0,0.1086,0.1066,0.0,0.212
39-4021.00,Funeral Attendants,0.2735,24,0.1672,0.731,0.0631,0.0251,0.0,0.1041,0.0476,0.0438,0.5413,0.1749,0.0,0.211
27-4015.00,Lighting Technicians,0.2734,16,0.125,0.625,0.0,0.0,0.0,0.0625,0.0625,0.0,0.6875,0.125,0.0625,0.21
49-9043.00,"Maintenance Workers, Machinery",0.2726,18,0.1182,0.6468,0.0,0.0,0.0,0.1723,0.1167,0.0596,0.6515,0.0,0.0,0.209
45-2092.00,"Farmworkers and Laborers, Crop, Nursery, and Greenhouse",0.2722,27,0.1649,0.6448,0.0,0.0,0.0,0.1294,0.1417,0.0555,0.5928,0.0806,0.0,0.208
51-4111.00,Tool and Die Makers,0.2699,17,0.1543,0.7257,0.0592,0.0,0.0861,0.0681,0.1883,0.0,0.5983,0.0,0.0,0.207
45-2021.00,Animal Breeders,0.2694,21,0.1615,0.7003,0.0,0.572,0.0,0.1615,0.0,0.0,0.2027,0.0639,0.0,0.206
47-4071.00,Septic Tank Servicers and Sewer Pipe Cleaners,0.2681,22,0.1229,0.7541,0.0506,0.0,0.0,0.1229,0.1092,0.0,0.6449,0.0724,0.0,0.205
51-9071.00,Jewelers and Precious Stone and Metal Workers,0.2671,30,0.1133,0.6287,0.1114,0.0,0.1504,0.0734,0.0,0.0,0.6648,0.0,0.0,0.204
51-3093.00,Food Cooking Machine Operators and Tenders,0.2663,17,0.1382,0.7366,0.0,0.0,0.0,0.1382,0.3932,0.0,0.4686,0.0,0.0,0.203
51-9041.00,"Extruding, Forming, Pressing, and Compacting Machine Setters, Operators, and Tenders",0.2661,26,0.1032,0.7236,0.0395,0.0,0.0,0.1294,0.1966,0.0,0.5863,0.0481,0.0,0.202
51-4062.00,"Patternmakers, Metal and Plastic",0.2624,15,0.0702,0.7105,0.0452,0.0,0.0914,0.0827,0.1063,0.0,0.6041,0.0,0.0702,0.2
47-5032.00,"Explosives Workers, Ordnance Handling Experts, and Blasters",0.2616,27,0.1377,0.6919,0.1033,0.0,0.0254,0.157,0.1727,0.05,0.4917,0.0,0.0,0.199
51-9012.00,"Separating, Filtering, Clarifying, Precipitating, and Still Machine Setters, Operators, and Tenders",0.2612,20,0.058,0.7481,0.0634,0.0,0.0,0.058,0.1962,0.0,0.6238,0.0586,0.0,0.198
49-9071.00,"Maintenance and Repair Workers, General",0.2586,27,0.2017,0.7152,0.0348,0.0,0.0378,0.1291,0.0461,0.0831,0.6691,0.0,0.0,0.197
29-2056.00,Veterinary Technologists and Technicians,0.2569,31,0.1201,0.6846,0.0,0.5817,0.0,0.1501,0.0339,0.029,0.2053,0.0,0.0,0.196
51-6091.00,"Extruding and Forming Machine Setters, Operators, and Tenders, Synthetic and Glass Fibers",0.2568,17,0.0768,0.6649,0.0,0.0,0.0,0.1223,0.362,0.0,0.5157,0.0,0.0,0.195
47-2152.00,"Plumbers, Pipefitters, and Steamfitters",0.2561,30,0.1813,0.7803,0.07,0.0,0.0349,0.076,0.0176,0.0783,0.7231,0.0,0.0,0.194
51-9193.00,Cooling and Freezing Equipment Operators and Tenders,0.2555,18,0.0855,0.6688,0.0,0.0,0.0,0.0855,0.2175,0.0,0.697,0.0,0.0,0.193
51-3021.00,Butchers and Meat Cutters,0.2554,11,0.1549,0.7307,0.0904,0.0,0.0,0.0645,0.0,0.0729,0.7307,0.0415,0.0,0.192
51-4034.00,"Lathe and Turning Machine Tool Setters, Operators, and Tenders, Metal and Plastic",0.254,18,0.115,0.7163,0.0504,0.0,0.0,0.0589,0.1791,0.0,0.6555,0.0,0.0562,0.191
47-5022.00,"Excavating and Loading Machine and Dragline Operators, Surface Mining",0.2526,16,0.0795,0.7163,0.0517,0.0,0.0,0.0795,0.2569,0.0767,0.4594,0.0759,0.0,0.19
27-2042.00,Musicians and Singers,0.2507,29,0.116,0.742,0.0,0.0,0.6685,0.116,0.0,0.0284,0.1291,0.0581,0.0,0.189
31-9097.00,Phlebotomists,0.2486,23,0.0934,0.7287,0.0,0.2347,0.0,0.1202,0.0,0.0,0.5972,0.0478,0.0,0.187
47-2073.00,Operating Engineers and Other Construction Equipment Operators,0.2485,26,0.1298,0.7562,0.0349,0.0,0.0,0.2089,0.3052,0.0,0.4509,0.0,0.0,0.186
51-4051.00,Metal-Refining Furnace Operators and Tenders,0.2467,15,0.0842,0.7562,0.0783,0.0,0.0,0.0842,0.1112,0.0486,0.6777,0.0,0.0,0.185
45-4011.00,Forest and Conservation Workers,0.2461,17,0.1265,0.7408,0.0473,0.0,0.0,0.0569,0.1255,0.0,0.6153,0.1549,0.0,0.184
49-9081.00,Wind Turbine Service Technicians,0.2453,12,0.0,0.3811,0.0,0.0,0.0,0.0,0.0,0.0,0.9286,0.0714,0.0,0.183
51-9023.00,"Mixing and Blending Machine Setters, Operators, and Tenders",0.2452,20,0.1084,0.8315,0.0,0.0,0.0,0.1084,0.2675,0.0,0.6241,0.0,0.0,0.182
51-9192.00,"Cleaning, Washing, and Metal Pickling Equipment Operators and Tenders",0.245,11,0.0954,0.8026,0.0,0.0,0.0,0.0954,0.2919,0.0,0.6127,0.0,0.0,0.181
47-2211.00,Sheet Metal Workers,0.2441,19,0.1426,0.7319,0.1024,0.0,0.0387,0.0638,0.0,0.0632,0.7319,0.0,0.0,0.18
51-4022.00,"Forging Machine Setters, Operators, and Tenders, Metal and Plastic",0.2441,13,0.1073,0.8065,0.0,0.0,0.0,0.1073,0.3012,0.0,0.5053,0.0862,0.0,0.179
49-2096.00,"Electronic Equipment Installers and Repairers, Motor Vehicles",0.2439,12,0.1487,0.7634,0.0691,0.0,0.0,0.0796,0.0,0.0,0.7634,0.0879,0.0,0.178
51-6064.00,"Textile Winding, Twisting, and Drawing Out Machine Setters, Operators, and Tenders",0.2436,23,0.079,0.664,0.0,0.0,0.0,0.079,0.3654,0.0,0.4824,0.0732,0.0,0.177
49-3053.00,Outdoor Power Equipment and Other Small Engine Mechanics,0.2431,14,0.0784,0.73,0.0709,0.0,0.0,0.0784,0.0,0.0,0.73,0.1207,0.0,0.176
49-3041.00,Farm Equipment Mechanics and Service Technicians,0.2422,14,0.132,0.7789,0.0439,0.0,0.0,0.1772,0.0,0.0,0.7789,0.0,0.0,0.174
51-5113.00,Print Binding and Finishing Workers,0.2419,25,0.1091,0.7677,0.0,0.0,0.0,0.1091,0.2634,0.0,0.5532,0.0743,0.0,0.173
51-9195.04,"Glass Blowers, Molders, Benders, and Finishers",0.2412,16,0.1298,0.7511,0.0704,0.0,0.0911,0.0875,0.0512,0.0,0.6999,0.0,0.0,0.172
49-9097.00,Signal and Track Switch Repairers,0.2412,12,0.0869,0.9131,0.0,0.0,0.0,0.0869,0.0993,0.0,0.8138,0.0,0.0,0.171
29-1071.01,Anesthesiologist Assistants,0.2396,16,0.116,0.6965,0.0,0.5511,0.0,0.116,0.0,0.0514,0.2815,0.0,0.0,0.17
45-4022.00,Logging Equipment Operators,0.2388,9,0.098,0.7857,0.0,0.0,0.0,0.098,0.5829,0.0,0.3191,0.0,0.0,0.169
49-3042.00,"Mobile Heavy Equipment Mechanics, Except Engines",0.2388,20,0.0988,0.7748,0.0,0.0,0.0,0.1371,0.0572,0.0356,0.7702,0.0,0.0,0.168
53-7062.00,"Laborers and Freight, Stock, and Material Movers, Hand",0.2386,13,0.2093,0.7907,0.0,0.0,0.0,0.2093,0.0856,0.0,0.7052,0.0,0.0,0.167
51-4192.00,"Layout Workers, Metal and Plastic",0.2383,14,0.1416,0.7119,0.0,0.0,0.1991,0.0,0.0844,0.089,0.6275,0.0,0.0,0.166
49-2092.00,"Electric Motor, Power Tool, and Related Repairers",0.231,31,0.0926,0.6939,0.0,0.0,0.0,0.1482,0.0483,0.0,0.8035,0.0,0.0,0.165
27-2031.00,Dancers,0.2306,14,0.1339,0.7668,0.0,0.0,0.4956,0.1339,0.0,0.0,0.3268,0.0437,0.0,0.164
51-9194.00,Etchers and Engravers,0.2304,26,0.1128,0.8471,0.0388,0.0,0.0402,0.074,0.0663,0.0,0.7808,0.0,0.0,0.163
51-4033.00,"Grinding, Lapping, Polishing, and Buffing Machine Tool Setters, Operators, and Tenders, Metal and Plastic",0.2302,18,0.0584,0.7579,0.0671,0.0,0.0,0.0584,0.3814,0.0,0.4931,0.0,0.0,0.161
49-3023.00,Automotive Service Technicians and Mechanics,0.2296,30,0.115,0.7328,0.0369,0.0,0.0,0.0866,0.0427,0.0372,0.7589,0.0377,0.0,0.16
49-9092.00,Commercial Divers,0.2295,23,0.0538,0.7328,0.0178,0.0442,0.0,0.0538,0.1306,0.0371,0.656,0.0605,0.0,0.159
35-2014.00,"Cooks, Restaurant",0.2288,20,0.1111,0.7076,0.0583,0.0,0.0326,0.0202,0.066,0.0481,0.7748,0.0,0.0,0.158
49-9012.00,"Control and Valve Installers and Repairers, Except Mechanical Door",0.2287,32,0.0912,0.7499,0.0,0.0,0.0,0.1157,0.0,0.0,0.83,0.0543,0.0,0.157
49-2021.00,"Radio, Cellular, and Tower Equipment Installers and Repairers",0.2282,30,0.113,0.814,0.0,0.0,0.0,0.113,0.0186,0.0,0.8685,0.0,0.0,0.156
51-9032.00,"Cutting and Slicing Machine Setters, Operators, and Tenders",0.2257,25,0.0967,0.752,0.038,0.0,0.0,0.0967,0.3071,0.026,0.5322,0.0,0.0,0.155
49-3092.00,Recreational Vehicle Service Technicians,0.2241,17,0.1168,0.8209,0.059,0.0,0.0,0.0624,0.0,0.0,0.8209,0.0578,0.0,0.154
49-3051.00,Motorboat Mechanics and Service Technicians,0.2236,13,0.0809,0.7575,0.0,0.0,0.0,0.0809,0.1616,0.0,0.7575,0.0,0.0,0.153
51-9022.00,"Grinding and Polishing Workers, Hand",0.222,17,0.1091,0.8192,0.0718,0.0,0.0,0.1091,0.0706,0.0,0.7486,0.0,0.0,0.152
49-9011.00,Mechanical Door Repairers,0.2216,25,0.1733,0.7679,0.0,0.0,0.0,0.2191,0.0,0.0,0.7809,0.0,0.0,0.151
51-9123.00,"Painting, Coating, and Decorating Workers",0.2209,9,0.12,0.7742,0.1058,0.0,0.0,0.12,0.1451,0.0,0.6291,0.0,0.0,0.15
53-7073.00,Wellhead Pumpers,0.2208,14,0.0,0.7429,0.0,0.0,0.0,0.0,0.432,0.0542,0.5138,0.0,0.0,0.148
45-2041.00,"Graders and Sorters, Agricultural Products",0.219,5,0.1292,0.8708,0.0,0.0,0.0,0.1292,0.0,0.0,0.8708,0.0,0.0,0.147
47-5012.00,"Rotary Drill Operators, Oil and Gas",0.2188,20,0.0583,0.7676,0.1157,0.0,0.0,0.0583,0.2548,0.0578,0.455,0.0584,0.0,0.146
29-2055.00,Surgical Technologists,0.2182,16,0.0904,0.6923,0.0,0.529,0.0,0.0904,0.0718,0.0,0.3088,0.0,0.0,0.145
53-5011.00,Sailors and Marine Oilers,0.218,28,0.1113,0.7575,0.0207,0.0361,0.0,0.1113,0.0682,0.0357,0.7279,0.0,0.0,0.144
47-2031.00,Carpenters,0.2168,29,0.1383,0.8347,0.0407,0.0,0.0,0.1246,0.0,0.026,0.8088,0.0,0.0,0.143
51-7031.00,"Model Makers, Wood",0.2148,14,0.1482,0.783,0.0689,0.0,0.0,0.1482,0.0817,0.0,0.7012,0.0,0.0,0.142
47-5041.00,Continuous Mining Machine Operators,0.2137,15,0.0679,0.8292,0.0679,0.0,0.0,0.0735,0.2748,0.0627,0.5211,0.0,0.0,0.141
51-4194.00,"Tool Grinders, Filers, and Sharpeners",0.2114,18,0.0672,0.7054,0.1494,0.0,0.0,0.0672,0.1423,0.0,0.6411,0.0,0.0,0.14
45-4021.00,Fallers,0.211,18,0.1299,0.7411,0.1299,0.0,0.0,0.0,0.2335,0.0,0.6365,0.0,0.0,0.139
51-4072.00,"Molding, Coremaking, and Casting Machine Setters, Operators, and Tenders, Metal and Plastic",0.2093,29,0.0468,0.7436,0.0572,0.0,0.0,0.0738,0.2119,0.0,0.6571,0.0,0.0,0.138
53-7031.00,Dredge Operators,0.2072,6,0.0,0.7279,0.1315,0.0,0.0,0.0,0.8685,0.0,0.0,0.0,0.0,0.137
51-4193.00,"Plating Machine Setters, Operators, and Tenders, Metal and Plastic",0.2049,33,0.1049,0.8121,0.0292,0.0,0.0,0.0758,0.1996,0.0,0.6955,0.0,0.0,0.135
47-5044.00,"Loading and Moving Machine Operators, Underground Mining",0.2048,25,0.0831,0.8106,0.0,0.0,0.0,0.1266,0.301,0.0276,0.5448,0.0,0.0,0.134
53-7064.00,"Packers and Packagers, Hand",0.2039,12,0.0945,0.7869,0.0,0.0,0.0,0.2131,0.0,0.0,0.7869,0.0,0.0,0.133
51-7011.00,Cabinetmakers and Bench Carpenters,0.2037,20,0.1263,0.8408,0.033,0.0,0.0195,0.058,0.0674,0.0,0.7734,0.0329,0.0158,0.132
51-4021.00,"Extruding and Drawing Machine Setters, Operators, and Tenders, Metal and Plastic",0.2031,16,0.0,0.8173,0.1258,0.0,0.0,0.0,0.1391,0.0,0.7351,0.0,0.0,0.131
49-3091.00,Bicycle Repairers,0.2004,14,0.157,0.7626,0.0,0.0,0.0,0.0744,0.0,0.0,0.7626,0.163,0.0,0.13
51-6093.00,Upholsterers,0.2001,22,0.0855,0.8143,0.0337,0.0,0.0404,0.0855,0.0,0.0,0.8143,0.0261,0.0,0.129
51-7042.00,"Woodworking Machine Setters, Operators, and Tenders, Except Sawing",0.1995,25,0.0195,0.8399,0.0915,0.0,0.0,0.0,0.1985,0.0,0.6905,0.0,0.0195,0.128
29-1024.00,Prosthodontists,0.1979,12,0.0,0.8228,0.0,0.6435,0.0845,0.0,0.0,0.0,0.272,0.0,0.0,0.127
51-9081.00,Dental Laboratory Technicians,0.1971,17,0.0923,0.8447,0.0,0.0742,0.0,0.0923,0.0,0.0629,0.7706,0.0,0.0,0.126
47-2021.00,Brickmasons and Blockmasons,0.1967,14,0.1691,0.8309,0.0826,0.0,0.0,0.0,0.0,0.0865,0.8309,0.0,0.0,0.125
47-5011.00,"Derrick Operators, Oil and Gas",0.1958,15,0.0552,0.8023,0.0,0.0,0.0,0.127,0.1959,0.0707,0.6065,0.0,0.0,0.124
39-5092.00,Manicurists and Pedicurists,0.1958,18,0.0525,0.7839,0.0,0.7753,0.0,0.1117,0.0,0.0,0.0693,0.0438,0.0,0.122
53-7063.00,Machine Feeders and Offbearers,0.1946,13,0.1025,0.8975,0.0,0.0,0.0,0.1025,0.1465,0.0,0.751,0.0,0.0,0.121
29-1022.00,Oral and Maxillofacial Surgeons,0.1937,14,0.093,0.8135,0.093,0.907,0.0,0.0,0.0,0.0,0.0,0.0,0.0,0.12
37-2012.00,Maids and Housekeeping Cleaners,0.1931,20,0.1281,0.7461,0.0,0.0,0.0,0.2042,0.0,0.0,0.7958,0.0,0.0,0.119
47-2171.00,Reinforcing Iron and Rebar Workers,0.1924,7,0.1582,0.8418,0.0,0.0,0.0,0.1582,0.0,0.0,0.8418,0.0,0.0,0.118
51-4121.00,"Welders, Cutters, Solderers, and Brazers",0.1923,30,0.0263,0.7874,0.07,0.0,0.0336,0.0263,0.1681,0.0,0.702,0.0,0.0,0.117
51-6052.00,"Tailors, Dressmakers, and Custom Sewers",0.1906,22,0.077,0.8064,0.0369,0.0919,0.0354,0.0401,0.0502,0.0,0.7088,0.0366,0.0,0.116
51-7021.00,Furniture Finishers,0.1902,22,0.096,0.8129,0.0552,0.0,0.0276,0.0332,0.0893,0.0,0.7236,0.0711,0.0,0.115
51-9083.00,Ophthalmic Laboratory Technicians,0.1892,18,0.071,0.8689,0.0601,0.0,0.0,0.071,0.0776,0.0,0.7912,0.0,0.0,0.114
51-2023.00,Electromechanical Equipment Assemblers,0.1882,14,0.0979,0.9021,0.0,0.0,0.0,0.0979,0.0851,0.0,0.817,0.0,0.0,0.113
47-5081.00,Helpers--Extraction Workers,0.1876,14,0.0,0.8036,0.0985,0.0,0.0,0.0979,0.157,0.0,0.6466,0.0,0.0,0.112
49-9095.00,Manufactured Building and Mobile Home Installers,0.1869,14,0.1351,0.8649,0.073,0.0,0.0,0.062,0.0,0.0,0.8649,0.0,0.0,0.111
51-2061.00,Timing Device Assemblers and Adjusters,0.1866,17,0.0505,0.9495,0.0,0.0,0.0,0.0505,0.0,0.0,0.9495,0.0,0.0,0.109
51-9195.03,"Stone Cutters and Carvers, Manufacturing",0.1854,16,0.0651,0.8644,0.0705,0.0,0.0,0.0651,0.0,0.0,0.8644,0.0,0.0,0.108
47-2044.00,Tile and Stone Setters,0.1851,25,0.1451,0.7865,0.1862,0.0,0.0,0.0,0.0,0.0,0.7865,0.0273,0.0,0.107
53-3011.00,"Ambulance Drivers and Attendants, Except Emergency Medical Technicians",0.1851,11,0.0953,0.8179,0.0,0.3344,0.0,0.0953,0.1113,0.0,0.3722,0.0868,0.0,0.106
51-6042.00,Shoe Machine Operators and Tenders,0.1842,19,0.0682,0.729,0.1304,0.0,0.0,0.0682,0.0,0.0,0.8014,0.0,0.0,0.105
39-4011.00,Embalmers,0.1838,26,0.0878,0.7501,0.0463,0.1007,0.0,0.0795,0.0,0.1823,0.5912,0.0,0.0,0.104
53-7041.00,Hoist and Winch Operators,0.1829,13,0.0,0.7032,0.0914,0.0,0.0,0.0,0.5138,0.0,0.3948,0.0,0.0,0.103
51-7041.00,"Sawing Machine Setters, Operators, and Tenders, Wood",0.1815,22,0.0304,0.8697,0.0412,0.0,0.0,0.0304,0.1483,0.0,0.7802,0.0,0.0,0.102
47-2141.00,"Painters, Construction and Maintenance",0.1813,17,0.1264,0.8354,0.0873,0.0,0.0,0.0773,0.0,0.0,0.8354,0.0,0.0,0.101
49-3031.00,Bus and Truck Mechanics and Diesel Engine Specialists,0.1804,26,0.0274,0.7634,0.0505,0.0,0.0,0.0274,0.0892,0.0,0.8329,0.0,0.0,0.1
29-9093.00,Surgical Assistants,0.1798,28,0.0486,0.7717,0.0,0.7123,0.0,0.0486,0.0457,0.0,0.1933,0.0,0.0,0.099
49-3043.00,Rail Car Repairers,0.1797,20,0.0782,0.9044,0.0,0.0,0.0,0.0782,0.0,0.0,0.9218,0.0,0.0,0.098
47-2041.00,Carpet Installers,0.1796,16,0.166,0.834,0.0575,0.0,0.0413,0.0,0.0,0.0672,0.834,0.0,0.0,0.096
35-2015.00,"Cooks, Short Order",0.1775,11,0.0242,0.7511,0.0,0.0,0.0,0.1569,0.0,0.0919,0.7511,0.0,0.0,0.095
51-4032.00,"Drilling and Boring Machine Tool Setters, Operators, and Tenders, Metal and Plastic",0.176,17,0.0732,0.8632,0.0,0.0,0.0,0.0732,0.1613,0.0,0.7655,0.0,0.0,0.094
51-9198.00,Helpers--Production Workers,0.1757,30,0.059,0.8917,0.0,0.0,0.0,0.059,0.2379,0.0,0.7031,0.0,0.0,0.093
51-6011.00,Laundry and Dry-Cleaning Workers,0.1749,23,0.0,0.9698,0.0302,0.0,0.0,0.0,0.0323,0.2139,0.7237,0.0,0.0,0.092
51-9195.05,"Potters, Manufacturing",0.174,23,0.0,0.8026,0.0,0.0,0.0763,0.0467,0.1367,0.0,0.7284,0.0118,0.0,0.091
49-9096.00,Riggers,0.1733,14,0.0774,0.7494,0.0774,0.0,0.0,0.0,0.141,0.0,0.6959,0.0858,0.0,0.09
27-2021.00,Athletes and Sports Competitors,0.1719,9,0.0,0.6891,0.0,0.0,0.0,0.0,0.0,0.1244,0.6891,0.1866,0.0,0.089
47-2011.00,Boilermakers,0.1714,18,0.0696,0.8564,0.0,0.0,0.0,0.0696,0.0451,0.0,0.8853,0.0,0.0,0.088
51-4031.00,"Cutting, Punching, and Press Machine Setters, Operators, and Tenders, Metal and Plastic",0.1711,31,0.0736,0.8817,0.0,0.0,0.0,0.0437,0.2353,0.0299,0.6911,0.0,0.0,0.087
51-2031.00,Engine and Other Machine Assemblers,0.1708,12,0.0984,0.9016,0.0,0.0,0.0,0.0984,0.0535,0.0,0.8481,0.0,0.0,0.086
35-2011.00,"Cooks, Fast Food",0.1696,19,0.104,0.8489,0.0,0.0,0.0,0.104,0.0,0.0471,0.8489,0.0,0.0,0.085
49-9052.00,Telecommunications Line Installers and Repairers,0.1694,19,0.0384,0.7815,0.1031,0.0,0.0,0.0517,0.081,0.0,0.7643,0.0,0.0,0.083
47-2152.04,Solar Thermal Installers and Technicians,0.1693,21,0.1043,0.8475,0.1005,0.0,0.0,0.0,0.0,0.0,0.8475,0.052,0.0,0.082
51-9196.00,"Paper Goods Machine Setters, Operators, and Tenders",0.1686,14,0.0,0.8352,0.0,0.0,0.0,0.0,0.1648,0.0,0.8352,0.0,0.0,0.081
51-9111.00,Packaging and Filling Machine Operators and Tenders,0.1685,20,0.0,0.7972,0.0,0.0,0.0,0.0483,0.1007,0.0,0.8511,0.0,0.0,0.08
51-9082.00,Medical Appliance Technicians,0.1654,15,0.0598,0.8855,0.0,0.1102,0.0,0.0598,0.0664,0.0,0.7089,0.0547,0.0,0.079
37-3013.00,Tree Trimmers and Pruners,0.164,24,0.0764,0.8273,0.0353,0.0,0.0,0.0418,0.3156,0.0544,0.5118,0.0412,0.0,0.078
51-6031.00,Sewing Machine Operators,0.1621,26,0.0388,0.8562,0.0495,0.0,0.0,0.0388,0.0556,0.0,0.8562,0.0,0.0,0.077
51-6051.00,"Sewers, Hand",0.1619,11,0.0,0.8048,0.1345,0.0,0.0608,0.0,0.0,0.0,0.8048,0.0,0.0,0.076
53-6032.00,Aircraft Service Attendants,0.1611,18,0.0556,0.8333,0.0,0.0,0.0,0.0556,0.0556,0.0,0.8333,0.0556,0.0,0.075
45-2093.00,"Farmworkers, Farm, Ranch, and Aquacultural Animals",0.1602,19,0.0995,0.8611,0.0,0.4675,0.0,0.0995,0.0928,0.0,0.3403,0.0,0.0,0.074
37-2011.00,"Janitors and Cleaners, Except Maids and Housekeeping Cleaners",0.1601,21,0.0,0.8078,0.0606,0.0,0.0,0.0,0.0669,0.0,0.7971,0.0754,0.0,0.073
51-9195.00,"Molders, Shapers, and Casters, Except Metal and Plastic",0.1593,24,0.0723,0.8887,0.039,0.0,0.0,0.0723,0.044,0.0,0.8447,0.0,0.0,0.072
45-3031.00,Fishing and Hunting Workers,0.1589,29,0.0263,0.8057,0.0,0.0,0.0321,0.0425,0.1769,0.096,0.6288,0.0238,0.0,0.07
49-9098.00,"Helpers--Installation, Maintenance, and Repair Workers",0.1553,16,0.0518,0.8714,0.0,0.0,0.0,0.0518,0.0768,0.0,0.8714,0.0,0.0,0.069
37-3012.00,"Pesticide Handlers, Sprayers, and Applicators, Vegetation",0.1548,10,0.0,0.8529,0.0,0.0,0.0,0.0852,0.2613,0.0,0.5916,0.0619,0.0,0.068
47-2121.00,Glaziers,0.1533,27,0.0727,0.8977,0.0295,0.0,0.0,0.0492,0.1189,0.0,0.7788,0.0236,0.0,0.067
47-2061.00,Construction Laborers,0.1496,27,0.061,0.8892,0.0498,0.0,0.0,0.061,0.1119,0.0,0.7773,0.0,0.0,0.066
49-3021.00,Automotive Body and Related Repairers,0.1493,25,0.0695,0.8793,0.0,0.0,0.0,0.0695,0.0,0.0,0.8793,0.0512,0.0,0.065
51-2041.00,Structural Metal Fabricators and Fitters,0.1493,23,0.064,0.8705,0.0,0.0,0.032,0.064,0.2575,0.0335,0.6131,0.0,0.0,0.064
53-7061.00,Cleaners of Vehicles and Equipment,0.1476,20,0.0545,0.9014,0.0,0.0,0.0,0.0545,0.252,0.0,0.6935,0.0,0.0,0.063
35-9011.00,Dining Room and Cafeteria Attendants and Bartender Helpers,0.1456,23,0.043,0.8419,0.0,0.0,0.0,0.043,0.0,0.0,0.8468,0.1102,0.0,0.062
35-2021.00,Food Preparation Workers,0.1437,31,0.0372,0.8625,0.0,0.0,0.0,0.0372,0.0365,0.0,0.8625,0.0637,0.0,0.061
51-2011.00,"Aircraft Structure, Surfaces, Rigging, and Systems Assemblers",0.1427,27,0.0686,0.9314,0.0,0.0,0.0,0.0686,0.0773,0.0,0.8542,0.0,0.0,0.06
49-9051.00,Electrical Power-Line Installers and Repairers,0.1426,23,0.0,0.8584,0.0,0.0,0.0,0.0,0.1464,0.0,0.8044,0.0492,0.0,0.059
51-6041.00,Shoe and Leather Workers and Repairers,0.1425,26,0.0389,0.831,0.0746,0.0285,0.0293,0.0,0.0,0.0,0.8676,0.0,0.0,0.057
47-4031.00,Fence Erectors,0.1423,20,0.0994,0.843,0.1161,0.0,0.0,0.0,0.0149,0.0,0.8281,0.041,0.0,0.056
51-9031.00,"Cutters and Trimmers, Hand",0.1422,18,0.0655,0.9345,0.0,0.0,0.0,0.0655,0.0595,0.0,0.875,0.0,0.0,0.055
49-3052.00,Motorcycle Mechanics,0.1408,13,0.0,0.8392,0.0,0.0,0.0,0.0,0.0835,0.0,0.9165,0.0,0.0,0.054
51-9124.00,"Coating, Painting, and Spraying Machine Setters, Operators, and Tenders",0.1398,29,0.0247,0.8928,0.0,0.0,0.0,0.0247,0.1814,0.0,0.7939,0.0,0.0,0.053
45-2091.00,Agricultural Equipment Operators,0.1367,17,0.0,0.8612,0.0,0.0,0.0,0.0264,0.3844,0.0357,0.5535,0.0,0.0,0.052
47-4091.00,Segmental Pavers,0.1351,12,0.0722,0.8392,0.0,0.0,0.0886,0.0,0.0,0.0,0.8392,0.0722,0.0,0.051
37-3011.00,Landscaping and Groundskeeping Workers,0.1341,26,0.0786,0.9214,0.0,0.0,0.0,0.0471,0.244,0.0,0.6774,0.0315,0.0,0.05
51-6021.00,"Pressers, Textile, Garment, and Related Materials",0.1334,28,0.0,0.9358,0.0642,0.0,0.0,0.0,0.3975,0.0,0.5382,0.0,0.0,0.049
53-7062.04,Recycling and Reclamation Workers,0.1325,14,0.0438,0.9562,0.0,0.0,0.0,0.0438,0.3391,0.0,0.6171,0.0,0.0,0.048
47-2221.00,Structural Iron and Steel Workers,0.1299,19,0.0665,0.9335,0.0,0.0,0.0,0.0665,0.1331,0.0,0.8004,0.0,0.0,0.047
49-9063.00,Musical Instrument Repairers and Tuners,0.1247,24,0.0,0.9313,0.0,0.0,0.0,0.0,0.012,0.0,0.988,0.0,0.0,0.046
47-4041.00,Hazardous Materials Removal Workers,0.1243,21,0.0479,0.9133,0.0,0.0,0.0,0.0479,0.1443,0.0388,0.769,0.0,0.0,0.044
49-9044.00,Millwrights,0.1242,23,0.0261,0.8436,0.0,0.0,0.0,0.0,0.0919,0.0,0.8821,0.0,0.0261,0.043
47-2131.00,"Insulation Workers, Floor, Ceiling, and Wall",0.1229,10,0.0853,0.9147,0.0853,0.0,0.0,0.0,0.0,0.0,0.9147,0.0,0.0,0.042
31-1132.00,Orderlies,0.1221,22,0.0,0.8491,0.0,0.3658,0.0,0.0,0.0,0.0,0.5388,0.0954,0.0,0.041
47-2081.00,Drywall and Ceiling Tile Installers,0.1215,26,0.051,0.949,0.0,0.0,0.0,0.051,0.0466,0.044,0.8584,0.0,0.0,0.04
51-2051.00,Fiberglass Laminators and Fabricators,0.1202,16,0.0,0.9277,0.0723,0.0,0.0,0.0,0.0,0.0,0.9277,0.0,0.0,0.039
47-2151.00,Pipelayers,0.1199,14,0.0,0.876,0.0,0.0,0.0,0.0,0.0582,0.0558,0.886,0.0,0.0,0.038
47-2042.00,"Floor Layers, Except Carpet, Wood, and Hard Tiles",0.1177,14,0.0657,0.9343,0.0,0.0,0.0,0.0657,0.0,0.0,0.9343,0.0,0.0,0.037
47-2142.00,Paperhangers,0.1171,20,0.0515,0.9269,0.0515,0.0,0.0,0.0,0.0,0.0216,0.9269,0.0,0.0,0.036
49-9094.00,Locksmiths and Safe Repairers,0.1163,14,0.0739,0.9261,0.0,0.0,0.0,0.0739,0.0,0.0,0.9261,0.0,0.0,0.035
47-5051.00,"Rock Splitters, Quarry",0.1146,9,0.0,1.0,0.0,0.0,0.0,0.0,0.4939,0.0938,0.4123,0.0,0.0,0.034
47-2071.00,"Paving, Surfacing, and Tamping Equipment Operators",0.1146,20,0.0,0.9386,0.0,0.0,0.0,0.0614,0.4384,0.0548,0.4454,0.0,0.0,0.033
47-2082.00,Tapers,0.1114,16,0.0,0.8851,0.0636,0.0,0.0,0.0,0.0,0.0,0.9364,0.0,0.0,0.031
51-4052.00,"Pourers and Casters, Metal",0.1105,16,0.0,0.9219,0.0,0.0,0.0,0.0,0.1285,0.0,0.8715,0.0,0.0,0.03
47-2072.00,Pile Driver Operators,0.1104,5,0.0,1.0,0.0,0.0,0.0,0.0,0.6048,0.0,0.3952,0.0,0.0,0.029
29-2012.01,Histology Technicians,0.1099,8,0.0,1.0,0.0,0.0,0.0,0.0,0.0987,0.0,0.9013,0.0,0.0,0.028
47-5043.00,"Roof Bolters, Mining",0.1094,14,0.0,1.0,0.0,0.0,0.0,0.0,0.1464,0.0,0.8536,0.0,0.0,0.027
47-2161.00,Plasterers and Stucco Masons,0.1086,15,0.0811,0.9189,0.0811,0.0,0.0,0.0,0.0,0.0,0.9189,0.0,0.0,0.026
49-3093.00,Tire Repairers and Changers,0.1079,24,0.0334,0.915,0.0,0.0,0.0,0.0334,0.0737,0.0,0.8929,0.0,0.0,0.025
49-3022.00,Automotive Glass Installers and Repairers,0.1077,18,0.0665,0.9335,0.0665,0.0,0.0,0.0,0.0,0.0,0.9335,0.0,0.0,0.024
47-2051.00,Cement Masons and Concrete Finishers,0.1059,26,0.0,0.9506,0.0,0.0,0.0,0.0494,0.0,0.0449,0.9058,0.0,0.0,0.023
47-3011.00,"Helpers--Brickmasons, Blockmasons, Stonemasons, and Tile and Marble Setters",0.1058,15,0.0744,0.9256,0.0744,0.0,0.0,0.0,0.0611,0.0,0.8645,0.0,0.0,0.022
47-3013.00,Helpers--Electricians,0.1034,25,0.029,0.9197,0.0,0.0,0.0,0.029,0.0486,0.0,0.9223,0.0,0.0,0.021
47-4051.00,Highway Maintenance Workers,0.0971,19,0.0,0.9677,0.0323,0.0,0.0,0.0,0.1841,0.0,0.7836,0.0,0.0,0.02
47-4061.00,Rail-Track Laying and Maintenance Equipment Operators,0.097,26,0.0,1.0,0.0,0.0,0.0,0.0,0.3437,0.0,0.6563,0.0,0.0,0.018
47-2053.00,Terrazzo Workers and Finishers,0.0946,26,0.0517,0.9483,0.0,0.0,0.0,0.0,0.0,0.0517,0.9483,0.0,0.0,0.017
47-3015.00,"Helpers--Pipelayers, Plumbers, Pipefitters, and Steamfitters",0.0925,15,0.0,0.9198,0.0802,0.0,0.0,0.0,0.0,0.0,0.9198,0.0,0.0,0.016
53-7051.00,Industrial Truck and Tractor Operators,0.0924,9,0.0,1.0,0.0,0.0,0.0,0.0,0.3641,0.0,0.6359,0.0,0.0,0.015
51-3022.00,"Meat, Poultry, and Fish Cutters and Trimmers",0.0883,12,0.0,1.0,0.0,0.0,0.0,0.0,0.0,0.0,1.0,0.0,0.0,0.014
47-2043.00,Floor Sanders and Finishers,0.0872,7,0.0,1.0,0.0,0.0,0.0,0.0,0.0,0.0,1.0,0.0,0.0,0.013
47-3016.00,Helpers--Roofers,0.0841,18,0.0,1.0,0.0,0.0,0.0,0.0,0.0,0.0,1.0,0.0,0.0,0.012
47-2181.00,Roofers,0.0827,27,0.0358,0.9642,0.0358,0.0,0.0,0.0,0.0,0.0,0.9642,0.0,0.0,0.011
47-3012.00,Helpers--Carpenters,0.0824,18,0.0,0.9303,0.0697,0.0,0.0,0.0,0.0,0.0,0.9303,0.0,0.0,0.01
51-9197.00,Tire Builders,0.0741,20,0.0,1.0,0.0,0.0,0.0,0.0,0.0,0.0,1.0,0.0,0.0,0.009
47-5071.00,"Roustabouts, Oil and Gas",0.0671,13,0.0,1.0,0.0,0.0,0.0,0.0,0.0845,0.0,0.9155,0.0,0.0,0.008
49-9045.00,"Refractory Materials Repairers, Except Brickmasons",0.0656,10,0.0,1.0,0.0,0.0,0.0,0.0,0.0,0.0,1.0,0.0,0.0,0.007
51-4071.00,Foundry Mold and Coremakers,0.0611,13,0.0,1.0,0.0,0.0,0.0,0.0,0.1581,0.0,0.8419,0.0,0.0,0.005
47-3014.00,"Helpers--Painters, Paperhangers, Plasterers, and Stucco Masons",0.0523,11,0.0,1.0,0.0,0.0,0.0,0.0,0.0,0.0,1.0,0.0,0.0,0.004
47-2022.00,Stonemasons,0.0512,16,0.0,1.0,0.0,0.0,0.0,0.0,0.048,0.0,0.952,0.0,0.0,0.003
35-9021.00,Dishwashers,0.05,13,0.0,1.0,0.0,0.0,0.0,0.0,0.0,0.0,1.0,0.0,0.0,0.002
51-3023.00,Slaughterers and Meat Packers,0.05,14,0.0,1.0,0.0,0.0,0.0,0.0,0.0,0.0,1.0,0.0,0.0,0.001
