O*NET-SOC Code,Title,original,text,text_weight_share,text_delta,combined,combined_weight_share,combined_delta,soc6
31-9094.00,Medical Transcriptionists,0.8893,0.8893,0.0,0.0,0.8893,0.0,0.0,31-9094
23-2093.00,"Title Examiners, Abstractors, and Searchers",0.8437,0.8437,0.0,0.0,0.8437,0.0,0.0,23-2093
13-2041.00,Credit Analysts,0.8432,0.8432,0.0,0.0,0.8432,0.0,0.0,13-2041
43-3031.00,"Bookkeeping, Accounting, and Auditing Clerks",0.8418,0.7763,0.1126785995947882,-0.0655,0.7763,0.1126785995947882,-0.0655,43-3031
13-2082.00,Tax Preparers,0.8359,0.8359,0.0,0.0,0.8359,0.0,0.0,13-2082
27-3042.00,Technical Writers,0.8357,0.8357,0.0,0.0,0.8357,0.0,0.0,27-3042
15-2051.01,Business Intelligence Analysts,0.8313,0.8313,0.0,0.0,0.8313,0.0,0.0,15-2051
15-1243.01,Data Warehousing Specialists,0.828,0.7841,0.05489969303314302,-0.04389999999999994,0.7841,0.05489969303314302,-0.04389999999999994,15-1243
43-9111.00,Statistical Assistants,0.8271,0.8271,0.0,0.0,0.8271,0.0,0.0,43-9111
13-2054.00,Financial Risk Specialists,0.8225,0.8225,0.0,0.0,0.8225,0.0,0.0,13-2054
43-3071.00,Tellers,0.8204,0.7959,0.03497984058087053,-0.024499999999999966,0.7959,0.03497984058087053,-0.024499999999999966,43-3071
43-3051.00,Payroll and Timekeeping Clerks,0.8178,0.7822,0.041817143346625896,-0.035599999999999965,0.7822,0.041817143346625896,-0.035599999999999965,43-3051
29-2072.00,Medical Records Specialists,0.8147,0.7618,0.058823529411764705,-0.05289999999999995,0.7529,0.11764705882352941,-0.061799999999999966,29-2072
15-1254.00,Web Developers,0.8061,0.76,0.05628745919518975,-0.04610000000000003,0.76,0.05628745919518975,-0.04610000000000003,15-1254
15-1242.00,Database Administrators,0.8044,0.7582,0.057707193712041235,-0.04620000000000002,0.7582,0.057707193712041235,-0.04620000000000002,15-1242
43-9031.00,Desktop Publishers,0.8041,0.7205,0.09116685955501289,-0.08360000000000001,0.713,0.16565161325102792,-0.09110000000000007,43-9031
15-2051.00,Data Scientists,0.8031,0.6437,0.1875,-0.1594,0.6437,0.1875,-0.1594,15-2051
13-1081.01,Logistics Engineers,0.802,0.7699,0.03571794085484149,-0.03210000000000002,0.7699,0.03571794085484149,-0.03210000000000002,13-1081
13-2099.01,Financial Quantitative Analysts,0.8008,0.6873,0.12610440492996844,-0.11349999999999993,0.6873,0.12610440492996844,-0.11349999999999993,13-2099
15-1299.03,Document Management Specialists,0.8003,0.7415,0.07111714469699394,-0.05879999999999996,0.7415,0.07111714469699394,-0.05879999999999996,15-1299
13-2031.00,Budget Analysts,0.7973,0.7973,0.0,0.0,0.7973,0.0,0.0,13-2031
15-2021.00,Mathematicians,0.7953,0.5811,0.2520616666075084,-0.21420000000000006,0.5811,0.2520616666075084,-0.21420000000000006,15-2021
15-1299.02,Geographic Information Systems Technologists and Technicians,0.7945,0.7757,0.0234247786293201,-0.01880000000000004,0.7757,0.0234247786293201,-0.01880000000000004,15-1299
15-1253.00,Software Quality Assurance Analysts and Testers,0.7927,0.7463,0.06636937385181178,-0.0464,0.7463,0.06636937385181178,-0.0464,15-1253
43-9041.00,Insurance Claims and Policy Processing Clerks,0.7918,0.7557,0.045198581350079134,-0.03609999999999991,0.7557,0.045198581350079134,-0.03609999999999991,43-9041
15-1255.00,Web and Digital Interface Designers,0.7903,0.7336,0.06666666666666667,-0.05669999999999997,0.7336,0.06666666666666667,-0.05669999999999997,15-1255
43-4131.00,Loan Interviewers and Clerks,0.7899,0.7272,0.06602356892323843,-0.06270000000000009,0.7272,0.06602356892323843,-0.06270000000000009,43-4131
13-1081.02,Logistics Analysts,0.7896,0.7459,0.05140262867553609,-0.04369999999999996,0.7459,0.05140262867553609,-0.04369999999999996,13-1081
15-1243.00,Database Architects,0.7886,0.7262,0.07794747424785345,-0.06240000000000001,0.7262,0.07794747424785345,-0.06240000000000001,15-1243
13-2011.00,Accountants and Auditors,0.7877,0.7877,0.0,0.0,0.7877,0.0,0.0,13-2011
23-2011.00,Paralegals and Legal Assistants,0.7867,0.7867,0.0,0.0,0.7867,0.0,0.0,23-2011
27-3043.05,"Poets, Lyricists and Creative Writers",0.7854,0.7854,0.0,0.0,0.7854,0.0,0.0,27-3043
13-1199.04,Business Continuity Planners,0.7851,0.7851,0.0,0.0,0.7851,0.0,0.0,13-1199
41-9041.00,Telemarketers,0.7839,0.7839,0.0,0.0,0.7839,0.0,0.0,41-9041
15-2041.00,Statisticians,0.7826,0.7087,0.09814870455026489,-0.07389999999999997,0.7087,0.09814870455026489,-0.07389999999999997,15-2041
27-3043.00,Writers and Authors,0.7802,0.7802,0.0,0.0,0.7802,0.0,0.0,27-3043
27-3092.00,Court Reporters and Simultaneous Captioners,0.7802,0.7802,0.0,0.0,0.7802,0.0,0.0,27-3092
27-3091.00,Interpreters and Translators,0.7771,0.7771,0.0,0.0,0.7493,0.0926680039109355,-0.027800000000000047,27-3091
43-5011.01,Freight Forwarders,0.7761,0.724,0.06137855195832434,-0.052100000000000035,0.724,0.06137855195832434,-0.052100000000000035,43-5011
43-9081.00,Proofreaders and Copy Markers,0.7756,0.7756,0.0,0.0,0.7756,0.0,0.0,43-9081
13-1199.06,Online Merchants,0.7753,0.7753,0.0,0.0,0.7753,0.0,0.0,13-1199
41-2012.00,Gambling Change Persons and Booth Cashiers,0.7745,0.7721,0.048612744180109184,-0.0023999999999999577,0.7721,0.048612744180109184,-0.0023999999999999577,41-2012
13-2023.00,Appraisers and Assessors of Real Estate,0.7734,0.7734,0.0,0.0,0.7734,0.0,0.0,13-2023
15-2099.01,Bioinformatics Technicians,0.7726,0.733,0.0494626151679963,-0.03959999999999997,0.733,0.0494626151679963,-0.03959999999999997,15-2099
15-1299.01,Web Administrators,0.7712,0.7368,0.05497619664734299,-0.034399999999999986,0.7368,0.05497619664734299,-0.034399999999999986,15-1299
15-2041.01,Biostatisticians,0.7703,0.7396,0.03617392902096715,-0.03069999999999995,0.7396,0.03617392902096715,-0.03069999999999995,15-2041
13-1161.00,Market Research Analysts and Marketing Specialists,0.7702,0.7702,0.0,0.0,0.7702,0.0,0.0,13-1161
15-1231.00,Computer Network Support Specialists,0.77,0.6359,0.1815576782454616,-0.1341,0.6359,0.1815576782454616,-0.1341,15-1231
43-4021.00,Correspondence Clerks,0.7678,0.7271,0.04526730817625722,-0.04070000000000007,0.7247,0.09285037784404908,-0.04310000000000003,43-4021
13-2071.00,Credit Counselors,0.7677,0.7677,0.0,0.0,0.7677,0.0,0.0,13-2071
13-1041.07,Regulatory Affairs Specialists,0.7653,0.7653,0.0,0.0,0.7653,0.0,0.0,13-1041
15-1211.01,Health Informatics Specialists,0.7643,0.6871,0.09451641127371847,-0.07719999999999994,0.6871,0.09451641127371847,-0.07719999999999994,15-1211
41-3011.00,Advertising Sales Agents,0.7633,0.7633,0.0,0.0,0.7457,0.039206782656905276,-0.01759999999999995,41-3011
19-2042.00,"Geoscientists, Except Hydrologists and Geographers",0.7627,0.7566,0.015393910011537771,-0.006099999999999994,0.7566,0.015393910011537771,-0.006099999999999994,19-2042
19-1029.01,Bioinformatics Scientists,0.7622,0.7239,0.045168765689092324,-0.0383,0.7239,0.045168765689092324,-0.0383,19-1029
13-2072.00,Loan Officers,0.7614,0.7614,0.0,0.0,0.7614,0.0,0.0,13-2072
13-1051.00,Cost Estimators,0.7607,0.7607,0.0,0.0,0.7607,0.0,0.0,13-1051
27-3041.00,Editors,0.7604,0.7604,0.0,0.0,0.7604,0.0,0.0,27-3041
41-3041.00,Travel Agents,0.7588,0.7588,0.0,0.0,0.7588,0.0,0.0,41-3041
13-1199.05,Sustainability Specialists,0.7584,0.7584,0.0,0.0,0.7584,0.0,0.0,13-1199
15-1251.00,Computer Programmers,0.7575,0.6844,0.08597679854117245,-0.07309999999999994,0.6844,0.08597679854117245,-0.07309999999999994,15-1251
15-1211.00,Computer Systems Analysts,0.7556,0.7556,0.0,0.0,0.7556,0.0,0.0,15-1211
15-2051.02,Clinical Data Managers,0.7556,0.7556,0.0,0.0,0.7556,0.0,0.0,15-2051
43-4041.00,"Credit Authorizers, Checkers, and Clerks",0.7552,0.7552,0.0,0.0,0.7552,0.0,0.0,43-4041
41-3091.00,"Sales Representatives of Services, Except Advertising, Insurance, Financial Services, and Travel",0.755,0.755,0.0,0.0,0.755,0.0,0.0,41-3091
15-1212.00,Information Security Analysts,0.7538,0.7538,0.0,0.0,0.7538,0.0,0.0,15-1212
13-1111.00,Management Analysts,0.7532,0.7532,0.0,0.0,0.7532,0.0,0.0,13-1111
19-4061.00,Social Science Research Assistants,0.753,0.753,0.0,0.0,0.753,0.0,0.0,19-4061
15-2031.00,Operations Research Analysts,0.7524,0.7165,0.04946928919616542,-0.03589999999999993,0.7165,0.04946928919616542,-0.03589999999999993,15-2031
17-3011.00,Architectural and Civil Drafters,0.7521,0.7221,0.037557960871060315,-0.030000000000000027,0.7221,0.037557960871060315,-0.030000000000000027,17-3011
19-2041.01,Climate Change Policy Analysts,0.7512,0.7512,0.0,0.0,0.7512,0.0,0.0,19-2041
13-2051.00,Financial and Investment Analysts,0.751,0.751,0.0,0.0,0.751,0.0,0.0,13-2051
43-4031.00,"Court, Municipal, and License Clerks",0.751,0.751,0.0,0.0,0.751,0.0,0.0,43-4031
43-4011.00,Brokerage Clerks,0.7504,0.6316,0.13198369023203957,-0.1187999999999999,0.6316,0.13198369023203957,-0.1187999999999999,43-4011
15-1299.07,Blockchain Engineers,0.75,0.7,0.058823529411764705,-0.050000000000000044,0.7,0.058823529411764705,-0.050000000000000044,15-1299
43-4051.00,Customer Service Representatives,0.7483,0.7483,0.0,0.0,0.7483,0.0,0.0,43-4051
23-1012.00,Judicial Law Clerks,0.7459,0.7459,0.0,0.0,0.7459,0.0,0.0,23-1012
17-2199.08,Robotics Engineers,0.7448,0.7167,0.07368929595081966,-0.028100000000000014,0.7167,0.07368929595081966,-0.028100000000000014,17-2199
51-9162.00,Computer Numerically Controlled Tool Programmers,0.7446,0.6358,0.16797236653192948,-0.10880000000000001,0.6322,0.18824989183536853,-0.11240000000000006,51-9162
17-3012.00,Electrical and Electronics Drafters,0.7439,0.6571,0.11326098701096288,-0.08679999999999999,0.6571,0.11326098701096288,-0.08679999999999999,17-3012
43-4061.00,"Eligibility Interviewers, Government Programs",0.7432,0.7432,0.0,0.0,0.7432,0.0,0.0,43-4061
17-2112.00,Industrial Engineers,0.7406,0.6629,0.10503094845508527,-0.07769999999999999,0.6629,0.10503094845508527,-0.07769999999999999,17-2112
13-2053.00,Insurance Underwriters,0.7404,0.6587,0.13620652830415553,-0.0817,0.6587,0.13620652830415553,-0.0817,13-2053
15-1255.01,Video Game Designers,0.7389,0.7389,0.0,0.0,0.7389,0.0,0.0,15-1255
17-2031.00,Bioengineers and Biomedical Engineers,0.7386,0.708,0.03395832615427069,-0.03060000000000007,0.708,0.03395832615427069,-0.03060000000000007,17-2031
43-9022.00,Word Processors and Typists,0.7382,0.7236,0.11099365107449108,-0.014599999999999946,0.6972,0.17689857511019433,-0.040999999999999925,43-9022
17-2112.01,Human Factors Engineers and Ergonomists,0.7375,0.7041,0.06002929015364393,-0.033400000000000096,0.7041,0.06002929015364393,-0.033400000000000096,17-2112
43-3021.00,Billing and Posting Clerks,0.734,0.687,0.12231569019135506,-0.04699999999999993,0.687,0.12231569019135506,-0.04699999999999993,43-3021
19-1013.00,Soil and Plant Scientists,0.7338,0.7338,0.0,0.0,0.7338,0.0,0.0,19-1013
13-2081.00,"Tax Examiners and Collectors, and Revenue Agents",0.7333,0.7333,0.0,0.0,0.7333,0.0,0.0,13-2081
19-3011.01,Environmental Economists,0.7325,0.7325,0.0,0.0,0.7037,0.06077235674594617,-0.028800000000000048,19-3011
17-2141.02,Automotive Engineers,0.7283,0.7283,0.0,0.0,0.7215,0.04531384417940556,-0.006799999999999917,17-2141
19-3094.00,Political Scientists,0.728,0.728,0.0,0.0,0.728,0.0,0.0,19-3094
17-3013.00,Mechanical Drafters,0.7276,0.672,0.06951777889096922,-0.05559999999999998,0.672,0.06951777889096922,-0.05559999999999998,17-3013
11-3031.03,Investment Fund Managers,0.7267,0.7267,0.0,0.0,0.7267,0.0,0.0,11-3031
17-2051.02,Water/Wastewater Engineers,0.7265,0.6399,0.11661608326358586,-0.08660000000000001,0.6399,0.11661608326358586,-0.08660000000000001,17-2051
15-1299.04,Penetration Testers,0.7261,0.7261,0.0,0.0,0.7261,0.0,0.0,15-1299
13-1041.08,Customs Brokers,0.726,0.694,0.037672307999657526,-0.03200000000000003,0.694,0.037672307999657526,-0.03200000000000003,13-1041
41-9031.00,Sales Engineers,0.7248,0.668,0.09530717066447647,-0.05679999999999996,0.668,0.09530717066447647,-0.05679999999999996,41-9031
41-3031.00,"Securities, Commodities, and Financial Services Sales Agents",0.7238,0.7238,0.0,0.0,0.7238,0.0,0.0,41-3031
19-2041.03,Industrial Ecologists,0.7237,0.6922,0.04847554249174762,-0.03149999999999997,0.6922,0.04847554249174762,-0.03149999999999997,19-2041
13-1141.00,"Compensation, Benefits, and Job Analysis Specialists",0.7224,0.7224,0.0,0.0,0.7224,0.0,0.0,13-1141
15-1299.08,Computer Systems Engineers/Architects,0.7224,0.7224,0.0,0.0,0.7224,0.0,0.0,15-1299
15-1232.00,Computer User Support Specialists,0.721,0.6823,0.07503952997521757,-0.03869999999999996,0.6823,0.07503952997521757,-0.03869999999999996,15-1232
19-1011.00,Animal Scientists,0.7204,0.5027,0.27213151647843575,-0.2177,0.5027,0.27213151647843575,-0.2177,19-1011
19-2012.00,Physicists,0.7198,0.666,0.07183319984077743,-0.05379999999999996,0.6566,0.11873215323976909,-0.06320000000000003,19-2012
27-1024.00,Graphic Designers,0.7185,0.6492,0.09234404600132541,-0.06930000000000003,0.6053,0.188041797479031,-0.11320000000000008,27-1024
19-3099.01,Transportation Planners,0.7181,0.6909,0.038802584332328596,-0.027200000000000002,0.6909,0.038802584332328596,-0.027200000000000002,19-3099
11-3061.00,Purchasing Managers,0.7156,0.6941,0.06157999613757393,-0.021499999999999964,0.6941,0.06157999613757393,-0.021499999999999964,11-3061
17-3031.00,Surveying and Mapping Technicians,0.7152,0.6465,0.09687635711416245,-0.06869999999999998,0.6465,0.09687635711416245,-0.06869999999999998,17-3031
17-1022.01,Geodetic Surveyors,0.7148,0.7148,0.0,0.0,0.7148,0.0,0.0,17-1022
11-9199.02,Compliance Managers,0.7137,0.7137,0.0,0.0,0.7137,0.0,0.0,11-9199
43-4161.00,"Human Resources Assistants, Except Payroll and Timekeeping",0.7136,0.7136,0.0,0.0,0.7109,0.054805624968508077,-0.0027000000000000357,43-4161
29-9021.00,Health Information Technologists and Medical Registrars,0.7135,0.6573,0.0625,-0.05620000000000003,0.6479,0.125,-0.06559999999999999,29-9021
17-2199.11,Solar Energy Systems Engineers,0.713,0.713,0.0,0.0,0.713,0.0,0.0,17-2199
19-3022.00,Survey Researchers,0.7127,0.7127,0.0,0.0,0.7127,0.0,0.0,19-3022
15-1221.00,Computer and Information Research Scientists,0.7126,0.6448,0.07976016113754764,-0.06779999999999997,0.6448,0.07976016113754764,-0.06779999999999997,15-1221
19-3011.00,Economists,0.7124,0.7124,0.0,0.0,0.7124,0.0,0.0,19-3011
17-2199.05,Mechatronics Engineers,0.7094,0.6371,0.09643928232127875,-0.07230000000000003,0.6234,0.1329890027892024,-0.08600000000000008,17-2199
11-9121.02,Water Resource Specialists,0.7092,0.6704,0.055351636776879404,-0.03880000000000006,0.6704,0.055351636776879404,-0.03880000000000006,11-9121
47-4011.01,Energy Auditors,0.709,0.709,0.0,0.0,0.709,0.0,0.0,47-4011
13-1023.00,"Purchasing Agents, Except Wholesale, Retail, and Farm Products",0.7078,0.7078,0.0,0.0,0.7078,0.0,0.0,13-1023
43-3061.00,Procurement Clerks,0.7076,0.7076,0.0,0.0,0.7076,0.0,0.0,43-3061
41-4011.00,"Sales Representatives, Wholesale and Manufacturing, Technical and Scientific Products",0.7068,0.6973,0.018922369652952704,-0.009499999999999953,0.6881,0.04521965953211838,-0.01869999999999994,41-4011
15-1241.01,Telecommunications Engineering Specialists,0.7063,0.6542,0.08332897262136736,-0.052100000000000035,0.6542,0.08332897262136736,-0.052100000000000035,15-1241
19-1029.03,Geneticists,0.7063,0.7063,0.0,0.0,0.7063,0.0,0.0,19-1029
13-1161.01,Search Marketing Strategists,0.7049,0.7049,0.0,0.0,0.7049,0.0,0.0,13-1161
11-9041.01,Biofuels/Biodiesel Technology and Product Development Managers,0.7044,0.639,0.08174674035661708,-0.06540000000000001,0.639,0.08174674035661708,-0.06540000000000001,11-9041
13-1032.00,"Insurance Appraisers, Auto Damage",0.7044,0.1318,0.7143440973997629,-0.5726,0.1318,0.7143440973997629,-0.5726,13-1032
17-2011.00,Aerospace Engineers,0.7044,0.7044,0.0,0.0,0.7044,0.0,0.0,17-2011
43-6012.00,Legal Secretaries and Administrative Assistants,0.7038,0.7038,0.0,0.0,0.6643,0.09871204111940923,-0.03949999999999998,43-6012
13-1022.00,"Wholesale and Retail Buyers, Except Farm Products",0.7031,0.6667,0.04034084200557202,-0.03639999999999999,0.6667,0.04034084200557202,-0.03639999999999999,13-1022
25-1082.00,"Library Science Teachers, Postsecondary",0.7029,0.7029,0.0,0.0,0.7029,0.0,0.0,25-1082
43-9021.00,Data Entry Keyers,0.7029,0.6715,0.0784187388529274,-0.031399999999999983,0.6651,0.20735196684185744,-0.037799999999999945,43-9021
19-4012.01,Precision Agriculture Technicians,0.7024,0.6638,0.09469491164451228,-0.03860000000000008,0.6524,0.1883617985044038,-0.050000000000000044,19-4012
11-9121.01,Clinical Research Coordinators,0.7022,0.7022,0.0,0.0,0.6902,0.025660173595353938,-0.01200000000000001,11-9121
17-2199.10,Wind Energy Engineers,0.7017,0.651,0.05961002224224331,-0.05069999999999997,0.651,0.05961002224224331,-0.05069999999999997,17-2199
15-1252.00,Software Developers,0.7013,0.7013,0.0,0.0,0.7013,0.0,0.0,15-1252
19-3093.00,Historians,0.7013,0.7013,0.0,0.0,0.696,0.05302133571594702,-0.005300000000000082,19-3093
11-1011.03,Chief Sustainability Officers,0.7008,0.7008,0.0,0.0,0.7008,0.0,0.0,11-1011
43-5061.00,"Production, Planning, and Expediting Clerks",0.7008,0.6543,0.05024225782039132,-0.046499999999999986,0.6543,0.05024225782039132,-0.046499999999999986,43-5061
41-4011.07,Solar Sales Representatives and Assessors,0.7,0.7,0.0,0.0,0.7,0.0,0.0,41-4011
13-2052.00,Personal Financial Advisors,0.699,0.699,0.0,0.0,0.699,0.0,0.0,13-2052
11-3111.00,Compensation and Benefits Managers,0.6975,0.6975,0.0,0.0,0.6975,0.0,0.0,11-3111
17-2041.00,Chemical Engineers,0.6973,0.6716,0.05124212767437071,-0.025700000000000056,0.6716,0.05124212767437071,-0.025700000000000056,17-2041
17-2199.06,Microsystems Engineers,0.697,0.6484,0.06475214805898098,-0.04859999999999998,0.6446,0.0836728408367451,-0.0524,17-2199
41-3021.00,Insurance Sales Agents,0.6968,0.683,0.018416672981659072,-0.013799999999999923,0.683,0.018416672981659072,-0.013799999999999923,41-3021
41-9021.00,Real Estate Brokers,0.6963,0.6705,0.051466662229964086,-0.025800000000000045,0.6705,0.051466662229964086,-0.025800000000000045,41-9021
43-6011.00,Executive Secretaries and Executive Administrative Assistants,0.6961,0.6961,0.0,0.0,0.6961,0.0,0.0,43-6011
25-1126.00,"Philosophy and Religion Teachers, Postsecondary",0.6957,0.6957,0.0,0.0,0.6957,0.0,0.0,25-1126
17-1021.00,Cartographers and Photogrammetrists,0.6952,0.6952,0.0,0.0,0.6952,0.0,0.0,17-1021
19-2041.00,"Environmental Scientists and Specialists, Including Health",0.6945,0.6945,0.0,0.0,0.6945,0.0,0.0,19-2041
15-1244.00,Network and Computer Systems Administrators,0.6943,0.54,0.18761303254020312,-0.1543,0.54,0.18761303254020312,-0.1543,15-1244
25-9021.00,Farm and Home Management Educators,0.6943,0.6943,0.0,0.0,0.6943,0.0,0.0,25-9021
25-1062.00,"Area, Ethnic, and Cultural Studies Teachers, Postsecondary",0.6933,0.6933,0.0,0.0,0.6933,0.0,0.0,25-1062
17-2112.03,Manufacturing Engineers,0.6931,0.64,0.09139945093234819,-0.053100000000000036,0.64,0.09139945093234819,-0.053100000000000036,17-2112
11-3021.00,Computer and Information Systems Managers,0.6928,0.6928,0.0,0.0,0.6928,0.0,0.0,11-3021
13-2061.00,Financial Examiners,0.6916,0.6916,0.0,0.0,0.6916,0.0,0.0,13-2061
25-1125.00,"History Teachers, Postsecondary",0.6914,0.6914,0.0,0.0,0.6914,0.0,0.0,25-1125
25-1031.00,"Architecture Teachers, Postsecondary",0.6908,0.6908,0.0,0.0,0.6908,0.0,0.0,25-1031
11-9199.01,Regulatory Affairs Managers,0.6905,0.6905,0.0,0.0,0.6905,0.0,0.0,11-9199
25-1063.00,"Economics Teachers, Postsecondary",0.6901,0.6901,0.0,0.0,0.6901,0.0,0.0,25-1063
19-3041.00,Sociologists,0.6901,0.6901,0.0,0.0,0.6901,0.0,0.0,19-3041
11-2021.00,Marketing Managers,0.6899,0.6899,0.0,0.0,0.6899,0.0,0.0,11-2021
17-2072.00,"Electronics Engineers, Except Computer",0.6886,0.5885,0.1378081752389928,-0.10009999999999997,0.5885,0.1378081752389928,-0.10009999999999997,17-2072
25-1112.00,"Law Teachers, Postsecondary",0.6884,0.6884,0.0,0.0,0.6884,0.0,0.0,25-1112
27-3031.00,Public Relations Specialists,0.6882,0.6882,0.0,0.0,0.6882,0.0,0.0,27-3031
41-4012.00,"Sales Representatives, Wholesale and Manufacturing, Except Technical and Scientific Products",0.6882,0.6768,0.052849975649835734,-0.011400000000000077,0.6768,0.052849975649835734,-0.011400000000000077,41-4012
25-1124.00,"Foreign Language and Literature Teachers, Postsecondary",0.6882,0.6882,0.0,0.0,0.6882,0.0,0.0,25-1124
19-3051.00,Urban and Regional Planners,0.6879,0.6879,0.0,0.0,0.6879,0.0,0.0,19-3051
25-1122.00,"Communications Teachers, Postsecondary",0.6879,0.6879,0.0,0.0,0.6879,0.0,0.0,25-1122
25-1081.00,"Education Teachers, Postsecondary",0.6877,0.6877,0.0,0.0,0.6877,0.0,0.0,25-1081
25-1111.00,"Criminal Justice and Law Enforcement Teachers, Postsecondary",0.6876,0.6876,0.0,0.0,0.6876,0.0,0.0,25-1111
25-1065.00,"Political Science Teachers, Postsecondary",0.6865,0.6865,0.0,0.0,0.6865,0.0,0.0,25-1065
11-3031.00,Financial Managers,0.6863,0.6863,0.0,0.0,0.6863,0.0,0.0,11-3031
13-1021.00,"Buyers and Purchasing Agents, Farm Products",0.6855,0.6375,0.056476273309767566,-0.04800000000000004,0.6375,0.056476273309767566,-0.04800000000000004,13-1021
25-1022.00,"Mathematical Science Teachers, Postsecondary",0.6848,0.6848,0.0,0.0,0.6848,0.0,0.0,25-1022
25-1193.00,"Recreation and Fitness Studies Teachers, Postsecondary",0.6847,0.6847,0.0,0.0,0.6847,0.0,0.0,25-1193
17-2199.07,Photonics Engineers,0.6842,0.662,0.03452700418795786,-0.022199999999999998,0.6546,0.0714146022941244,-0.02960000000000007,17-2199
41-9022.00,Real Estate Sales Agents,0.6832,0.6832,0.0,0.0,0.6832,0.0,0.0,41-9022
11-9199.10,Wind Energy Development Managers,0.6831,0.6831,0.0,0.0,0.6831,0.0,0.0,11-9199
25-1192.00,"Family and Consumer Sciences Teachers, Postsecondary",0.6828,0.6828,0.0,0.0,0.6828,0.0,0.0,25-1192
15-1299.06,Digital Forensics Analysts,0.6825,0.6825,0.0,0.0,0.6825,0.0,0.0,15-1299
11-2011.00,Advertising and Promotions Managers,0.6819,0.6746,0.02920620241414754,-0.007299999999999973,0.6746,0.02920620241414754,-0.007299999999999973,11-2011
13-1131.00,Fundraisers,0.6816,0.6816,0.0,0.0,0.6816,0.0,0.0,13-1131
25-1032.00,"Engineering Teachers, Postsecondary",0.681,0.681,0.0,0.0,0.681,0.0,0.0,25-1032
25-9031.00,Instructional Coordinators,0.681,0.6553,0.028565418407395654,-0.025700000000000056,0.6553,0.028565418407395654,-0.025700000000000056,25-9031
11-3031.01,Treasurers and Controllers,0.6806,0.6674,0.018277096990530595,-0.01319999999999999,0.6674,0.018277096990530595,-0.01319999999999999,11-3031
11-9161.00,Emergency Management Directors,0.6803,0.6438,0.040598932874112724,-0.03649999999999998,0.6438,0.040598932874112724,-0.03649999999999998,11-9161
25-1123.00,"English Language and Literature Teachers, Postsecondary",0.6802,0.6802,0.0,0.0,0.6802,0.0,0.0,25-1123
13-2099.04,"Fraud Examiners, Investigators and Analysts",0.6802,0.6802,0.0,0.0,0.677,0.021086590608271526,-0.0031999999999999806,13-2099
43-4151.00,Order Clerks,0.6802,0.6802,0.0,0.0,0.6802,0.0,0.0,43-4151
11-2033.00,Fundraising Managers,0.6801,0.6686,0.024652641834027673,-0.011500000000000066,0.6686,0.024652641834027673,-0.011500000000000066,11-2033
25-1061.00,"Anthropology and Archeology Teachers, Postsecondary",0.6794,0.6794,0.0,0.0,0.6794,0.0,0.0,25-1061
27-3023.00,"News Analysts, Reporters, and Journalists",0.6793,0.6793,0.0,0.0,0.6472,0.07916106316168033,-0.03210000000000002,27-3023
19-2099.01,Remote Sensing Scientists and Technologists,0.6791,0.6573,0.03354177483802515,-0.02180000000000004,0.6476,0.14784296904982278,-0.031500000000000083,19-2099
13-1071.00,Human Resources Specialists,0.6787,0.6787,0.0,0.0,0.6787,0.0,0.0,13-1071
25-1011.00,"Business Teachers, Postsecondary",0.6783,0.6783,0.0,0.0,0.6783,0.0,0.0,25-1011
25-1071.00,"Health Specialties Teachers, Postsecondary",0.6782,0.6782,0.0,0.0,0.6782,0.0,0.0,25-1071
27-4032.00,Film and Video Editors,0.6782,0.5913,0.11312185545057324,-0.08689999999999998,0.5781,0.15087062125193618,-0.10010000000000008,27-4032
19-2041.02,Environmental Restoration Planners,0.6777,0.6391,0.042816827272157174,-0.03859999999999997,0.6153,0.0930939839249212,-0.06240000000000001,19-2041
25-1064.00,"Geography Teachers, Postsecondary",0.6773,0.6773,0.0,0.0,0.6773,0.0,0.0,25-1064
43-4141.00,New Accounts Clerks,0.6772,0.6772,0.0,0.0,0.6706,0.016599470230156045,-0.00660000000000005,43-4141
17-2141.01,Fuel Cell Engineers,0.6762,0.6579,0.028130295810622204,-0.018299999999999983,0.6518,0.06881229188823659,-0.024399999999999977,17-2141
13-1151.00,Training and Development Specialists,0.6762,0.6762,0.0,0.0,0.6762,0.0,0.0,13-1151
25-1043.00,"Forestry and Conservation Science Teachers, Postsecondary",0.6762,0.6762,0.0,0.0,0.6762,0.0,0.0,25-1043
13-2022.00,Appraisers of Personal and Business Property,0.6756,0.6756,0.0,0.0,0.6756,0.0,0.0,13-2022
15-1299.05,Information Security Engineers,0.6755,0.6351,0.05213340233372788,-0.04039999999999999,0.6351,0.05213340233372788,-0.04039999999999999,15-1299
25-1067.00,"Sociology Teachers, Postsecondary",0.6744,0.6744,0.0,0.0,0.6744,0.0,0.0,25-1067
11-3012.00,Administrative Services Managers,0.6743,0.6311,0.05083778064121263,-0.043200000000000016,0.6311,0.05083778064121263,-0.043200000000000016,11-3012
19-2021.00,Atmospheric and Space Scientists,0.6737,0.6532,0.031539592254106213,-0.020499999999999963,0.6459,0.10487633412155685,-0.027799999999999936,19-2021
25-1053.00,"Environmental Science Teachers, Postsecondary",0.6734,0.6734,0.0,0.0,0.6734,0.0,0.0,25-1053
41-2011.00,Cashiers,0.6731,0.6534,0.07040371449604095,-0.01970000000000005,0.6494,0.11905313019503734,-0.023700000000000054,41-2011
13-1031.00,"Claims Adjusters, Examiners, and Investigators",0.6731,0.6731,0.0,0.0,0.6731,0.0,0.0,13-1031
41-1012.00,First-Line Supervisors of Non-Retail Sales Workers,0.673,0.6537,0.021444363457401014,-0.019300000000000095,0.6537,0.021444363457401014,-0.019300000000000095,41-1012
13-1041.00,Compliance Officers,0.6729,0.6729,0.0,0.0,0.6729,0.0,0.0,13-1041
53-6041.00,Traffic Technicians,0.6729,0.5482,0.15019542406767675,-0.12470000000000003,0.5383,0.27731219228572207,-0.13460000000000005,53-6041
25-1051.00,"Atmospheric, Earth, Marine, and Space Sciences Teachers, Postsecondary",0.6726,0.6726,0.0,0.0,0.6726,0.0,0.0,25-1051
19-1029.04,Biologists,0.6722,0.6722,0.0,0.0,0.6529,0.04823638523789565,-0.019299999999999984,19-1029
19-1041.00,Epidemiologists,0.6715,0.6715,0.0,0.0,0.6715,0.0,0.0,19-1041
17-2161.00,Nuclear Engineers,0.6711,0.6562,0.04251074382082393,-0.014900000000000024,0.6562,0.04251074382082393,-0.014900000000000024,17-2161
11-9179.02,Spa Managers,0.6709,0.648,0.04582219626273498,-0.02290000000000003,0.648,0.04582219626273498,-0.02290000000000003,11-9179
43-5032.00,"Dispatchers, Except Police, Fire, and Ambulance",0.6709,0.6028,0.10465598193072882,-0.06810000000000005,0.5823,0.15608436565455389,-0.08860000000000001,43-5032
11-9199.11,Brownfield Redevelopment Specialists and Site Managers,0.6708,0.6214,0.05493116570126181,-0.0494,0.6087,0.10118217078463555,-0.06209999999999993,11-9199
25-1041.00,"Agricultural Sciences Teachers, Postsecondary",0.6707,0.6707,0.0,0.0,0.6707,0.0,0.0,25-1041
23-1021.00,"Administrative Law Judges, Adjudicators, and Hearing Officers",0.6702,0.6702,0.0,0.0,0.6702,0.0,0.0,23-1021
43-6013.00,Medical Secretaries and Administrative Assistants,0.669,0.6223,0.08114715710748303,-0.046700000000000075,0.6223,0.08114715710748303,-0.046700000000000075,43-6013
17-2111.00,"Health and Safety Engineers, Except Mining Safety Engineers and Inspectors",0.6682,0.5843,0.14899021918164537,-0.08389999999999997,0.5781,0.1654514013351125,-0.09010000000000007,17-2111
17-3022.00,Civil Engineering Technologists and Technicians,0.6673,0.6673,0.0,0.0,0.6673,0.0,0.0,17-3022
25-1066.00,"Psychology Teachers, Postsecondary",0.6668,0.6668,0.0,0.0,0.6668,0.0,0.0,25-1066
11-9071.00,Gambling Managers,0.6647,0.6647,0.0,0.0,0.6492,0.0689435424276978,-0.015499999999999958,11-9071
43-3011.00,Bill and Account Collectors,0.6643,0.6643,0.0,0.0,0.6643,0.0,0.0,43-3011
15-1241.00,Computer Network Architects,0.664,0.6377,0.03404773851336822,-0.02629999999999999,0.6377,0.03404773851336822,-0.02629999999999999,15-1241
11-9121.00,Natural Sciences Managers,0.6639,0.6639,0.0,0.0,0.6639,0.0,0.0,11-9121
17-2199.03,"Energy Engineers, Except Wind and Solar",0.663,0.6398,0.03093997339631296,-0.0232,0.6398,0.03093997339631296,-0.0232,17-2199
41-2021.00,Counter and Rental Clerks,0.6621,0.6621,0.0,0.0,0.6568,0.053231818091389334,-0.005299999999999971,41-2021
43-6014.00,"Secretaries and Administrative Assistants, Except Legal, Medical, and Executive",0.6619,0.5939,0.11847603807268137,-0.06800000000000006,0.5773,0.16004273886079173,-0.08460000000000001,43-6014
11-3051.01,Quality Control Systems Managers,0.6618,0.6618,0.0,0.0,0.6618,0.0,0.0,11-3051
19-1031.00,Conservation Scientists,0.6616,0.6317,0.04590746714670029,-0.029899999999999927,0.6275,0.0878185253230405,-0.03410000000000002,19-1031
17-1011.00,"Architects, Except Landscape and Naval",0.6615,0.6615,0.0,0.0,0.6615,0.0,0.0,17-1011
25-1113.00,"Social Work Teachers, Postsecondary",0.6614,0.6614,0.0,0.0,0.6614,0.0,0.0,25-1113
17-2199.09,Nanosystems Engineers,0.6608,0.6176,0.06253499849329913,-0.043200000000000016,0.6066,0.11728430361511852,-0.054200000000000026,17-2199
15-1299.09,Information Technology Project Managers,0.6599,0.6599,0.0,0.0,0.6599,0.0,0.0,15-1299
25-1072.00,"Nursing Instructors and Teachers, Postsecondary",0.6597,0.6597,0.0,0.0,0.6597,0.0,0.0,25-1072
29-9092.00,Genetic Counselors,0.6595,0.6595,0.0,0.0,0.6595,0.0,0.0,29-9092
19-1012.00,Food Scientists and Technologists,0.659,0.659,0.0,0.0,0.659,0.0,0.0,19-1012
17-1022.00,Surveyors,0.658,0.658,0.0,0.0,0.6529,0.03391081544126996,-0.005099999999999993,17-1022
43-1011.00,First-Line Supervisors of Office and Administrative Support Workers,0.6578,0.6428,0.02507415752955464,-0.015000000000000013,0.6428,0.02507415752955464,-0.015000000000000013,43-1011
19-1029.02,Molecular and Cellular Biologists,0.6577,0.6481,0.04789206748950151,-0.009599999999999942,0.6481,0.04789206748950151,-0.009599999999999942,19-1029
25-3041.00,Tutors,0.6573,0.6573,0.0,0.0,0.6573,0.0,0.0,25-3041
19-2032.00,Materials Scientists,0.657,0.657,0.0,0.0,0.657,0.0,0.0,19-2032
17-2061.00,Computer Hardware Engineers,0.656,0.6538,0.04315092614539023,-0.0021999999999999797,0.6538,0.04315092614539023,-0.0021999999999999797,17-2061
17-2141.00,Mechanical Engineers,0.6559,0.5726,0.15811166440332444,-0.08330000000000004,0.5726,0.15811166440332444,-0.08330000000000004,17-2141
15-2011.00,Actuaries,0.6558,0.6558,0.0,0.0,0.6558,0.0,0.0,15-2011
19-4099.03,Remote Sensing Technicians,0.6552,0.6309,0.04220846388880197,-0.02429999999999999,0.6101,0.2234819416433657,-0.04510000000000003,19-4099
19-3091.00,Anthropologists and Archeologists,0.6547,0.6323,0.0560811815716917,-0.022399999999999975,0.6183,0.10358773124049012,-0.03639999999999999,19-3091
11-3131.00,Training and Development Managers,0.6545,0.6545,0.0,0.0,0.6545,0.0,0.0,11-3131
43-3041.00,Gambling Cage Workers,0.6534,0.6534,0.0,0.0,0.6282,0.21016503678233978,-0.0252,43-3041
25-1042.00,"Biological Science Teachers, Postsecondary",0.6527,0.6498,0.02844715636194571,-0.0028999999999999027,0.6498,0.02844715636194571,-0.0028999999999999027,25-1042
17-3027.00,Mechanical Engineering Technologists and Technicians,0.6526,0.5948,0.174718354041105,-0.05779999999999996,0.5948,0.174718354041105,-0.05779999999999996,17-3027
25-1054.00,"Physics Teachers, Postsecondary",0.6519,0.6484,0.034547394791753665,-0.0035000000000000586,0.6484,0.034547394791753665,-0.0035000000000000586,25-1054
11-3071.04,Supply Chain Managers,0.6516,0.6181,0.04467765571914825,-0.033499999999999974,0.6181,0.04467765571914825,-0.033499999999999974,11-3071
13-1082.00,Project Management Specialists,0.6512,0.6512,0.0,0.0,0.6512,0.0,0.0,13-1082
11-3051.00,Industrial Production Managers,0.6509,0.6509,0.0,0.0,0.6509,0.0,0.0,11-3051
19-1042.00,"Medical Scientists, Except Epidemiologists",0.648,0.648,0.0,0.0,0.6352,0.063974199548132,-0.012800000000000034,19-1042
17-2151.00,"Mining and Geological Engineers, Including Mining Safety Engineers",0.6474,0.6043,0.06063876894241634,-0.04310000000000003,0.6043,0.06063876894241634,-0.04310000000000003,17-2151
13-1041.01,Environmental Compliance Inspectors,0.6474,0.6453,0.01757029808686485,-0.0020999999999999908,0.6308,0.06217182399967562,-0.016599999999999948,13-1041
19-2011.00,Astronomers,0.6472,0.5981,0.07017702033487067,-0.04910000000000003,0.5981,0.07017702033487067,-0.04910000000000003,19-2011
19-1023.00,Zoologists and Wildlife Biologists,0.6469,0.6469,0.0,0.0,0.6339,0.04839090816733811,-0.013000000000000012,19-1023
11-9199.09,Wind Energy Operations Managers,0.6468,0.6187,0.05622446466441508,-0.028100000000000014,0.6187,0.05622446466441508,-0.028100000000000014,11-9199
19-3034.00,School Psychologists,0.6466,0.6466,0.0,0.0,0.6466,0.0,0.0,19-3034
17-2051.01,Transportation Engineers,0.6465,0.6298,0.033265469236004146,-0.016699999999999937,0.6298,0.033265469236004146,-0.016699999999999937,17-2051
29-1229.05,Preventive Medicine Physicians,0.6462,0.6462,0.0,0.0,0.6462,0.0,0.0,29-1229
17-2111.02,Fire-Prevention and Protection Engineers,0.6459,0.6459,0.0,0.0,0.6459,0.0,0.0,17-2111
19-1031.02,Range Managers,0.6452,0.6452,0.0,0.0,0.6452,0.0,0.0,19-1031
43-4071.00,File Clerks,0.6451,0.6352,0.024625615435673088,-0.00990000000000002,0.5842,0.24941133052625203,-0.060899999999999954,43-4071
19-3032.00,Industrial-Organizational Psychologists,0.6446,0.6446,0.0,0.0,0.6446,0.0,0.0,19-3032
13-1041.03,Equal Opportunity Representatives and Officers,0.6445,0.6445,0.0,0.0,0.6445,0.0,0.0,13-1041
39-1022.00,First-Line Supervisors of Personal Service Workers,0.643,0.5794,0.11160664846852472,-0.06359999999999999,0.5794,0.11160664846852472,-0.06359999999999999,39-1022
11-9111.00,Medical and Health Services Managers,0.6427,0.6427,0.0,0.0,0.6427,0.0,0.0,11-9111
17-2081.00,Environmental Engineers,0.6426,0.6392,0.019634960239287687,-0.0033999999999999586,0.6392,0.019634960239287687,-0.0033999999999999586,17-2081
11-9021.00,Construction Managers,0.6419,0.584,0.06842530043295175,-0.05790000000000006,0.584,0.06842530043295175,-0.05790000000000006,11-9021
17-3026.00,Industrial Engineering Technologists and Technicians,0.6408,0.6114,0.06531475762274022,-0.02939999999999998,0.5943,0.13062951524548044,-0.046499999999999986,17-3026
13-1041.06,Coroners,0.6398,0.6398,0.0,0.0,0.6398,0.0,0.0,13-1041
25-1052.00,"Chemistry Teachers, Postsecondary",0.6396,0.6383,0.026165695253955037,-0.0012999999999999678,0.6383,0.026165695253955037,-0.0012999999999999678,25-1052
17-2121.00,Marine Engineers and Naval Architects,0.6391,0.5375,0.21244383735163327,-0.10160000000000002,0.5375,0.21244383735163327,-0.10160000000000002,17-2121
19-3092.00,Geographers,0.6388,0.5773,0.07238873319716904,-0.0615,0.513,0.3171282002564955,-0.12580000000000002,19-3092
11-9031.00,"Education and Childcare Administrators, Preschool and Daycare",0.638,0.5859,0.0694431543672238,-0.052100000000000035,0.5859,0.0694431543672238,-0.052100000000000035,11-9031
11-9051.00,Food Service Managers,0.6379,0.6379,0.0,0.0,0.6379,0.0,0.0,11-9051
27-1011.00,Art Directors,0.6378,0.6378,0.0,0.0,0.6378,0.0,0.0,27-1011
17-2072.01,Radio Frequency Identification Device Specialists,0.6378,0.6288,0.04937541102445373,-0.009000000000000008,0.6288,0.04937541102445373,-0.009000000000000008,17-2072
11-1011.00,Chief Executives,0.6373,0.6373,0.0,0.0,0.6373,0.0,0.0,11-1011
19-1021.00,Biochemists and Biophysicists,0.637,0.637,0.0,0.0,0.6302,0.09415896065638973,-0.006800000000000028,19-1021
11-2032.00,Public Relations Managers,0.6358,0.6125,0.05,-0.023299999999999987,0.6125,0.05,-0.023299999999999987,11-2032
23-1022.00,"Arbitrators, Mediators, and Conciliators",0.6356,0.5863,0.07297494565218504,-0.04930000000000001,0.5863,0.07297494565218504,-0.04930000000000001,23-1022
27-2012.00,Producers and Directors,0.6351,0.6103,0.027615098957851546,-0.024800000000000044,0.6103,0.027615098957851546,-0.024800000000000044,27-2012
17-2071.00,Electrical Engineers,0.6351,0.5483,0.11242469670974128,-0.08679999999999999,0.5483,0.11242469670974128,-0.08679999999999999,17-2071
43-4111.00,"Interviewers, Except Eligibility and Loan",0.6347,0.6347,0.0,0.0,0.6347,0.0,0.0,43-4111
29-2099.08,Patient Representatives,0.6343,0.6343,0.0,0.0,0.6343,0.0,0.0,29-2099
19-2043.00,Hydrologists,0.6342,0.5969,0.09358272385518018,-0.0373,0.5925,0.13748184476824196,-0.04169999999999996,19-2043
11-1031.00,Legislators,0.6342,0.6342,0.0,0.0,0.6342,0.0,0.0,11-1031
25-1021.00,"Computer Science Teachers, Postsecondary",0.6341,0.6341,0.0,0.0,0.6341,0.0,0.0,25-1021
17-2171.00,Petroleum Engineers,0.6333,0.5826,0.07861351796303995,-0.05069999999999997,0.5799,0.10585179017203734,-0.0534,17-2171
27-3011.00,Broadcast Announcers and Radio Disc Jockeys,0.6329,0.6167,0.04635516769233009,-0.016199999999999992,0.6119,0.058239018332889886,-0.02100000000000002,27-3011
13-1199.07,Security Management Specialists,0.6327,0.6259,0.025771320229560732,-0.006800000000000028,0.6259,0.025771320229560732,-0.006800000000000028,13-1199
19-1031.03,Park Naturalists,0.6321,0.6321,0.0,0.0,0.6188,0.052843227112701306,-0.013299999999999979,19-1031
11-3013.01,Security Managers,0.6317,0.6317,0.0,0.0,0.6317,0.0,0.0,11-3013
11-9151.00,Social and Community Service Managers,0.6306,0.6306,0.0,0.0,0.6306,0.0,0.0,11-9151
25-2059.01,Adapted Physical Education Specialists,0.6303,0.6303,0.0,0.0,0.6303,0.0,0.0,25-2059
53-1042.01,Recycling Coordinators,0.6303,0.6208,0.06307951893723988,-0.009499999999999953,0.6208,0.06307951893723988,-0.009499999999999953,53-1042
11-9032.00,"Education Administrators, Kindergarten through Secondary",0.6297,0.5989,0.04104539462778931,-0.03080000000000005,0.5989,0.04104539462778931,-0.03080000000000005,11-9032
25-1121.00,"Art, Drama, and Music Teachers, Postsecondary",0.6295,0.6268,0.02758739477415869,-0.0026999999999999247,0.6254,0.055368027372462984,-0.0040999999999999925,25-1121
11-9171.00,Funeral Home Managers,0.6283,0.6069,0.042809774227890854,-0.021399999999999975,0.5804,0.09241863479175823,-0.04789999999999994,11-9171
11-3071.00,"Transportation, Storage, and Distribution Managers",0.6281,0.6281,0.0,0.0,0.6281,0.0,0.0,11-3071
11-3121.00,Human Resources Managers,0.6281,0.6281,0.0,0.0,0.6281,0.0,0.0,11-3121
25-3011.00,"Adult Basic Education, Adult Secondary Education, and English as a Second Language Instructors",0.6279,0.6279,0.0,0.0,0.6261,0.03636003432734005,-0.0018000000000000238,25-3011
17-2021.00,Agricultural Engineers,0.6264,0.5442,0.15243192329048919,-0.08219999999999994,0.5442,0.15243192329048919,-0.08219999999999994,17-2021
43-4171.00,Receptionists and Information Clerks,0.6245,0.5518,0.0908229522137392,-0.0727000000000001,0.5491,0.14535791448355398,-0.07540000000000002,43-4171
11-9041.00,Architectural and Engineering Managers,0.6245,0.6043,0.04030949330858177,-0.020200000000000107,0.6043,0.04030949330858177,-0.020200000000000107,11-9041
17-1012.00,Landscape Architects,0.6239,0.6239,0.0,0.0,0.6239,0.0,0.0,17-1012
41-9012.00,Models,0.6238,0.2879,0.6506508279332918,-0.33590000000000003,0.2879,0.6506508279332918,-0.33590000000000003,41-9012
27-1014.00,Special Effects Artists and Animators,0.6237,0.5509,0.14899483906009492,-0.07280000000000009,0.5509,0.14899483906009492,-0.07280000000000009,27-1014
27-1025.00,Interior Designers,0.6226,0.61,0.05057158376464859,-0.012600000000000056,0.61,0.05057158376464859,-0.012600000000000056,27-1025
21-2021.00,"Directors, Religious Activities and Education",0.6224,0.6224,0.0,0.0,0.6224,0.0,0.0,21-2021
17-2112.02,Validation Engineers,0.622,0.622,0.0,0.0,0.6176,0.04401898482772631,-0.0043999999999999595,17-2112
11-1021.00,General and Operations Managers,0.6219,0.6219,0.0,0.0,0.6219,0.0,0.0,11-1021
23-1011.00,Lawyers,0.6211,0.6211,0.0,0.0,0.6211,0.0,0.0,23-1011
53-1044.00,First-Line Supervisors of Passenger Attendants,0.6211,0.5816,0.05263157894736842,-0.03949999999999998,0.5816,0.05263157894736842,-0.03949999999999998,53-1044
43-9061.00,"Office Clerks, General",0.6207,0.5585,0.13539588888407,-0.06220000000000003,0.5585,0.13539588888407,-0.06220000000000003,43-9061
19-3039.02,Neuropsychologists,0.6193,0.6193,0.0,0.0,0.6193,0.0,0.0,19-3039
11-9033.00,"Education Administrators, Postsecondary",0.6186,0.6186,0.0,0.0,0.6186,0.0,0.0,11-9033
33-3021.06,Intelligence Analysts,0.6184,0.6079,0.030014931612492787,-0.010499999999999954,0.5919,0.06577700273402108,-0.026499999999999968,33-3021
39-1014.00,"First-Line Supervisors of Entertainment and Recreation Workers, Except Gambling Services",0.6184,0.5789,0.05263157894736842,-0.03949999999999998,0.5789,0.05263157894736842,-0.03949999999999998,39-1014
25-1194.00,"Career/Technical Education Teachers, Postsecondary",0.618,0.5755,0.09771206495939479,-0.04249999999999998,0.5755,0.09771206495939479,-0.04249999999999998,25-1194
11-9141.00,"Property, Real Estate, and Community Association Managers",0.6175,0.6144,0.03147214145849403,-0.0031000000000001027,0.6144,0.03147214145849403,-0.0031000000000001027,11-9141
11-9131.00,Postmasters and Mail Superintendents,0.6169,0.6169,0.0,0.0,0.6169,0.0,0.0,11-9131
11-9179.01,Fitness and Wellness Coordinators,0.6161,0.5925,0.04718275927107554,-0.023599999999999954,0.5925,0.04718275927107554,-0.023599999999999954,11-9179
13-1121.00,"Meeting, Convention, and Event Planners",0.6156,0.6156,0.0,0.0,0.6156,0.0,0.0,13-1121
25-3021.00,Self-Enrichment Teachers,0.6147,0.6147,0.0,0.0,0.6126,0.04314700389484118,-0.0020999999999999908,25-3021
29-1031.00,Dietitians and Nutritionists,0.6133,0.6133,0.0,0.0,0.6133,0.0,0.0,29-1031
27-2012.03,Media Programming Directors,0.613,0.5842,0.08880646441033963,-0.028799999999999937,0.5842,0.08880646441033963,-0.028799999999999937,27-2012
27-1021.00,Commercial and Industrial Designers,0.6129,0.6129,0.0,0.0,0.6105,0.04769472597559775,-0.0023999999999999577,27-1021
17-2051.00,Civil Engineers,0.6124,0.5487,0.08708948794552908,-0.06370000000000009,0.5487,0.08708948794552908,-0.06370000000000009,17-2051
29-1222.00,"Physicians, Pathologists",0.6118,0.6118,0.0,0.0,0.5815,0.10942369760252947,-0.030299999999999994,29-1222
11-3051.06,Hydroelectric Production Managers,0.6106,0.5678,0.10665234102989746,-0.04280000000000006,0.5678,0.10665234102989746,-0.04280000000000006,11-3051
25-4031.00,Library Technicians,0.608,0.6014,0.01903812767434906,-0.006599999999999939,0.5963,0.09452325439383757,-0.011699999999999933,25-4031
33-9021.00,Private Detectives and Investigators,0.6072,0.6072,0.0,0.0,0.6072,0.0,0.0,33-9021
25-4011.00,Archivists,0.6067,0.6067,0.0,0.0,0.5987,0.08020922725464982,-0.008000000000000007,25-4011
25-2031.00,"Secondary School Teachers, Except Special and Career/Technical Education",0.6051,0.6051,0.0,0.0,0.6032,0.03812738399781103,-0.0019000000000000128,25-2031
25-4012.00,Curators,0.6044,0.5693,0.09351091666473468,-0.03510000000000002,0.5693,0.09351091666473468,-0.03510000000000002,25-4012
17-2131.00,Materials Engineers,0.6036,0.6036,0.0,0.0,0.6014,0.04541998697228012,-0.0021999999999999797,17-2131
13-1081.00,Logisticians,0.6032,0.5462,0.08093001248326308,-0.05699999999999994,0.5462,0.08093001248326308,-0.05699999999999994,13-1081
19-4043.00,"Geological Technicians, Except Hydrologic Technicians",0.603,0.5217,0.1786055786471493,-0.08129999999999993,0.4987,0.33766799326089436,-0.1043,19-4043
19-4099.01,Quality Control Analysts,0.6027,0.6027,0.0,0.0,0.5953,0.049220218772527614,-0.007399999999999962,19-4099
41-2031.00,Retail Salespersons,0.6026,0.5708,0.07871939085210233,-0.03180000000000005,0.5593,0.21020159405989697,-0.043300000000000005,41-2031
29-1051.00,Pharmacists,0.6025,0.5998,0.026804242270264594,-0.0027000000000000357,0.5947,0.07783541865575407,-0.007800000000000029,29-1051
11-9199.08,Loss Prevention Managers,0.6024,0.6024,0.0,0.0,0.6024,0.0,0.0,11-9199
23-1023.00,"Judges, Magistrate Judges, and Magistrates",0.6022,0.6022,0.0,0.0,0.6022,0.0,0.0,23-1023
41-9091.00,"Door-to-Door Sales Workers, News and Street Vendors, and Related Workers",0.6022,0.6022,0.0,0.0,0.5927,0.10902703732745282,-0.009499999999999953,41-9091
25-2032.00,"Career/Technical Education Teachers, Secondary School",0.6008,0.6008,0.0,0.0,0.599,0.0356900966510274,-0.0018000000000000238,25-2032
41-1011.00,First-Line Supervisors of Retail Sales Workers,0.6006,0.6006,0.0,0.0,0.5722,0.09222085425029598,-0.02839999999999998,41-1011
19-1032.00,Foresters,0.6006,0.6006,0.0,0.0,0.5987,0.03699169345662325,-0.0019000000000000128,19-1032
25-2023.00,"Career/Technical Education Teachers, Middle School",0.6004,0.6004,0.0,0.0,0.5986,0.036251784879085376,-0.0018000000000000238,25-2023
43-5041.00,"Meter Readers, Utilities",0.6001,0.5846,0.10321572086271924,-0.015499999999999958,0.5743,0.172115937751573,-0.025799999999999934,43-5041
21-1091.00,Health Education Specialists,0.5981,0.5981,0.0,0.0,0.5981,0.0,0.0,21-1091
27-4014.00,Sound Engineering Technicians,0.5971,0.5971,0.0,0.0,0.4433,0.4568803117674973,-0.15379999999999994,27-4014
11-9072.00,"Entertainment and Recreation Managers, Except Gambling",0.5969,0.5416,0.12799794659225586,-0.055300000000000016,0.5416,0.12799794659225586,-0.055300000000000016,11-9072
25-2055.00,"Special Education Teachers, Kindergarten",0.5967,0.5967,0.0,0.0,0.5933,0.06666666666666667,-0.0033999999999999586,25-2055
11-2022.00,Sales Managers,0.5958,0.5958,0.0,0.0,0.5958,0.0,0.0,11-2022
27-1022.00,Fashion Designers,0.5951,0.4892,0.24707000628873962,-0.10589999999999994,0.4892,0.24707000628873962,-0.10589999999999994,27-1022
13-1075.00,Labor Relations Specialists,0.5941,0.5941,0.0,0.0,0.5941,0.0,0.0,13-1075
29-1229.02,Hospitalists,0.5934,0.5934,0.0,0.0,0.5934,0.0,0.0,29-1229
25-2058.00,"Special Education Teachers, Secondary School",0.593,0.593,0.0,0.0,0.5914,0.032085030910997944,-0.0015999999999999348,25-2058
41-2022.00,Parts Salespersons,0.5923,0.5879,0.08820075984827036,-0.0044000000000000705,0.5802,0.19217014290599477,-0.0121,41-2022
27-2091.00,"Disc Jockeys, Except Radio",0.5908,0.5039,0.21052631578947367,-0.08689999999999998,0.5039,0.21052631578947367,-0.08689999999999998,27-2091
29-1223.00,Psychiatrists,0.5902,0.5902,0.0,0.0,0.5902,0.0,0.0,29-1223
11-3051.02,Geothermal Production Managers,0.5902,0.5902,0.0,0.0,0.5902,0.0,0.0,11-3051
53-4031.00,Railroad Conductors and Yardmasters,0.5899,0.5671,0.07967645484067949,-0.02279999999999993,0.5671,0.07967645484067949,-0.02279999999999993,53-4031
13-1011.00,"Agents and Business Managers of Artists, Performers, and Athletes",0.5888,0.5687,0.08068638279732727,-0.020100000000000007,0.5687,0.08068638279732727,-0.020100000000000007,13-1011
25-2057.00,"Special Education Teachers, Middle School",0.5871,0.5871,0.0,0.0,0.5844,0.05270189461153962,-0.0026999999999999247,25-2057
53-1043.00,First-Line Supervisors of Material-Moving Machine and Vehicle Operators,0.5867,0.5473,0.08954293416802402,-0.03939999999999999,0.5457,0.12098104453806359,-0.041000000000000036,53-1043
25-2022.00,"Middle School Teachers, Except Special and Career/Technical Education",0.5855,0.5855,0.0,0.0,0.5825,0.061236158838478175,-0.0030000000000000027,25-2022
43-5031.00,Public Safety Telecommunicators,0.585,0.5816,0.02297814307956468,-0.0033999999999999586,0.5047,0.23809436139304294,-0.08029999999999993,43-5031
17-3023.00,Electrical and Electronic Engineering Technologists and Technicians,0.5845,0.5427,0.2457099381533828,-0.04180000000000006,0.534,0.2705240640831309,-0.05049999999999999,17-3023
51-1011.00,First-Line Supervisors of Production and Operating Workers,0.5843,0.5521,0.045954852692761755,-0.032200000000000006,0.5388,0.14793018564816002,-0.045500000000000096,51-1011
11-9081.00,Lodging Managers,0.5832,0.5531,0.0388068810693284,-0.030100000000000016,0.549,0.07965465545694254,-0.03420000000000001,11-9081
19-4092.00,Forensic Science Technicians,0.5814,0.558,0.06890322025433787,-0.023399999999999976,0.554,0.10837668683758662,-0.02739999999999998,19-4092
19-4044.00,Hydrologic Technicians,0.5812,0.5375,0.125,-0.04370000000000007,0.5281,0.25,-0.053100000000000036,19-4044
29-1127.00,Speech-Language Pathologists,0.5807,0.5529,0.04618979441902851,-0.027800000000000047,0.542,0.10080959259013056,-0.03869999999999996,29-1127
25-9044.00,"Teaching Assistants, Postsecondary",0.5804,0.5804,0.0,0.0,0.5804,0.0,0.0,25-9044
25-2021.00,"Elementary School Teachers, Except Special Education",0.5779,0.5779,0.0,0.0,0.5738,0.08183897795980237,-0.0040999999999999925,25-2021
11-3013.00,Facilities Managers,0.5778,0.5234,0.10882141205559372,-0.054400000000000004,0.5234,0.10882141205559372,-0.054400000000000004,11-3013
53-1042.00,"First-Line Supervisors of Helpers, Laborers, and Material Movers, Hand",0.577,0.577,0.0,0.0,0.5748,0.04422493293704135,-0.0021999999999999797,53-1042
47-1011.03,Solar Energy Installation Managers,0.576,0.576,0.0,0.0,0.576,0.0,0.0,47-1011
27-2012.04,Talent Directors,0.5754,0.5593,0.03216070876275803,-0.016100000000000003,0.5593,0.03216070876275803,-0.016100000000000003,27-2012
41-9011.00,Demonstrators and Product Promoters,0.5743,0.5307,0.10800421669635774,-0.04360000000000008,0.5189,0.27748595399378184,-0.055400000000000005,41-9011
35-1012.00,First-Line Supervisors of Food Preparation and Serving Workers,0.573,0.573,0.0,0.0,0.5687,0.0860328455720494,-0.0042999999999999705,35-1012
25-2056.00,"Special Education Teachers, Elementary School",0.5727,0.5727,0.0,0.0,0.5692,0.06951289651621412,-0.0034999999999999476,25-2056
21-1012.00,"Educational, Guidance, and Career Counselors and Advisors",0.5723,0.5723,0.0,0.0,0.5723,0.0,0.0,21-1012
43-4181.00,Reservation and Transportation Ticket Agents and Travel Clerks,0.5719,0.5327,0.10429102884450434,-0.03920000000000001,0.508,0.18947208665098625,-0.06389999999999996,43-4181
19-1022.00,Microbiologists,0.5715,0.5715,0.0,0.0,0.5453,0.1805789844939769,-0.0262,19-1022
29-1224.00,Radiologists,0.5707,0.5707,0.0,0.0,0.5358,0.07089557983718678,-0.03489999999999993,29-1224
39-3091.00,Amusement and Recreation Attendants,0.5704,0.4691,0.1763931028699233,-0.1013,0.4691,0.1763931028699233,-0.1013,39-3091
17-3025.00,Environmental Engineering Technologists and Technicians,0.5703,0.5374,0.0869077086160426,-0.03290000000000004,0.5071,0.27166665203258156,-0.06320000000000003,17-3025
29-2052.00,Pharmacy Technicians,0.5678,0.5242,0.10252795690628796,-0.04359999999999997,0.4952,0.30188063521128117,-0.0726,29-2052
17-3027.01,Automotive Engineering Technicians,0.5673,0.5642,0.06123157735099674,-0.0030999999999999917,0.5545,0.12583089145629828,-0.012800000000000034,17-3027
13-1041.04,Government Property Inspectors and Investigators,0.5661,0.5661,0.0,0.0,0.5661,0.0,0.0,13-1041
19-3039.03,Clinical Neuropsychologists,0.565,0.4915,0.15568599145973025,-0.07349999999999995,0.4915,0.15568599145973025,-0.07349999999999995,19-3039
45-2011.00,Agricultural Inspectors,0.5636,0.5636,0.0,0.0,0.5486,0.12834075782567655,-0.015000000000000013,45-2011
25-4022.00,Librarians and Media Collections Specialists,0.5636,0.5534,0.055406024513120836,-0.010199999999999987,0.5534,0.055406024513120836,-0.010199999999999987,25-4022
43-5051.00,Postal Service Clerks,0.5631,0.5589,0.08397773029291568,-0.0042000000000000925,0.5563,0.13634873577404266,-0.006800000000000028,43-5051
33-3031.00,Fish and Game Wardens,0.5631,0.5631,0.0,0.0,0.5299,0.12203993625153095,-0.03320000000000001,33-3031
29-1129.01,Art Therapists,0.5602,0.5383,0.03988724991292613,-0.02190000000000003,0.5173,0.11130102051262988,-0.04290000000000005,29-1129
29-1141.04,Clinical Nurse Specialists,0.5593,0.5593,0.0,0.0,0.5593,0.0,0.0,29-1141
19-3033.00,Clinical and Counseling Psychologists,0.5593,0.5593,0.0,0.0,0.5593,0.0,0.0,19-3033
29-2051.00,Dietetic Technicians,0.5592,0.5592,0.0,0.0,0.5592,0.0,0.0,29-2051
43-5071.00,"Shipping, Receiving, and Inventory Clerks",0.5591,0.5546,0.09130047639817383,-0.0045000000000000595,0.5121,0.2773218074981698,-0.04700000000000004,43-5071
21-1015.00,Rehabilitation Counselors,0.5591,0.5591,0.0,0.0,0.5591,0.0,0.0,21-1015
21-2011.00,Clergy,0.5582,0.5582,0.0,0.0,0.5582,0.0,0.0,21-2011
35-1011.00,Chefs and Head Cooks,0.5573,0.5573,0.0,0.0,0.5549,0.04674098255085898,-0.0024000000000000687,35-1011
53-6051.00,Transportation Inspectors,0.555,0.555,0.0,0.0,0.555,0.0,0.0,53-6051
43-2011.00,"Switchboard Operators, Including Answering Service",0.554,0.5211,0.0821881994287296,-0.03290000000000004,0.4428,0.31090677460162003,-0.11120000000000002,43-2011
33-9031.00,Gambling Surveillance Officers and Gambling Investigators,0.5535,0.5535,0.0,0.0,0.4165,0.2610104750062122,-0.137,33-9031
29-1123.00,Physical Therapists,0.5532,0.4914,0.15317219841809757,-0.06180000000000002,0.4743,0.2300559416966523,-0.07890000000000003,29-1123
33-3051.04,Customs and Border Protection Officers,0.5529,0.5529,0.0,0.0,0.5048,0.21676452014555164,-0.04809999999999992,33-3051
33-1012.00,First-Line Supervisors of Police and Detectives,0.5516,0.5516,0.0,0.0,0.5439,0.05094516936841546,-0.007699999999999929,33-1012
25-2012.00,"Kindergarten Teachers, Except Special Education",0.5507,0.5507,0.0,0.0,0.5466,0.08364028719878817,-0.0040999999999999925,25-2012
47-4011.00,Construction and Building Inspectors,0.5503,0.5503,0.0,0.0,0.5503,0.0,0.0,47-4011
39-9032.00,Recreation Workers,0.5499,0.5499,0.0,0.0,0.5296,0.12093252325027178,-0.020300000000000096,39-9032
49-1011.00,"First-Line Supervisors of Mechanics, Installers, and Repairers",0.5487,0.4396,0.2227039056608749,-0.10909999999999997,0.4396,0.2227039056608749,-0.10909999999999997,49-1011
25-2051.00,"Special Education Teachers, Preschool",0.5452,0.5452,0.0,0.0,0.541,0.08508748369901345,-0.0041999999999999815,25-2051
29-1011.00,Chiropractors,0.5449,0.4777,0.1530569900650196,-0.06720000000000004,0.4777,0.1530569900650196,-0.06720000000000004,29-1011
21-1021.00,"Child, Family, and School Social Workers",0.5427,0.5048,0.06890441723216904,-0.037899999999999934,0.5048,0.06890441723216904,-0.037899999999999934,21-1021
31-9095.00,Pharmacy Aides,0.5426,0.4488,0.1764299328288441,-0.0938,0.4385,0.36396005598771985,-0.10409999999999997,31-9095
29-1122.01,"Low Vision Therapists, Orientation and Mobility Specialists, and Vision Rehabilitation Therapists",0.5423,0.5423,0.0,0.0,0.5423,0.0,0.0,29-1122
31-9099.01,Speech-Language Pathology Assistants,0.5414,0.5414,0.0,0.0,0.4671,0.12060343197422313,-0.07429999999999998,31-9099
33-3041.00,Parking Enforcement Workers,0.541,0.541,0.0,0.0,0.5161,0.0973284042194955,-0.024900000000000033,33-3041
39-1013.00,First-Line Supervisors of Gambling Services Workers,0.5407,0.5031,0.0727470528455836,-0.03759999999999997,0.49,0.11003401595139893,-0.05069999999999997,39-1013
39-3012.00,Gambling and Sports Book Writers and Runners,0.5393,0.5329,0.03196795378609216,-0.006399999999999961,0.5314,0.06130921154523498,-0.007900000000000018,39-3012
33-1091.00,First-Line Supervisors of Security Workers,0.5392,0.5392,0.0,0.0,0.4667,0.27974064080899796,-0.07250000000000001,33-1091
29-1181.00,Audiologists,0.5376,0.5266,0.09910390706652535,-0.01100000000000001,0.5161,0.15128112966115292,-0.021499999999999964,29-1181
29-1215.00,Family Medicine Physicians,0.5376,0.5376,0.0,0.0,0.5376,0.0,0.0,29-1215
27-1027.00,Set and Exhibit Designers,0.5365,0.5365,0.0,0.0,0.5111,0.08167800538888143,-0.025399999999999978,27-1027
19-2031.00,Chemists,0.5356,0.5356,0.0,0.0,0.5277,0.07852861174681519,-0.007900000000000018,19-2031
27-4011.00,Audio and Video Technicians,0.5341,0.5151,0.06968375251943587,-0.019000000000000017,0.4577,0.22365500405261568,-0.07640000000000002,27-4011
43-5011.00,Cargo and Freight Agents,0.5337,0.4809,0.2604135964072688,-0.05279999999999996,0.4757,0.29511739194210823,-0.05799999999999994,43-5011
19-5012.00,Occupational Health and Safety Technicians,0.5334,0.5254,0.053572573011976383,-0.008000000000000007,0.522,0.09893322456557771,-0.011399999999999966,19-5012
29-1229.06,Sports Medicine Physicians,0.5328,0.4927,0.08994611577486679,-0.040100000000000025,0.4847,0.11979303383261382,-0.04810000000000003,29-1229
29-1141.02,Advanced Practice Psychiatric Nurses,0.5326,0.5326,0.0,0.0,0.5326,0.0,0.0,29-1141
43-2021.00,Telephone Operators,0.5325,0.4436,0.1873844706829903,-0.08889999999999998,0.3747,0.35959157495369765,-0.1578,43-2021
21-1092.00,Probation Officers and Correctional Treatment Specialists,0.5312,0.5312,0.0,0.0,0.5312,0.0,0.0,21-1092
11-9013.00,"Farmers, Ranchers, and Other Agricultural Managers",0.5307,0.5108,0.02555512779426582,-0.019899999999999918,0.5084,0.07436402486766078,-0.022299999999999986,11-9013
27-4012.00,Broadcast Technicians,0.5304,0.4914,0.10983580018199456,-0.03899999999999998,0.3459,0.47725278141677957,-0.1845,27-4012
37-1012.00,"First-Line Supervisors of Landscaping, Lawn Service, and Groundskeeping Workers",0.5293,0.5154,0.06890563413515133,-0.013900000000000023,0.5081,0.1808181048647156,-0.021199999999999997,37-1012
33-9099.02,Retail Loss Prevention Specialists,0.5292,0.5292,0.0,0.0,0.5216,0.05083928715094392,-0.007600000000000051,33-9099
29-1217.00,Neurologists,0.5292,0.5292,0.0,0.0,0.5292,0.0,0.0,29-1217
33-3021.00,Detectives and Criminal Investigators,0.5287,0.5287,0.0,0.0,0.5023,0.1311253251551217,-0.02639999999999998,33-3021
29-1229.01,Allergists and Immunologists,0.528,0.528,0.0,0.0,0.528,0.0,0.0,29-1229
33-2021.00,Fire Inspectors and Investigators,0.5267,0.5244,0.022274667258421792,-0.0022999999999999687,0.5244,0.022274667258421792,-0.0022999999999999687,33-2021
29-1122.00,Occupational Therapists,0.5264,0.5233,0.06249144111250148,-0.0030999999999999917,0.5005,0.12338053758109264,-0.025900000000000034,29-1122
37-1011.00,First-Line Supervisors of Housekeeping and Janitorial Workers,0.5263,0.4808,0.07744764625295816,-0.045499999999999985,0.4776,0.1416154142992017,-0.048699999999999966,37-1011
11-3051.04,Biomass Power Plant Managers,0.5255,0.4577,0.17140447216575236,-0.06779999999999997,0.4182,0.33117159559441617,-0.10729999999999995,11-3051
29-1129.02,Music Therapists,0.5244,0.4827,0.057480622875093,-0.04169999999999996,0.4748,0.13000058988869365,-0.04959999999999998,29-1129
27-2032.00,Choreographers,0.5231,0.5231,0.0464653771833992,0.0,0.5231,0.0464653771833992,0.0,27-2032
53-2021.00,Air Traffic Controllers,0.523,0.523,0.0,0.0,0.4806,0.1794093914040002,-0.04239999999999999,53-2021
53-2012.00,Commercial Pilots,0.5198,0.4478,0.13605059952773707,-0.07200000000000006,0.4354,0.21862355816359627,-0.08440000000000003,53-2012
21-1022.00,Healthcare Social Workers,0.5193,0.5193,0.0,0.0,0.5193,0.0,0.0,21-1022
43-4081.00,"Hotel, Motel, and Resort Desk Clerks",0.5177,0.5155,0.04412823359353047,-0.0022000000000000908,0.4908,0.16801979878816062,-0.026900000000000035,43-4081
35-9031.00,"Hosts and Hostesses, Restaurant, Lounge, and Coffee Shop",0.5171,0.4695,0.09433462377764558,-0.04760000000000003,0.4416,0.21161455954644018,-0.07550000000000001,35-9031
27-2022.00,Coaches and Scouts,0.5166,0.5166,0.0,0.0,0.5166,0.0,0.0,27-2022
29-1171.00,Nurse Practitioners,0.515,0.515,0.0,0.0,0.4945,0.03841063139620854,-0.020500000000000018,29-1171
19-4021.00,Biological Technicians,0.5138,0.4962,0.21075875859458726,-0.01760000000000006,0.4819,0.354019400571108,-0.03190000000000004,19-4021
21-1013.00,Marriage and Family Therapists,0.5133,0.5133,0.0,0.0,0.5133,0.0,0.0,21-1013
33-3052.00,Transit and Railroad Police,0.5126,0.5126,0.0,0.0,0.4644,0.19544870058615177,-0.048199999999999965,33-3052
27-2023.00,"Umpires, Referees, and Other Sports Officials",0.5119,0.5119,0.0,0.0,0.5119,0.0,0.0,27-2023
53-3031.00,Driver/Sales Workers,0.5108,0.4635,0.28872806408509233,-0.04730000000000001,0.4635,0.28872806408509233,-0.04730000000000001,53-3031
19-4071.00,Forest and Conservation Technicians,0.51,0.4566,0.0781487072098086,-0.0534,0.4275,0.2805207306414119,-0.08250000000000002,19-4071
51-9161.00,Computer Numerically Controlled Tool Operators,0.5097,0.3913,0.35231760621302244,-0.11840000000000006,0.3812,0.4851030723121914,-0.12850000000000006,51-9161
11-3051.03,Biofuels Production Managers,0.5068,0.479,0.05558835352640533,-0.027800000000000047,0.4498,0.20182931362181922,-0.05700000000000005,11-3051
21-1014.00,Mental Health Counselors,0.5047,0.5047,0.0,0.0,0.5047,0.0,0.0,21-1014
33-3021.02,Police Identification and Records Officers,0.504,0.467,0.06739503602165678,-0.03699999999999998,0.467,0.06739503602165678,-0.03699999999999998,33-3021
53-5021.00,"Captains, Mates, and Pilots of Water Vessels",0.5032,0.4304,0.1620983037157447,-0.07279999999999998,0.4205,0.22787861453254285,-0.0827,53-5021
19-4013.00,Food Science Technicians,0.5026,0.5026,0.0,0.0,0.4863,0.1623595914046747,-0.016300000000000037,19-4013
19-4042.00,"Environmental Science and Protection Technicians, Including Health",0.502,0.502,0.0,0.0,0.4589,0.264179104303714,-0.04310000000000003,19-4042
29-1125.00,Recreational Therapists,0.5017,0.5017,0.0,0.0,0.5017,0.0,0.0,29-1125
39-7011.00,Tour Guides and Escorts,0.5013,0.4615,0.07108635533812442,-0.03979999999999995,0.4573,0.15445796954370716,-0.043999999999999984,39-7011
21-1094.00,Community Health Workers,0.5005,0.4501,0.10738218283181572,-0.050399999999999945,0.4501,0.10738218283181572,-0.050399999999999945,21-1094
21-1011.00,Substance Abuse and Behavioral Disorder Counselors,0.5004,0.5004,0.0,0.0,0.5004,0.0,0.0,21-1011
19-4031.00,Chemical Technicians,0.4952,0.4793,0.12229357717049584,-0.01589999999999997,0.4236,0.32062236730725324,-0.0716,19-4031
25-2011.00,"Preschool Teachers, Except Special Education",0.4938,0.4938,0.0,0.0,0.4872,0.13232396321648313,-0.006599999999999995,25-2011
17-3024.00,Electro-Mechanical and Mechatronics Technologists and Technicians,0.4924,0.4087,0.34059595130015147,-0.0837,0.4087,0.34059595130015147,-0.0837,17-3024
17-3028.00,Calibration Technologists and Technicians,0.4917,0.4817,0.13333333333333333,-0.010000000000000009,0.4683,0.26666666666666666,-0.023400000000000032,17-3028
21-1023.00,Mental Health and Substance Abuse Social Workers,0.4912,0.4912,0.0,0.0,0.4912,0.0,0.0,21-1023
45-1011.00,"First-Line Supervisors of Farming, Fishing, and Forestry Workers",0.4912,0.4696,0.11090379361982385,-0.021600000000000008,0.4696,0.11090379361982385,-0.021600000000000008,45-1011
53-6051.01,Aviation Inspectors,0.4909,0.311,0.379430969875062,-0.1799,0.2916,0.44392214956083154,-0.19929999999999998,53-6051
27-2041.00,Music Directors and Composers,0.4894,0.4697,0.04377548741801938,-0.019699999999999995,0.462,0.06556638270353787,-0.02739999999999998,27-2041
53-2022.00,Airfield Operations Specialists,0.4887,0.4887,0.0,0.0,0.4665,0.07964703304041253,-0.022199999999999998,53-2022
49-2094.00,"Electrical and Electronics Repairers, Commercial and Industrial Equipment",0.4882,0.4461,0.2003026178458982,-0.042100000000000026,0.4384,0.25173953689612977,-0.04980000000000001,49-2094
39-3031.00,"Ushers, Lobby Attendants, and Ticket Takers",0.4881,0.4725,0.0817445726655569,-0.015600000000000003,0.4648,0.20866831220572565,-0.023299999999999987,39-3031
29-1141.01,Acute Care Nurses,0.4881,0.4838,0.042056463036638216,-0.0042999999999999705,0.4765,0.11517191804339394,-0.0116,29-1141
49-2095.00,"Electrical and Electronics Repairers, Powerhouse, Substation, and Relay",0.4866,0.428,0.19806026847460245,-0.058599999999999985,0.4167,0.3171768816047317,-0.06989999999999996,49-2095
39-9031.00,Exercise Trainers and Group Fitness Instructors,0.4862,0.4196,0.13654420875737786,-0.06660000000000005,0.4196,0.13654420875737786,-0.06660000000000005,39-9031
25-3031.00,"Substitute Teachers, Short-Term",0.4832,0.4478,0.0643097957702947,-0.03540000000000004,0.4478,0.0643097957702947,-0.03540000000000004,25-3031
29-2011.01,Cytogenetic Technologists,0.4821,0.4534,0.06168063905871534,-0.028699999999999948,0.4233,0.34512444783119905,-0.05879999999999996,29-2011
43-4121.00,"Library Assistants, Clerical",0.4813,0.4508,0.07349202805996229,-0.030500000000000027,0.4227,0.23086770511221089,-0.058599999999999985,43-4121
53-4041.00,Subway and Streetcar Operators,0.4811,0.4482,0.21976322991706462,-0.03290000000000004,0.4324,0.3250315232835957,-0.04870000000000002,53-4041
33-9091.00,Crossing Guards and Flaggers,0.481,0.481,0.0,0.0,0.4109,0.3731699465301711,-0.0701,33-9091
17-3026.01,Nanotechnology Engineering Technologists and Technicians,0.4809,0.4611,0.12554813650743543,-0.019799999999999984,0.4355,0.3376383637224559,-0.045399999999999996,17-3026
39-3092.00,Costume Attendants,0.4809,0.4135,0.1821311064262867,-0.06740000000000002,0.4039,0.3161522426577493,-0.07700000000000001,39-3092
29-2036.00,Medical Dosimetrists,0.4807,0.4807,0.0,0.0,0.4184,0.39942894106339705,-0.06230000000000002,29-2036
43-5052.00,Postal Service Mail Carriers,0.4789,0.4789,0.0,0.0,0.4633,0.18321878191285243,-0.015600000000000003,43-5052
29-1161.00,Nurse Midwives,0.4783,0.4783,0.0,0.0,0.4783,0.0,0.0,29-1161
29-2011.00,Medical and Clinical Laboratory Technologists,0.4772,0.4553,0.20787454720651408,-0.02190000000000003,0.4023,0.40916659676194544,-0.07490000000000002,29-2011
51-8012.00,Power Distributors and Dispatchers,0.4771,0.3667,0.23803131431189445,-0.1104,0.2675,0.6099366621572117,-0.2096,51-8012
21-1093.00,Social and Human Service Assistants,0.4752,0.4738,0.0282577319374207,-0.0014000000000000123,0.4738,0.0282577319374207,-0.0014000000000000123,21-1093
29-1299.02,Orthoptists,0.4748,0.4748,0.0,0.0,0.4748,0.0,0.0,29-1299
25-9042.00,"Teaching Assistants, Preschool, Elementary, Middle, and Secondary School, Except Special Education",0.4731,0.4641,0.05979390843625367,-0.009000000000000008,0.4607,0.12763047193879706,-0.012400000000000022,25-9042
29-1141.00,Registered Nurses,0.4728,0.4728,0.0,0.0,0.4662,0.03276139362741094,-0.006599999999999995,29-1141
29-1071.00,Physician Assistants,0.4728,0.4728,0.0,0.0,0.4728,0.0,0.0,29-1071
33-9093.00,Transportation Security Screeners,0.4725,0.4451,0.0913681052427166,-0.02739999999999998,0.3907,0.2831604256843498,-0.08179999999999998,33-9093
27-2012.05,Media Technical Directors/Managers,0.4723,0.4433,0.07249966250153637,-0.02899999999999997,0.4111,0.20338967113657172,-0.06119999999999998,27-2012
29-1214.00,Emergency Medicine Physicians,0.4712,0.4712,0.0,0.0,0.4712,0.0,0.0,29-1214
51-8011.00,Nuclear Power Reactor Operators,0.4692,0.4296,0.13899538280240575,-0.039600000000000024,0.4016,0.3115469354673993,-0.0676,51-8011
17-3021.00,Aerospace Engineering and Operations Technologists and Technicians,0.4662,0.3521,0.3961320136194906,-0.11409999999999998,0.3475,0.4423147151982749,-0.11870000000000003,17-3021
29-1299.01,Naturopathic Physicians,0.4662,0.4286,0.12419572993408609,-0.03760000000000002,0.4245,0.16558120413203917,-0.041700000000000015,29-1299
29-1241.00,"Ophthalmologists, Except Pediatric",0.4653,0.4653,0.0,0.0,0.4653,0.0,0.0,29-1241
27-4031.00,"Camera Operators, Television, Video, and Film",0.4645,0.3813,0.26952735265776456,-0.08320000000000005,0.3294,0.4878182846846175,-0.1351,27-4031
53-4011.00,Locomotive Engineers,0.4642,0.3659,0.23935670778853715,-0.0983,0.3659,0.23935670778853715,-0.0983,53-4011
39-7012.00,Travel Guides,0.4618,0.4558,0.040011372014440126,-0.006000000000000005,0.4306,0.13921552159121225,-0.031200000000000006,39-7012
33-1021.00,First-Line Supervisors of Firefighting and Prevention Workers,0.4613,0.4307,0.10758917594403286,-0.03059999999999996,0.4113,0.1731843085875515,-0.04999999999999999,33-1021
53-3033.00,Light Truck Drivers,0.461,0.4455,0.16692129388794902,-0.015500000000000014,0.4296,0.27282563639355584,-0.03140000000000004,53-3033
29-1218.00,Obstetricians and Gynecologists,0.4609,0.4541,0.06808546876621699,-0.006799999999999973,0.4541,0.06808546876621699,-0.006799999999999973,29-1218
29-1242.00,"Orthopedic Surgeons, Except Pediatric",0.4606,0.3539,0.3333333333333333,-0.10670000000000002,0.3506,0.4,-0.10999999999999999,29-1242
17-3024.01,Robotics Technicians,0.4589,0.3976,0.24334871345885165,-0.061299999999999966,0.359,0.44620719418531785,-0.09989999999999999,17-3024
29-1023.00,Orthodontists,0.4587,0.4587,0.0,0.0,0.4105,0.2657593129773091,-0.04820000000000002,29-1023
17-3029.01,Non-Destructive Testing Specialists,0.4585,0.4358,0.0715352631460885,-0.022699999999999998,0.4358,0.0715352631460885,-0.022699999999999998,17-3029
27-1013.00,"Fine Artists, Including Painters, Sculptors, and Illustrators",0.4583,0.4011,0.14432820617332195,-0.05719999999999997,0.3708,0.4148617081475692,-0.08749999999999997,27-1013
33-2022.00,Forest Fire Inspectors and Prevention Specialists,0.4572,0.4369,0.0627100408375507,-0.020299999999999985,0.4255,0.18377375210378855,-0.031700000000000006,33-2022
19-5011.00,Occupational Health and Safety Specialists,0.4571,0.4571,0.0,0.0,0.4422,0.13262975229020604,-0.014900000000000024,19-5011
29-1243.00,Pediatric Surgeons,0.4565,0.337,0.3333333333333333,-0.1195,0.3343,0.3888888888888889,-0.12220000000000003,29-1243
53-2031.00,Flight Attendants,0.4558,0.4048,0.15778761566963848,-0.05099999999999999,0.4048,0.15778761566963848,-0.05099999999999999,53-2031
53-6061.00,Passenger Attendants,0.4549,0.4549,0.0,0.0,0.4412,0.09129303583951269,-0.013700000000000045,53-6061
29-1213.00,Dermatologists,0.4503,0.4503,0.0,0.0,0.4503,0.0,0.0,29-1213
29-1128.00,Exercise Physiologists,0.4489,0.1365,0.6120516902676697,-0.3124,0.121,0.6897197003428315,-0.3279,29-1128
29-1131.00,Veterinarians,0.4487,0.3969,0.08625947739608682,-0.05180000000000001,0.3906,0.14972826104732984,-0.058099999999999985,29-1131
29-1216.00,General Internal Medicine Physicians,0.4476,0.4455,0.020897249561055844,-0.0020999999999999908,0.4455,0.020897249561055844,-0.0020999999999999908,29-1216
39-9041.00,Residential Advisors,0.4462,0.4276,0.0689295190447568,-0.018600000000000005,0.4164,0.20729965113045667,-0.029799999999999993,39-9041
29-1221.00,"Pediatricians, General",0.4449,0.4431,0.017700668582831768,-0.0018000000000000238,0.4431,0.017700668582831768,-0.0018000000000000238,29-1221
47-1011.00,First-Line Supervisors of Construction Trades and Extraction Workers,0.443,0.4243,0.12515903062932265,-0.018699999999999994,0.4051,0.18905451342755525,-0.03789999999999999,47-1011
53-2011.00,"Airline Pilots, Copilots, and Flight Engineers",0.4423,0.425,0.11522340808518085,-0.017300000000000038,0.4075,0.2317634901713952,-0.03480000000000005,53-2011
29-1212.00,Cardiologists,0.442,0.4,0.16,-0.04199999999999998,0.384,0.24,-0.057999999999999996,29-1212
29-9091.00,Athletic Trainers,0.4412,0.4319,0.1440490150023705,-0.009299999999999975,0.4202,0.2907767698358452,-0.020999999999999963,29-9091
43-9071.00,"Office Machine Operators, Except Computer",0.4399,0.2768,0.468278180653575,-0.16310000000000002,0.2378,0.7140552790617981,-0.2021,43-9071
53-6011.00,Bridge and Lock Tenders,0.4387,0.4221,0.16905212979117498,-0.016600000000000004,0.3721,0.4783203104084641,-0.06659999999999999,53-6011
17-3029.08,Photonics Technicians,0.4376,0.4031,0.3232669857091294,-0.034499999999999975,0.3892,0.47448433686841074,-0.0484,17-3029
49-9062.00,Medical Equipment Repairers,0.4348,0.217,0.49448632228377737,-0.21780000000000002,0.2067,0.6111166061700619,-0.22810000000000002,49-9062
29-2034.00,Radiologic Technologists and Technicians,0.4347,0.3854,0.16733720031810637,-0.049299999999999955,0.3411,0.4203647264988615,-0.09359999999999996,29-2034
29-2011.02,Cytotechnologists,0.4336,0.4248,0.07512622294240162,-0.008799999999999975,0.3842,0.21614732549920468,-0.0494,29-2011
39-3011.00,Gambling Dealers,0.4314,0.4097,0.10864052902911367,-0.021699999999999997,0.4083,0.1365305617388486,-0.02310000000000001,39-3011
29-1141.03,Critical Care Nurses,0.4309,0.4309,0.0,0.0,0.4186,0.10478285721019039,-0.012299999999999978,29-1141
33-1011.00,First-Line Supervisors of Correctional Officers,0.4292,0.4206,0.08570379018199739,-0.008600000000000052,0.3918,0.23023630826208383,-0.037400000000000044,33-1011
29-1229.04,Physical Medicine and Rehabilitation Physicians,0.4287,0.3853,0.07244396870732499,-0.04340000000000005,0.3853,0.07244396870732499,-0.04340000000000005,29-1229
29-2081.00,"Opticians, Dispensing",0.4269,0.4097,0.1717181519980772,-0.017199999999999993,0.3929,0.3143301700143297,-0.033999999999999975,29-2081
25-9043.00,"Teaching Assistants, Special Education",0.4266,0.4207,0.07473581949624448,-0.005899999999999961,0.4162,0.16558428887958693,-0.010399999999999965,25-9043
45-4023.00,Log Graders and Scalers,0.4252,0.269,0.3146036135797839,-0.1562,0.2669,0.35608910176703074,-0.1583,45-4023
29-2091.00,Orthotists and Prosthetists,0.4232,0.4159,0.07245432927070482,-0.007300000000000029,0.3775,0.3674469555871458,-0.04570000000000002,29-2091
31-9092.00,Medical Assistants,0.423,0.4107,0.1632864471839299,-0.012299999999999978,0.3845,0.3040801500549709,-0.03849999999999998,31-9092
29-9099.01,Midwives,0.423,0.4045,0.05890392422023626,-0.01849999999999996,0.3853,0.16477496041611622,-0.03770000000000001,29-9099
39-4031.00,"Morticians, Undertakers, and Funeral Arrangers",0.4226,0.4204,0.04290289901749838,-0.0021999999999999797,0.3861,0.3120921817400649,-0.03649999999999998,39-4031
53-3053.00,Shuttle Drivers and Chauffeurs,0.4221,0.4002,0.16629077500414466,-0.021899999999999975,0.3858,0.2893018775018033,-0.0363,53-3053
33-3051.00,Police and Sheriff's Patrol Officers,0.421,0.4038,0.06553558681379745,-0.017199999999999993,0.3604,0.30955626585358736,-0.06059999999999999,33-3051
13-1074.00,Farm Labor Contractors,0.42,0.3772,0.08568671865427442,-0.042800000000000005,0.3772,0.08568671865427442,-0.042800000000000005,13-1074
33-9011.00,Animal Control Workers,0.4173,0.4141,0.0635281114309028,-0.0031999999999999806,0.4074,0.13021748438824166,-0.00990000000000002,33-9011
29-1211.00,Anesthesiologists,0.4171,0.3745,0.16010410501795197,-0.04260000000000003,0.3745,0.16010410501795197,-0.04260000000000003,29-1211
51-9151.00,Photographic Process Workers and Processing Machine Operators,0.4156,0.279,0.2099571194577112,-0.1366,0.2338,0.5883943275073898,-0.18180000000000002,51-9151
27-4021.00,Photographers,0.414,0.396,0.10256890970028767,-0.01799999999999996,0.3461,0.4756674550139966,-0.06789999999999996,27-4021
27-1012.00,Craft Artists,0.4117,0.4011,0.21191964332157226,-0.010599999999999998,0.3919,0.39648885450006005,-0.019799999999999984,27-1012
29-2032.00,Diagnostic Medical Sonographers,0.4114,0.3932,0.12678014997172377,-0.018199999999999994,0.3152,0.433935944944215,-0.09620000000000001,29-2032
25-4013.00,Museum Technicians and Conservators,0.41,0.3451,0.2825629515062215,-0.06489999999999996,0.3194,0.4652176767672804,-0.09059999999999996,25-4013
51-5111.00,Prepress Technicians and Workers,0.4087,0.3584,0.22304386713557472,-0.05030000000000001,0.3234,0.4559661244574224,-0.08529999999999999,51-5111
31-2011.00,Occupational Therapy Assistants,0.4083,0.3985,0.135410582344624,-0.009799999999999975,0.3985,0.135410582344624,-0.009799999999999975,31-2011
47-2231.00,Solar Photovoltaic Installers,0.4077,0.3937,0.23874504827770443,-0.014000000000000012,0.3876,0.3616582471356777,-0.020100000000000007,47-2231
51-9071.06,Gem and Diamond Workers,0.4046,0.3714,0.1768654883122323,-0.03320000000000001,0.3691,0.22347355852555695,-0.03550000000000003,51-9071
49-9041.00,Industrial Machinery Mechanics,0.4031,0.2209,0.5890581435644683,-0.1822,0.2173,0.6605874805789087,-0.18580000000000002,49-9041
49-2022.00,"Telecommunications Equipment Installers and Repairers, Except Line Installers",0.4021,0.3386,0.3023333910007034,-0.0635,0.3277,0.45590472485432343,-0.07440000000000002,49-2022
51-8092.00,Gas Plant Operators,0.4016,0.3945,0.06786723778609663,-0.007099999999999995,0.3304,0.4026691567652089,-0.07119999999999999,51-8092
49-2011.00,"Computer, Automated Teller, and Office Machine Repairers",0.4006,0.3012,0.2957473026599431,-0.09939999999999999,0.286,0.5221790892458404,-0.11460000000000004,49-2011
29-2031.00,Cardiovascular Technologists and Technicians,0.4002,0.3881,0.11861528678726156,-0.0121,0.3585,0.2806054637128585,-0.041700000000000015,29-2031
33-3012.00,Correctional Officers and Jailers,0.3996,0.3947,0.03229483623409036,-0.0049000000000000155,0.3624,0.2529432369113036,-0.03720000000000001,33-3012
53-3032.00,Heavy and Tractor-Trailer Truck Drivers,0.3984,0.2871,0.29927857805531277,-0.11129999999999995,0.2657,0.5014988653450198,-0.13269999999999998,53-3032
53-3052.00,"Bus Drivers, Transit and Intercity",0.3976,0.3417,0.20650697429882597,-0.055900000000000005,0.3248,0.36595530473933874,-0.07280000000000003,53-3052
33-9094.00,School Bus Monitors,0.3972,0.3861,0.1111111111111111,-0.011099999999999999,0.3778,0.16666666666666666,-0.019399999999999973,33-9094
53-3054.00,Taxi Drivers,0.3969,0.3844,0.125,-0.012499999999999956,0.3625,0.3125,-0.034399999999999986,53-3054
39-6012.00,Concierges,0.3959,0.3731,0.1513664103419885,-0.022799999999999987,0.3704,0.20548178686267188,-0.025499999999999967,39-6012
37-2021.00,Pest Control Workers,0.3954,0.3748,0.2524230323071412,-0.02059999999999995,0.351,0.4404005234842149,-0.044399999999999995,37-2021
33-9092.00,"Lifeguards, Ski Patrol, and Other Recreational Protective Service Workers",0.3944,0.3881,0.042306319698622766,-0.006299999999999972,0.3881,0.059812250026742265,-0.006299999999999972,33-9092
19-4051.00,Nuclear Technicians,0.3944,0.3263,0.20101995595054137,-0.0681,0.321,0.2865005639283174,-0.07339999999999997,19-4051
53-3051.00,"Bus Drivers, School",0.3943,0.371,0.19419415674396043,-0.023299999999999987,0.3418,0.388864319856147,-0.05249999999999999,53-3051
27-1026.00,Merchandise Displayers and Window Trimmers,0.3919,0.3483,0.2568693887516629,-0.04360000000000003,0.3042,0.4984369089346095,-0.0877,27-1026
29-1041.00,Optometrists,0.3918,0.3918,0.0,0.0,0.3918,0.0,0.0,29-1041
29-2012.00,Medical and Clinical Laboratory Technicians,0.3912,0.3832,0.12060199657664691,-0.008000000000000007,0.2875,0.49085206899975364,-0.10370000000000001,29-2012
51-2092.00,Team Assemblers,0.3892,0.3733,0.23573352973548833,-0.01589999999999997,0.3607,0.4861018150875631,-0.02849999999999997,51-2092
53-7072.00,"Pump Operators, Except Wellhead Pumpers",0.389,0.3806,0.16725220572012786,-0.008400000000000019,0.3462,0.41657516632260755,-0.042800000000000005,53-7072
53-5031.00,Ship Engineers,0.3885,0.2961,0.4499079367591238,-0.09240000000000004,0.2859,0.5173085877964931,-0.10260000000000002,53-5031
39-5091.00,"Makeup Artists, Theatrical and Performance",0.3881,0.2187,0.6018593722200233,-0.1694,0.2161,0.6537493230784359,-0.17200000000000001,39-5091
29-2035.00,Magnetic Resonance Imaging Technologists,0.387,0.3749,0.08055853978992222,-0.0121,0.3554,0.2210876408264368,-0.03160000000000002,29-2035
49-2097.00,Audiovisual Equipment Installers and Repairers,0.3857,0.3562,0.29087809000364,-0.02949999999999997,0.3181,0.5525041701100334,-0.0676,49-2097
29-2061.00,Licensed Practical and Licensed Vocational Nurses,0.3852,0.3692,0.1601967041988808,-0.016000000000000014,0.3565,0.2772210679517719,-0.028700000000000003,29-2061
27-1023.00,Floral Designers,0.3847,0.3778,0.13797598157561589,-0.006899999999999962,0.3311,0.4137349377210341,-0.05359999999999998,27-1023
19-4051.02,Nuclear Monitoring Technicians,0.3827,0.3762,0.042927100093069256,-0.006500000000000006,0.3605,0.28672994772254096,-0.022199999999999998,19-4051
29-1292.00,Dental Hygienists,0.3809,0.3661,0.14843629813786344,-0.014800000000000035,0.3352,0.38260055360968465,-0.04570000000000002,29-1292
29-1081.00,Podiatrists,0.3805,0.3805,0.0,0.0,0.3726,0.07900453954028669,-0.007900000000000018,29-1081
49-9091.00,"Coin, Vending, and Amusement Machine Servicers and Repairers",0.3801,0.2272,0.4513575325890412,-0.15289999999999998,0.2229,0.479957411331486,-0.1572,49-9091
31-2012.00,Occupational Therapy Aides,0.3796,0.37,0.12658247482053694,-0.009599999999999997,0.3006,0.31009271957142315,-0.07900000000000001,31-2012
35-3031.00,Waiters and Waitresses,0.3791,0.3767,0.048744270541017765,-0.0024000000000000132,0.3505,0.4987533413818733,-0.028600000000000014,35-3031
19-4012.00,Agricultural Technicians,0.3783,0.3635,0.11943185317188947,-0.014800000000000035,0.3364,0.44663959000730585,-0.04190000000000005,19-4012
43-5021.00,Couriers and Messengers,0.3773,0.3575,0.22909275236974797,-0.01980000000000004,0.3231,0.42684690018056054,-0.054200000000000026,43-5021
29-2099.01,Neurodiagnostic Technologists,0.3767,0.3703,0.06370586385074879,-0.006399999999999961,0.3549,0.17939368180542864,-0.021799999999999986,29-2099
31-9093.00,Medical Equipment Preparers,0.3761,0.3606,0.23500721925016752,-0.015500000000000014,0.3259,0.525510130173849,-0.05019999999999997,31-9093
51-5112.00,Printing Press Operators,0.3744,0.3614,0.2341278480207881,-0.013000000000000012,0.3062,0.5872071955364776,-0.06819999999999998,51-5112
33-9032.00,Security Guards,0.373,0.3266,0.16763189712708082,-0.0464,0.2419,0.5280268365739058,-0.1311,33-9032
29-1124.00,Radiation Therapists,0.3728,0.3351,0.10018475082137208,-0.03770000000000001,0.3135,0.27969717431215724,-0.05930000000000002,29-1124
51-8093.00,"Petroleum Pump System Operators, Refinery Operators, and Gaugers",0.3727,0.3206,0.2801764716263813,-0.05209999999999998,0.3036,0.4619252690692537,-0.0691,51-8093
53-7071.00,Gas Compressor and Gas Pumping Station Operators,0.3724,0.3518,0.1557097485749523,-0.020600000000000007,0.2551,0.6676798730404443,-0.11730000000000002,53-7071
53-6051.07,"Transportation Vehicle, Equipment and Systems Inspectors, Except Aviation",0.3724,0.3513,0.10553423218732824,-0.021100000000000008,0.3487,0.15670409579028427,-0.0237,53-6051
51-8091.00,Chemical Plant and System Operators,0.3722,0.3303,0.20060722098716138,-0.04189999999999999,0.2898,0.4499298090987824,-0.08239999999999997,51-8091
51-9061.00,"Inspectors, Testers, Sorters, Samplers, and Weighers",0.3717,0.365,0.0832414707028836,-0.006699999999999984,0.35,0.27785989299441227,-0.021699999999999997,51-9061
31-2021.00,Physical Therapist Assistants,0.3693,0.3224,0.26770966099428245,-0.0469,0.3208,0.3000965540559936,-0.04850000000000004,31-2021
51-8021.00,Stationary Engineers and Boiler Operators,0.3676,0.3397,0.20356141546680734,-0.02789999999999998,0.3221,0.3406342547672856,-0.045499999999999985,51-8021
47-4099.03,Weatherization Installers and Technicians,0.3663,0.335,0.348923287781632,-0.031299999999999994,0.3278,0.4937205588357037,-0.038500000000000034,47-4099
39-3021.00,Motion Picture Projectionists,0.3638,0.308,0.2781579147969529,-0.055800000000000016,0.205,0.5975919543442577,-0.15880000000000002,39-3021
29-1126.00,Respiratory Therapists,0.3624,0.3456,0.1983986276721185,-0.01679999999999998,0.3388,0.23276362294999514,-0.02360000000000001,29-1126
29-1229.03,Urologists,0.3615,0.3615,0.0,0.0,0.3413,0.14665162035247853,-0.020199999999999996,29-1229
51-9051.00,"Furnace, Kiln, Oven, Drier, and Kettle Operators and Tenders",0.3611,0.3281,0.3160837121619693,-0.032999999999999974,0.3094,0.49368729988545945,-0.05169999999999997,51-9051
49-2098.00,Security and Fire Alarm Systems Installers,0.3577,0.3288,0.2859596428334328,-0.028900000000000037,0.3122,0.48987657349441815,-0.04550000000000004,49-2098
39-9011.00,Childcare Workers,0.3547,0.3488,0.038747413770693115,-0.005900000000000016,0.3319,0.3247660136244584,-0.022800000000000042,39-9011
29-1151.00,Nurse Anesthetists,0.3517,0.3319,0.07585162837405396,-0.01980000000000004,0.2885,0.2841232663192807,-0.06320000000000003,29-1151
35-2013.00,"Cooks, Private Household",0.3486,0.3396,0.1800166325226669,-0.009000000000000008,0.2972,0.5846394128376238,-0.0514,35-2013
51-4041.00,Machinists,0.348,0.2811,0.28898335442458467,-0.06689999999999996,0.2588,0.4847459795371587,-0.0892,51-4041
29-1291.00,Acupuncturists,0.348,0.3116,0.14103877134087633,-0.03639999999999999,0.3074,0.18264905986725002,-0.04059999999999997,29-1291
35-2012.00,"Cooks, Institution and Cafeteria",0.3479,0.331,0.2214301526322817,-0.01689999999999997,0.3102,0.48830111998471243,-0.03770000000000001,35-2012
31-9011.00,Massage Therapists,0.3465,0.2244,0.5235796555990828,-0.12209999999999999,0.2244,0.5235796555990828,-0.12209999999999999,31-9011
39-9011.01,Nannies,0.3464,0.3329,0.1033941841996902,-0.013500000000000012,0.3275,0.2117296417576815,-0.018899999999999972,39-9011
39-5093.00,Shampooers,0.3449,0.3094,0.5443303908372021,-0.035499999999999976,0.3094,0.5443303908372021,-0.035499999999999976,39-5093
51-4061.00,"Model Makers, Metal and Plastic",0.3448,0.3288,0.24392179320665888,-0.016000000000000014,0.2977,0.5283895121013606,-0.047099999999999975,51-4061
49-9099.01,Geothermal Technicians,0.3445,0.3189,0.28415052762592097,-0.025599999999999956,0.304,0.4459092547719552,-0.04049999999999998,49-9099
29-2033.00,Nuclear Medicine Technologists,0.3406,0.3406,0.0,0.0,0.286,0.3752009448290761,-0.05460000000000004,29-2033
51-8099.01,Biofuels Processing Technicians,0.3404,0.2832,0.3241731894655766,-0.05719999999999997,0.2531,0.5268174268191474,-0.08729999999999999,51-8099
31-1122.00,Personal Care Aides,0.3383,0.3291,0.06101800715634662,-0.009199999999999986,0.3213,0.21683317434310853,-0.017000000000000015,31-1122
29-2042.00,Emergency Medical Technicians,0.3382,0.3215,0.16666666666666666,-0.016699999999999993,0.3174,0.25,-0.020799999999999985,29-2042
35-3011.00,Bartenders,0.3381,0.3318,0.12606845826755136,-0.006300000000000028,0.2675,0.6401157661692769,-0.0706,35-3011
51-9011.00,Chemical Equipment Operators and Tenders,0.3378,0.3058,0.2669413261502464,-0.03199999999999997,0.2738,0.5297930298200415,-0.064,51-9011
51-2021.00,"Coil Winders, Tapers, and Finishers",0.3363,0.2645,0.6237307251037534,-0.07179999999999997,0.2611,0.6926320450446013,-0.07519999999999999,51-2021
51-9141.00,Semiconductor Processing Technicians,0.3362,0.3194,0.28119871196316193,-0.01679999999999998,0.3051,0.5268883442735571,-0.031100000000000017,51-9141
33-3011.00,Bailiffs,0.3357,0.3357,0.0,0.0,0.2196,0.6199740762712003,-0.11610000000000001,33-3011
31-9091.00,Dental Assistants,0.3356,0.3284,0.14503197452505337,-0.007199999999999984,0.2917,0.5146714022525315,-0.043899999999999995,31-9091
51-8013.00,Power Plant Operators,0.3342,0.2994,0.21122050361683098,-0.0348,0.2302,0.5926041005925241,-0.10400000000000001,51-8013
29-2043.00,Paramedics,0.3333,0.3256,0.07692307692307693,-0.007699999999999985,0.3256,0.07692307692307693,-0.007699999999999985,29-2043
39-5011.00,Barbers,0.3332,0.2352,0.48609292931576903,-0.098,0.2267,0.6567064301643997,-0.10649999999999998,39-5011
31-9099.02,Endoscopy Technicians,0.3328,0.3018,0.3313228163686048,-0.030999999999999972,0.2886,0.5062280397391598,-0.04419999999999996,31-9099
53-7065.00,Stockers and Order Fillers,0.3324,0.3176,0.23380040045638126,-0.01479999999999998,0.3013,0.47855277391668194,-0.03109999999999996,53-7065
43-9051.00,"Mail Clerks and Mail Machine Operators, Except Postal Service",0.3312,0.2911,0.10290237030760688,-0.04009999999999997,0.282,0.2848514726899086,-0.04920000000000002,43-9051
51-4023.00,"Rolling Machine Setters, Operators, and Tenders, Metal and Plastic",0.3305,0.2575,0.24450640575928434,-0.07300000000000001,0.1868,0.710981711714944,-0.14370000000000002,51-4023
51-3092.00,Food Batchmakers,0.3294,0.3082,0.1911284804677314,-0.021200000000000052,0.2489,0.552757233759,-0.08050000000000002,51-3092
39-5012.00,"Hairdressers, Hairstylists, and Cosmetologists",0.3278,0.2001,0.6209125262023956,-0.12769999999999998,0.1802,0.7223139745328769,-0.14759999999999998,39-5012
31-1133.00,Psychiatric Aides,0.3275,0.3161,0.11622012967663463,-0.011400000000000021,0.3045,0.21003227725435766,-0.02300000000000002,31-1133
43-5053.00,"Postal Service Mail Sorters, Processors, and Processing Machine Operators",0.3271,0.2439,0.14919695580678485,-0.0832,0.2233,0.3351573430300668,-0.1038,43-5053
47-5013.00,"Service Unit Operators, Oil and Gas",0.3253,0.2281,0.46199681028469075,-0.09719999999999998,0.2212,0.560661537685869,-0.10409999999999997,47-5013
51-7032.00,"Patternmakers, Wood",0.3233,0.3061,0.28521478690042545,-0.017199999999999993,0.2978,0.4510773264338282,-0.025499999999999967,51-7032
47-2111.00,Electricians,0.3229,0.2505,0.3969955171021449,-0.07240000000000002,0.2391,0.6239251707512344,-0.08380000000000001,47-2111
51-3091.00,"Food and Tobacco Roasting, Baking, and Drying Machine Operators and Tenders",0.3195,0.3002,0.17607980958722072,-0.019299999999999984,0.2774,0.43235951201653294,-0.042100000000000026,51-3091
51-8013.03,Biomass Plant Technicians,0.3183,0.2268,0.4949524331861341,-0.09150000000000003,0.2186,0.5666479875583561,-0.09970000000000004,51-8013
49-9031.00,Home Appliance Repairers,0.3178,0.1468,0.4885648144169243,-0.171,0.1284,0.6616650508396753,-0.18940000000000004,49-9031
29-2092.00,Hearing Aid Specialists,0.3176,0.3063,0.11268930530993462,-0.011299999999999977,0.2749,0.3208596531524967,-0.042700000000000016,29-2092
53-6021.00,Parking Attendants,0.3165,0.3099,0.1320272290166103,-0.006599999999999995,0.2945,0.2521173900512836,-0.02200000000000002,53-6021
49-2091.00,Avionics Technicians,0.3158,0.1569,0.5982405811353855,-0.1589,0.1499,0.738350431670428,-0.16590000000000002,49-2091
39-3093.00,"Locker Room, Coatroom, and Dressing Room Attendants",0.3149,0.2963,0.19877563172266985,-0.018600000000000005,0.2864,0.3961260182131882,-0.028500000000000025,39-3093
33-2011.00,Firefighters,0.3146,0.2787,0.1847190160110472,-0.03589999999999999,0.2685,0.4232291781646195,-0.046099999999999974,33-2011
35-3023.01,Baristas,0.3083,0.2963,0.16768096951685407,-0.01200000000000001,0.254,0.6350547613975948,-0.054300000000000015,35-3023
31-1131.00,Nursing Assistants,0.3078,0.2814,0.28075626045054153,-0.026400000000000035,0.2693,0.47252235989742464,-0.038500000000000034,31-1131
53-7081.00,Refuse and Recyclable Material Collectors,0.3078,0.2775,0.28989407871357303,-0.030299999999999994,0.2705,0.4993586102862824,-0.0373,53-7081
51-6061.00,Textile Bleaching and Dyeing Machine Operators and Tenders,0.3063,0.2886,0.16572300427978479,-0.017699999999999994,0.2691,0.4935909919345013,-0.03720000000000001,51-6061
39-5094.00,Skincare Specialists,0.3063,0.2398,0.3569920425223925,-0.0665,0.2278,0.5970452795183805,-0.07850000000000001,39-5094
51-3011.00,Bakers,0.3053,0.2953,0.20091261226563878,-0.010000000000000009,0.2318,0.5881926164698038,-0.07350000000000001,51-3011
27-2011.00,Actors,0.3052,0.2629,0.0962747440478509,-0.042300000000000004,0.2355,0.1746993284815014,-0.06970000000000004,27-2011
51-2022.00,Electrical and Electronic Equipment Assemblers,0.3033,0.2707,0.37334310379570734,-0.03260000000000002,0.2537,0.5510473055556078,-0.04960000000000003,51-2022
51-4191.00,"Heat Treating Equipment Setters, Operators, and Tenders, Metal and Plastic",0.3022,0.273,0.290667703923798,-0.029200000000000004,0.2415,0.5891233702877868,-0.06070000000000003,51-4191
43-5111.00,"Weighers, Measurers, Checkers, and Samplers, Recordkeeping",0.3019,0.2741,0.16873942055322227,-0.02779999999999999,0.2606,0.3173069519093055,-0.0413,43-5111
53-1041.00,Aircraft Cargo Handling Supervisors,0.3016,0.2689,0.16341505632949785,-0.03270000000000001,0.2594,0.3541347266525918,-0.04219999999999996,53-1041
53-7121.00,"Tank Car, Truck, and Ship Loaders",0.3003,0.202,0.43065392251005336,-0.0983,0.1541,0.6659886642358805,-0.14620000000000002,53-7121
29-2053.00,Psychiatric Technicians,0.2995,0.2893,0.0678553159557839,-0.010199999999999987,0.2587,0.19301695209081515,-0.0408,29-2053
39-2011.00,Animal Trainers,0.2986,0.2916,0.1113853812743304,-0.006999999999999951,0.276,0.4227583743557116,-0.022599999999999953,39-2011
31-2022.00,Physical Therapist Aides,0.2977,0.2765,0.2543753855615335,-0.021199999999999997,0.2663,0.43195476434780306,-0.03140000000000004,31-2022
51-8031.00,Water and Wastewater Treatment Plant and System Operators,0.2963,0.2283,0.47747925447181255,-0.068,0.1805,0.7490804165785473,-0.11580000000000001,51-8031
53-4022.00,"Railroad Brake, Signal, and Switch Operators and Locomotive Firers",0.295,0.2601,0.22080587975660987,-0.03489999999999999,0.2432,0.3506235063366313,-0.051799999999999985,53-4022
39-2021.00,Animal Caretakers,0.2948,0.2599,0.28255584214929574,-0.03489999999999999,0.2554,0.37307563527396354,-0.03939999999999999,39-2021
49-9021.00,"Heating, Air Conditioning, and Refrigeration Mechanics and Installers",0.2947,0.2245,0.5279151047898384,-0.07020000000000001,0.2162,0.6237207133006959,-0.07850000000000001,49-9021
49-9061.00,Camera and Photographic Equipment Repairers,0.2946,0.2295,0.5137407214797298,-0.06509999999999996,0.2159,0.6246686339471433,-0.07869999999999996,49-9061
51-6062.00,"Textile Cutting Machine Setters, Operators, and Tenders",0.2937,0.2462,0.416992486818063,-0.047500000000000014,0.2348,0.64560394180615,-0.05890000000000001,51-6062
29-1021.00,"Dentists, General",0.2932,0.2706,0.1864788826623597,-0.02260000000000001,0.2451,0.3011850188210105,-0.048100000000000004,29-1021
47-2132.00,"Insulation Workers, Mechanical",0.2917,0.2653,0.33779049646097353,-0.026400000000000035,0.2489,0.6665428100366073,-0.042800000000000005,47-2132
47-4021.00,Elevator and Escalator Installers and Repairers,0.2914,0.2382,0.45243511784514234,-0.0532,0.2308,0.5993377675733316,-0.06059999999999999,47-4021
51-4122.00,"Welding, Soldering, and Brazing Machine Setters, Operators, and Tenders",0.2913,0.2627,0.30352464944618035,-0.028600000000000014,0.2318,0.6407140559578562,-0.0595,51-4122
29-2099.05,Ophthalmic Medical Technologists,0.2912,0.2894,0.03708210962371575,-0.0018000000000000238,0.2473,0.19796813371825395,-0.04390000000000002,29-2099
53-5022.00,Motorboat Operators,0.2899,0.2748,0.13454460374468327,-0.015100000000000002,0.2406,0.41458985383088914,-0.04929999999999998,53-5022
51-9191.00,Adhesive Bonding Machine Operators and Tenders,0.2896,0.2679,0.2523967999038138,-0.021699999999999997,0.2466,0.5101654126282317,-0.04300000000000001,51-9191
35-3041.00,"Food Servers, Nonrestaurant",0.2891,0.2773,0.23681449789816245,-0.011800000000000033,0.2622,0.5390574435144762,-0.026900000000000035,35-3041
51-6092.00,Fabric and Apparel Patternmakers,0.289,0.2438,0.29615171265273377,-0.04519999999999999,0.2082,0.5672876623220474,-0.08079999999999998,51-6092
51-9021.00,"Crushing, Grinding, and Polishing Machine Setters, Operators, and Tenders",0.2887,0.2671,0.3203926829806818,-0.021600000000000008,0.2431,0.49861537139636675,-0.0456,51-9021
31-9096.00,Veterinary Assistants and Laboratory Animal Caretakers,0.2881,0.2642,0.22890676557667566,-0.023900000000000032,0.256,0.3509449520718473,-0.03210000000000002,31-9096
49-2093.00,"Electrical and Electronics Installers and Repairers, Transportation Equipment",0.2849,0.2471,0.4989853363786802,-0.0378,0.225,0.6736869653631241,-0.05989999999999998,49-2093
29-2011.04,Histotechnologists,0.2833,0.2511,0.21666491106901647,-0.032200000000000006,0.2142,0.5702825985066783,-0.0691,29-2011
49-3011.00,Aircraft Mechanics and Service Technicians,0.2833,0.2043,0.39782292170855926,-0.07899999999999999,0.1925,0.5546655338568877,-0.09079999999999999,49-3011
31-1121.00,Home Health Aides,0.2832,0.2647,0.1402872089674136,-0.018500000000000016,0.2589,0.25535684836067635,-0.02429999999999999,31-1121
51-4081.00,"Multiple Machine Tool Setters, Operators, and Tenders, Metal and Plastic",0.2821,0.1945,0.3121400353466305,-0.08760000000000001,0.1556,0.632513562099384,-0.12650000000000003,51-4081
39-4012.00,Crematory Operators,0.2819,0.2625,0.25,-0.019399999999999973,0.2417,0.5833333333333334,-0.040199999999999986,39-4012
35-3023.00,Fast Food and Counter Workers,0.2819,0.2736,0.16585906538514675,-0.008299999999999974,0.2347,0.6941062107344408,-0.04719999999999999,35-3023
53-6031.00,Automotive and Watercraft Service Attendants,0.2799,0.2445,0.31865906231442337,-0.03539999999999999,0.2382,0.3501475052760452,-0.04169999999999999,53-6031
51-8013.04,Hydroelectric Plant Technicians,0.2799,0.2138,0.4600404457400559,-0.06609999999999999,0.1964,0.6476142166595482,-0.08349999999999999,51-8013
53-7011.00,Conveyor Operators and Tenders,0.2796,0.2296,0.36637010928094166,-0.05000000000000002,0.199,0.6492137918056085,-0.0806,53-7011
39-6011.00,Baggage Porters and Bellhops,0.2796,0.2692,0.20817053343063144,-0.01040000000000002,0.2408,0.5476455102138718,-0.03880000000000003,39-6011
51-4035.00,"Milling and Planing Machine Setters, Operators, and Tenders, Metal and Plastic",0.2791,0.2208,0.2773437711795509,-0.05830000000000002,0.1858,0.7220052626486331,-0.09330000000000002,51-4035
49-9064.00,Watch and Clock Repairers,0.2777,0.2151,0.214256231620867,-0.06259999999999999,0.1845,0.5417590088838068,-0.0932,49-9064
51-6063.00,"Textile Knitting and Weaving Machine Setters, Operators, and Tenders",0.277,0.1963,0.3491061130614172,-0.08070000000000002,0.1816,0.6433863982107065,-0.09540000000000001,51-6063
47-5023.00,"Earth Drillers, Except Oil and Gas",0.2757,0.174,0.5646526200526824,-0.10170000000000001,0.1576,0.7597099493934141,-0.11810000000000001,47-5023
53-4013.00,"Rail Yard Engineers, Dinkey Operators, and Hostlers",0.2751,0.2195,0.3257816857051798,-0.05560000000000001,0.2147,0.45457164920484583,-0.06040000000000001,53-4013
53-7021.00,Crane and Tower Operators,0.2746,0.1698,0.5866058765554764,-0.1048,0.1644,0.6400885138718304,-0.11020000000000002,53-7021
29-2057.00,Ophthalmic Medical Technicians,0.2745,0.2568,0.11359900694188964,-0.01770000000000005,0.2164,0.21891994859558456,-0.05810000000000001,29-2057
39-4021.00,Funeral Attendants,0.2735,0.2139,0.2738966906877248,-0.059600000000000014,0.1775,0.6018249389748959,-0.09600000000000003,39-4021
27-4015.00,Lighting Technicians,0.2734,0.1906,0.3125,-0.08279999999999998,0.1687,0.625,-0.10469999999999999,27-4015
49-9043.00,"Maintenance Workers, Machinery",0.2726,0.064,0.8368381845071127,-0.2086,0.0615,0.8856752507371779,-0.2111,49-9043
45-2092.00,"Farmworkers and Laborers, Crop, Nursery, and Greenhouse",0.2722,0.2478,0.32671257516448343,-0.024400000000000005,0.2247,0.5910264984889724,-0.04749999999999999,45-2092
51-4111.00,Tool and Die Makers,0.2699,0.2478,0.33946251093241525,-0.02209999999999998,0.2415,0.46508076039039997,-0.02839999999999998,51-4111
45-2021.00,Animal Breeders,0.2694,0.186,0.35094314167963153,-0.08339999999999997,0.1717,0.49733249062205753,-0.09769999999999998,45-2021
47-4071.00,Septic Tank Servicers and Sewer Pipe Cleaners,0.2681,0.1929,0.4242190138650948,-0.07520000000000002,0.1864,0.5174088234960426,-0.0817,47-4071
51-9071.00,Jewelers and Precious Stone and Metal Workers,0.2671,0.2371,0.27534194674375534,-0.03,0.2186,0.6173888985767518,-0.048500000000000015,51-9071
51-3093.00,Food Cooking Machine Operators and Tenders,0.2663,0.2396,0.2969633575373342,-0.026699999999999974,0.1407,0.7983969723436188,-0.1256,51-3093
51-9041.00,"Extruding, Forming, Pressing, and Compacting Machine Setters, Operators, and Tenders",0.2661,0.2322,0.28300146637300716,-0.03390000000000001,0.1939,0.6521504641188499,-0.07220000000000001,51-9041
51-4062.00,"Patternmakers, Metal and Plastic",0.2624,0.2414,0.42034326640768976,-0.02100000000000002,0.2357,0.5346762233382888,-0.02670000000000003,51-4062
47-5032.00,"Explosives Workers, Ordnance Handling Experts, and Blasters",0.2616,0.2122,0.3712537595123066,-0.0494,0.1868,0.7144127628780117,-0.0748,47-5032
51-9012.00,"Separating, Filtering, Clarifying, Precipitating, and Still Machine Setters, Operators, and Tenders",0.2612,0.2286,0.22884546562429423,-0.03259999999999999,0.1838,0.555984561269019,-0.0774,51-9012
49-9071.00,"Maintenance and Repair Workers, General",0.2586,0.0677,0.7154759643864321,-0.19090000000000001,0.0611,0.8415870137678438,-0.1975,49-9071
29-2056.00,Veterinary Technologists and Technicians,0.2569,0.243,0.1920573200049031,-0.013900000000000023,0.2269,0.36510764933820644,-0.030000000000000027,29-2056
51-6091.00,"Extruding and Forming Machine Setters, Operators, and Tenders, Synthetic and Glass Fibers",0.2568,0.2291,0.31405606945696973,-0.027699999999999975,0.1654,0.7174372014859274,-0.09139999999999998,51-6091
47-2152.00,"Plumbers, Pipefitters, and Steamfitters",0.2561,0.1992,0.49470631444293967,-0.056900000000000006,0.1902,0.6092695162592888,-0.06589999999999999,47-2152
51-9193.00,Cooling and Freezing Equipment Operators and Tenders,0.2555,0.1444,0.5079885424880071,-0.1111,0.0769,0.9145319906941015,-0.1786,51-9193
51-3021.00,Butchers and Meat Cutters,0.2554,0.2494,0.12086688385515952,-0.006000000000000005,0.2164,0.6188468641306649,-0.03900000000000001,51-3021
51-4034.00,"Lathe and Turning Machine Tool Setters, Operators, and Tenders, Metal and Plastic",0.254,0.2316,0.33206291860398546,-0.022400000000000003,0.1906,0.6074562053114262,-0.06340000000000001,51-4034
47-5022.00,"Excavating and Loading Machine and Dragline Operators, Surface Mining",0.2526,0.2289,0.2663138548914443,-0.0237,0.2109,0.5455303279324347,-0.04169999999999999,47-5022
27-2042.00,Musicians and Singers,0.2507,0.2507,0.0,0.0,0.2507,0.12910203764521064,0.0,27-2042
31-9097.00,Phlebotomists,0.2486,0.2433,0.1074079861474408,-0.005299999999999999,0.2032,0.5670506635761514,-0.045399999999999996,31-9097
47-2073.00,Operating Engineers and Other Construction Equipment Operators,0.2485,0.2123,0.40515296005399687,-0.03620000000000001,0.1828,0.6911944111932226,-0.06570000000000001,47-2073
51-4051.00,Metal-Refining Furnace Operators and Tenders,0.2467,0.2156,0.18393296448238416,-0.03109999999999999,0.1292,0.727619730880099,-0.1175,51-4051
45-4011.00,Forest and Conservation Workers,0.2461,0.2217,0.14035248935883846,-0.024400000000000005,0.1828,0.6339041352681679,-0.06330000000000002,45-4011
49-9081.00,Wind Turbine Service Technicians,0.2453,0.1766,0.334590039850792,-0.06869999999999998,0.1746,0.37466560476039035,-0.07069999999999999,49-9081
51-9023.00,"Mixing and Blending Machine Setters, Operators, and Tenders",0.2452,0.2145,0.40071769481258973,-0.030700000000000005,0.1715,0.6843221019667429,-0.07369999999999999,51-9023
51-9192.00,"Cleaning, Washing, and Metal Pickling Equipment Operators and Tenders",0.245,0.218,0.33603285178645653,-0.026999999999999996,0.1667,0.7034320351365406,-0.07830000000000001,51-9192
47-2211.00,Sheet Metal Workers,0.2441,0.2299,0.28413074404509886,-0.014200000000000018,0.2098,0.5925495213713142,-0.034300000000000025,47-2211
51-4022.00,"Forging Machine Setters, Operators, and Tenders, Metal and Plastic",0.2441,0.2232,0.2826502880066925,-0.020900000000000002,0.1639,0.7337486973774243,-0.08020000000000002,51-4022
49-2096.00,"Electronic Equipment Installers and Repairers, Motor Vehicles",0.2439,0.216,0.42789363558235377,-0.027900000000000008,0.2041,0.6673460217179411,-0.0398,49-2096
51-6064.00,"Textile Winding, Twisting, and Drawing Out Machine Setters, Operators, and Tenders",0.2436,0.194,0.25791907225252136,-0.049600000000000005,0.1731,0.6758093741782044,-0.07050000000000001,51-6064
49-3053.00,Outdoor Power Equipment and Other Small Engine Mechanics,0.2431,0.2171,0.36660665403788284,-0.026000000000000023,0.1976,0.580659665542488,-0.04550000000000001,49-3053
49-3041.00,Farm Equipment Mechanics and Service Technicians,0.2422,0.1758,0.7163142192968278,-0.06639999999999999,0.1664,0.7788799197417325,-0.0758,49-3041
51-5113.00,Print Binding and Finishing Workers,0.2419,0.1863,0.4125392752321934,-0.05560000000000001,0.1622,0.7539719043875931,-0.0797,51-5113
51-9195.04,"Glass Blowers, Molders, Benders, and Finishers",0.2412,0.2083,0.24154360525001595,-0.032899999999999985,0.1784,0.6888947951661437,-0.0628,51-9195
49-9097.00,Signal and Track Switch Repairers,0.2412,0.1595,0.4920344963310921,-0.0817,0.1379,0.5782959509737973,-0.1033,49-9097
29-1071.01,Anesthesiologist Assistants,0.2396,0.2396,0.0,0.0,0.2268,0.10238352792302602,-0.012800000000000006,29-1071
45-4022.00,Logging Equipment Operators,0.2388,0.1829,0.582892527527363,-0.055900000000000005,0.1829,0.582892527527363,-0.055900000000000005,45-4022
49-3042.00,"Mobile Heavy Equipment Mechanics, Except Engines",0.2388,0.1755,0.6270781050371126,-0.06330000000000002,0.1734,0.6681112075200378,-0.06540000000000001,49-3042
53-7062.00,"Laborers and Freight, Stock, and Material Movers, Hand",0.2386,0.224,0.2912918392601418,-0.014600000000000002,0.2132,0.5076007538904352,-0.025400000000000006,53-7062
51-4192.00,"Layout Workers, Metal and Plastic",0.2383,0.2303,0.16080668048228589,-0.008000000000000007,0.1754,0.7213145838296048,-0.06290000000000001,51-4192
49-2092.00,"Electric Motor, Power Tool, and Related Repairers",0.231,0.1867,0.46408368093111685,-0.044300000000000006,0.1754,0.6274201486286427,-0.05560000000000001,49-2092
27-2031.00,Dancers,0.2306,0.1795,0.15688233579850405,-0.051100000000000007,0.1762,0.39277062352381237,-0.054400000000000004,27-2031
51-9194.00,Etchers and Engravers,0.2304,0.137,0.2536352476029045,-0.09339999999999998,0.1033,0.7365254379868487,-0.1271,51-9194
51-4033.00,"Grinding, Lapping, Polishing, and Buffing Machine Tool Setters, Operators, and Tenders, Metal and Plastic",0.2302,0.2015,0.37466655914117397,-0.028699999999999976,0.1794,0.6323144158163095,-0.050799999999999984,51-4033
49-3023.00,Automotive Service Technicians and Mechanics,0.2296,0.1571,0.3526194495684751,-0.07250000000000001,0.132,0.6275267877454207,-0.09759999999999999,49-3023
49-9092.00,Commercial Divers,0.2295,0.1903,0.3234395669188162,-0.03920000000000001,0.1712,0.5815587671049094,-0.05830000000000002,49-9092
35-2014.00,"Cooks, Restaurant",0.2288,0.2165,0.15099112645516002,-0.012300000000000005,0.1856,0.6464043336154528,-0.043200000000000016,35-2014
49-9012.00,"Control and Valve Installers and Repairers, Except Mechanical Door",0.2287,0.1917,0.4174454881188335,-0.03699999999999998,0.163,0.6453730342381833,-0.06569999999999998,49-9012
49-2021.00,"Radio, Cellular, and Tower Equipment Installers and Repairers",0.2282,0.201,0.39178033256168304,-0.027199999999999974,0.1765,0.5868398889340445,-0.051699999999999996,49-2021
51-9032.00,"Cutting and Slicing Machine Setters, Operators, and Tenders",0.2257,0.1919,0.3820260008027193,-0.033800000000000024,0.1413,0.7737417951030912,-0.0844,51-9032
49-3092.00,Recreational Vehicle Service Technicians,0.2241,0.1361,0.5071140578716256,-0.088,0.1117,0.8159417419187188,-0.1124,49-3092
49-3051.00,Motorboat Mechanics and Service Technicians,0.2236,0.1813,0.5187734234332116,-0.042300000000000004,0.1698,0.5957772049396591,-0.05379999999999999,49-3051
51-9022.00,"Grinding and Polishing Workers, Hand",0.222,0.1712,0.5631821813604261,-0.05080000000000001,0.1619,0.7487340914312772,-0.060100000000000015,51-9022
49-9011.00,Mechanical Door Repairers,0.2216,0.1927,0.5486334959152505,-0.02889999999999998,0.1765,0.7678695520061724,-0.0451,49-9011
51-9123.00,"Painting, Coating, and Decorating Workers",0.2209,0.1985,0.3849321091485586,-0.022400000000000003,0.114,0.8799683008941656,-0.10690000000000001,51-9123
53-7073.00,Wellhead Pumpers,0.2208,0.1952,0.21906509618798894,-0.025599999999999984,0.1566,0.5547926212508825,-0.06420000000000001,53-7073
45-2041.00,"Graders and Sorters, Agricultural Products",0.219,0.219,0.0,0.0,0.1917,0.4406424629496492,-0.02729999999999999,45-2041
47-5012.00,"Rotary Drill Operators, Oil and Gas",0.2188,0.1021,0.5709808199668185,-0.1167,0.067,0.8838262801659669,-0.1518,47-5012
29-2055.00,Surgical Technologists,0.2182,0.0627,0.7769608449163061,-0.1555,0.0557,0.8472348943074612,-0.1625,29-2055
53-5011.00,Sailors and Marine Oilers,0.218,0.1394,0.5549791302467195,-0.0786,0.1263,0.7286095637013922,-0.0917,53-5011
47-2031.00,Carpenters,0.2168,0.1944,0.41573787642642185,-0.022400000000000003,0.1728,0.7194116875194886,-0.043999999999999984,47-2031
51-7031.00,"Model Makers, Wood",0.2148,0.1984,0.24751699816612532,-0.016399999999999998,0.1824,0.567737377093746,-0.032399999999999984,51-7031
47-5041.00,Continuous Mining Machine Operators,0.2137,0.1135,0.5088319496192854,-0.1002,0.0983,0.7458237134725907,-0.1154,47-5041
51-4194.00,"Tool Grinders, Filers, and Sharpeners",0.2114,0.1697,0.3816759277487611,-0.041700000000000015,0.0904,0.8189025090798366,-0.12100000000000001,51-4194
45-4021.00,Fallers,0.211,0.1342,0.4276773569846343,-0.07679999999999998,0.1179,0.7252645885386773,-0.09309999999999999,45-4021
51-4072.00,"Molding, Coremaking, and Casting Machine Setters, Operators, and Tenders, Metal and Plastic",0.2093,0.1708,0.38761226075849203,-0.038500000000000006,0.1431,0.7084876123004114,-0.06620000000000001,51-4072
53-7031.00,Dredge Operators,0.2072,0.154,0.3581388403767082,-0.0532,0.0723,0.8685046337675605,-0.1349,53-7031
51-4193.00,"Plating Machine Setters, Operators, and Tenders, Metal and Plastic",0.2049,0.1761,0.26146241887223703,-0.028799999999999992,0.1291,0.7239285545310004,-0.0758,51-4193
47-5044.00,"Loading and Moving Machine Operators, Underground Mining",0.2048,0.1657,0.3360849591244688,-0.039100000000000024,0.1404,0.6828493215149629,-0.06440000000000001,47-5044
53-7064.00,"Packers and Packagers, Hand",0.2039,0.1751,0.4952743674671636,-0.028799999999999992,0.1714,0.570137217163099,-0.0325,53-7064
51-7011.00,Cabinetmakers and Bench Carpenters,0.2037,0.1707,0.377040885935735,-0.033,0.1562,0.6678752220187771,-0.04749999999999999,51-7011
51-4021.00,"Extruding and Drawing Machine Setters, Operators, and Tenders, Metal and Plastic",0.2031,0.1904,0.25289885572572873,-0.012699999999999989,0.1563,0.5804586326154608,-0.04680000000000001,51-4021
49-3091.00,Bicycle Repairers,0.2004,0.1594,0.57881021164222,-0.04100000000000001,0.1502,0.7626394490823811,-0.050199999999999995,49-3091
51-6093.00,Upholsterers,0.2001,0.1198,0.5691261293663089,-0.0803,0.1101,0.7624686603808193,-0.09,51-6093
51-7042.00,"Woodworking Machine Setters, Operators, and Tenders, Except Sawing",0.1995,0.1433,0.48367956409480906,-0.0562,0.1238,0.7594642747142228,-0.07570000000000002,51-7042
29-1024.00,Prosthodontists,0.1979,0.1892,0.08725612488464832,-0.008699999999999986,0.1707,0.2720481067832451,-0.027200000000000002,29-1024
51-9081.00,Dental Laboratory Technicians,0.1971,0.1734,0.335413945187893,-0.0237,0.1483,0.6929092768066818,-0.04880000000000001,51-9081
47-2021.00,Brickmasons and Blockmasons,0.1967,0.1648,0.4308516058378887,-0.03190000000000001,0.1351,0.8309239743664871,-0.061600000000000016,47-2021
47-5011.00,"Derrick Operators, Oil and Gas",0.1958,0.1615,0.2825386261686976,-0.0343,0.1306,0.7255367481657187,-0.06520000000000001,47-5011
39-5092.00,Manicurists and Pedicurists,0.1958,0.168,0.24908097762851802,-0.02779999999999999,0.1412,0.7839291518465432,-0.05460000000000001,39-5092
53-7063.00,Machine Feeders and Offbearers,0.1946,0.1595,0.5209806522028398,-0.03509999999999999,0.1487,0.6243422257108234,-0.045899999999999996,53-7063
29-1022.00,Oral and Maxillofacial Surgeons,0.1937,0.1851,0.08592443175091648,-0.008600000000000024,0.1851,0.08592443175091648,-0.008600000000000024,29-1022
37-2012.00,Maids and Housekeeping Cleaners,0.1931,0.0876,0.5234718515804646,-0.1055,0.0685,0.8723731625110615,-0.12459999999999999,37-2012
47-2171.00,Reinforcing Iron and Rebar Workers,0.1924,0.1652,0.5447308720200227,-0.027199999999999974,0.1503,0.8417832393364897,-0.0421,47-2171
51-4121.00,"Welders, Cutters, Solderers, and Brazers",0.1923,0.1496,0.514126480904664,-0.04269999999999999,0.1365,0.7092056112638341,-0.05579999999999999,51-4121
51-6052.00,"Tailors, Dressmakers, and Custom Sewers",0.1906,0.0945,0.5890921000262621,-0.09609999999999999,0.0824,0.8295113987328873,-0.10819999999999999,51-6052
51-7021.00,Furniture Finishers,0.1902,0.1158,0.5099754316462121,-0.07440000000000001,0.0994,0.7858665228876661,-0.0908,51-7021
51-9083.00,Ophthalmic Laboratory Technicians,0.1892,0.1672,0.30104303380931813,-0.02200000000000002,0.1466,0.671232491197221,-0.0426,51-9083
51-2023.00,Electromechanical Equipment Assemblers,0.1882,0.1661,0.3124978607078053,-0.02210000000000001,0.1504,0.6275142500382848,-0.0378,51-2023
47-5081.00,Helpers--Extraction Workers,0.1876,0.144,0.559741598500573,-0.0436,0.1308,0.7501774301411055,-0.05679999999999999,47-5081
49-9095.00,Manufactured Building and Mobile Home Installers,0.1869,0.1644,0.29351823768748136,-0.02250000000000002,0.1272,0.7946513981055172,-0.0597,49-9095
51-2061.00,Timing Device Assemblers and Adjusters,0.1866,0.1691,0.31641790544337434,-0.017499999999999988,0.1604,0.4902210345652999,-0.0262,51-2061
51-9195.03,"Stone Cutters and Carvers, Manufacturing",0.1854,0.1707,0.2937636080386657,-0.014700000000000019,0.1509,0.6913996940022687,-0.0345,51-9195
47-2044.00,Tile and Stone Setters,0.1851,0.1551,0.5061461704123367,-0.03,0.1268,0.8343129348258546,-0.05829999999999999,47-2044
53-3011.00,"Ambulance Drivers and Attendants, Except Emergency Medical Technicians",0.1851,0.1584,0.31151148547054147,-0.026699999999999974,0.1484,0.5107119335143656,-0.03669999999999998,53-3011
51-6042.00,Shoe Machine Operators and Tenders,0.1842,0.1471,0.30674013134607697,-0.037099999999999994,0.1004,0.8606049118335124,-0.0838,51-6042
39-4011.00,Embalmers,0.1838,0.1729,0.25872499355352696,-0.010899999999999993,0.1469,0.7501370126041671,-0.03689999999999999,39-4011
53-7041.00,Hoist and Winch Operators,0.1829,0.1072,0.4132009025800903,-0.0757,0.0622,0.8535205469719978,-0.1207,53-7041
51-7041.00,"Sawing Machine Setters, Operators, and Tenders, Wood",0.1815,0.1518,0.36699666990798374,-0.029700000000000004,0.1252,0.6643802044300753,-0.05629999999999999,51-7041
47-2141.00,"Painters, Construction and Maintenance",0.1813,0.1652,0.27587143406172826,-0.016099999999999975,0.1372,0.8354299449757779,-0.0441,47-2141
49-3031.00,Bus and Truck Mechanics and Diesel Engine Specialists,0.1804,0.1388,0.3673863234542885,-0.0416,0.1172,0.6147063811690077,-0.0632,49-3031
29-9093.00,Surgical Assistants,0.1798,0.1221,0.46398130207306054,-0.05769999999999999,0.1173,0.49576437048652405,-0.062499999999999986,29-9093
49-3043.00,Rail Car Repairers,0.1797,0.0777,0.5759079965584053,-0.102,0.0625,0.7329364053229183,-0.1172,49-3043
47-2041.00,Carpet Installers,0.1796,0.1491,0.44452246144914176,-0.0305,0.1245,0.8339520335207693,-0.05510000000000001,47-2041
35-2015.00,"Cooks, Short Order",0.1775,0.1712,0.12475510675860144,-0.0063,0.0665,0.8838584972304624,-0.11099999999999999,35-2015
51-4032.00,"Drilling and Boring Machine Tool Setters, Operators, and Tenders, Metal and Plastic",0.176,0.1505,0.3170823896690591,-0.025499999999999995,0.1231,0.7188679543957129,-0.05289999999999999,51-4032
51-9198.00,Helpers--Production Workers,0.1757,0.1534,0.31724426822521706,-0.022299999999999986,0.1274,0.6624586849514529,-0.04829999999999998,51-9198
51-6011.00,Laundry and Dry-Cleaning Workers,0.1749,0.1237,0.3415314783629059,-0.051199999999999996,0.0851,0.6774583785584944,-0.0898,51-6011
51-9195.05,"Potters, Manufacturing",0.174,0.1475,0.20868778247909878,-0.026499999999999996,0.1085,0.7163645321777187,-0.06549999999999999,51-9195
49-9096.00,Riggers,0.1733,0.1,0.38341570261683094,-0.0733,0.0778,0.8267089310087057,-0.09550000000000002,49-9096
27-2021.00,Athletes and Sports Competitors,0.1719,0.1719,0.1103691495516287,0.0,0.1719,0.5642823150655777,0.0,27-2021
47-2011.00,Boilermakers,0.1714,0.1431,0.4591509571493962,-0.028299999999999992,0.1268,0.7100318078979394,-0.0446,47-2011
51-4031.00,"Cutting, Punching, and Press Machine Setters, Operators, and Tenders, Metal and Plastic",0.1711,0.133,0.4515696058904569,-0.038099999999999995,0.0929,0.7452856154611175,-0.0782,51-4031
51-2031.00,Engine and Other Machine Assemblers,0.1708,0.1168,0.5559452297082533,-0.054000000000000006,0.107,0.7532914819724205,-0.06380000000000001,51-2031
35-2011.00,"Cooks, Fast Food",0.1696,0.1586,0.22178779763509046,-0.01100000000000001,0.1303,0.7443875555555123,-0.0393,35-2011
49-9052.00,Telecommunications Line Installers and Repairers,0.1694,0.1493,0.3096889569866458,-0.020100000000000007,0.117,0.7815349308725974,-0.05239999999999999,49-9052
47-2152.04,Solar Thermal Installers and Technicians,0.1693,0.1394,0.556699227607657,-0.02990000000000001,0.1251,0.7450155882798821,-0.04420000000000002,47-2152
51-9196.00,"Paper Goods Machine Setters, Operators, and Tenders",0.1686,0.088,0.5845802196885381,-0.0806,0.0649,0.8302199118064202,-0.1037,51-9196
51-9111.00,Packaging and Filling Machine Operators and Tenders,0.1685,0.1476,0.34446075702836965,-0.020900000000000002,0.1255,0.6941274037295228,-0.04300000000000001,51-9111
51-9082.00,Medical Appliance Technicians,0.1654,0.1435,0.33650627389395055,-0.021900000000000003,0.1131,0.7063616771349355,-0.052299999999999985,51-9082
37-3013.00,Tree Trimmers and Pruners,0.164,0.131,0.4484072924393199,-0.033,0.1087,0.827349674525742,-0.0553,37-3013
51-6031.00,Sewing Machine Operators,0.1621,0.1418,0.3149200050243477,-0.020299999999999985,0.1181,0.7741224295210434,-0.044,51-6031
51-6051.00,"Sewers, Hand",0.1619,0.1278,0.23127439168037656,-0.03409999999999999,0.0874,0.8655443076715944,-0.07449999999999998,51-6051
53-6032.00,Aircraft Service Attendants,0.1611,0.15,0.2777777777777778,-0.011099999999999999,0.1236,0.6111111111111112,-0.03749999999999999,53-6032
45-2093.00,"Farmworkers, Farm, Ranch, and Aquacultural Animals",0.1602,0.126,0.4546693131470402,-0.03420000000000001,0.1188,0.5595562348531863,-0.041400000000000006,45-2093
37-2011.00,"Janitors and Cleaners, Except Maids and Housekeeping Cleaners",0.1601,0.1418,0.3096170808872849,-0.018299999999999983,0.1091,0.7783540729017938,-0.05099999999999999,37-2011
51-9195.00,"Molders, Shapers, and Casters, Except Metal and Plastic",0.1593,0.1314,0.3861988553844276,-0.027900000000000008,0.1007,0.8554789544219249,-0.0586,51-9195
45-3031.00,Fishing and Hunting Workers,0.1589,0.1397,0.22257952019603286,-0.019200000000000023,0.1114,0.7559144804847266,-0.047500000000000014,45-3031
49-9098.00,"Helpers--Installation, Maintenance, and Repair Workers",0.1553,0.0482,0.7095348877223184,-0.1071,0.0362,0.948244852027957,-0.11909999999999998,49-9098
37-3012.00,"Pesticide Handlers, Sprayers, and Applicators, Vegetation",0.1548,0.1258,0.3882339285676824,-0.028999999999999998,0.0852,0.8528507396362428,-0.0696,37-3012
47-2121.00,Glaziers,0.1533,0.1253,0.4974975294659186,-0.027999999999999997,0.1073,0.8079936780079011,-0.045999999999999985,47-2121
47-2061.00,Construction Laborers,0.1496,0.098,0.4912230376622402,-0.05160000000000001,0.0579,0.9390379987973605,-0.0917,47-2061
49-3021.00,Automotive Body and Related Repairers,0.1493,0.0767,0.5097210881472909,-0.07259999999999998,0.0518,0.882479264073861,-0.09749999999999999,49-3021
51-2041.00,Structural Metal Fabricators and Fitters,0.1493,0.1053,0.3861694218389688,-0.043999999999999984,0.074,0.8701808356627883,-0.07529999999999999,51-2041
53-7061.00,Cleaners of Vehicles and Equipment,0.1476,0.115,0.3813799107114117,-0.032600000000000004,0.0772,0.8328680908287316,-0.0704,53-7061
35-9011.00,Dining Room and Cafeteria Attendants and Bartender Helpers,0.1456,0.071,0.45324953900839593,-0.07460000000000001,0.0368,0.9434136740887608,-0.10880000000000001,35-9011
35-2021.00,Food Preparation Workers,0.1437,0.1178,0.3195893900292095,-0.025899999999999992,0.092,0.8067161602830265,-0.051699999999999996,35-2021
51-2011.00,"Aircraft Structure, Surfaces, Rigging, and Systems Assemblers",0.1427,0.103,0.6041851103178655,-0.0397,0.0938,0.7875114338538947,-0.0489,51-2011
49-9051.00,Electrical Power-Line Installers and Repairers,0.1426,0.1226,0.32060849503755523,-0.020000000000000004,0.0907,0.7641495310202109,-0.0519,49-9051
51-6041.00,Shoe and Leather Workers and Repairers,0.1425,0.0594,0.588075850332853,-0.08309999999999998,0.0332,0.9349938695740906,-0.10929999999999998,51-6041
47-4031.00,Fence Erectors,0.1423,0.1352,0.14248742450812296,-0.007100000000000023,0.0737,0.9005649306495725,-0.06860000000000001,47-4031
51-9031.00,"Cutters and Trimmers, Hand",0.1422,0.0637,0.39071824144009376,-0.07849999999999999,0.038,0.7034957366705973,-0.10419999999999999,51-9031
49-3052.00,Motorcycle Mechanics,0.1408,0.1145,0.4454549683481309,-0.026300000000000004,0.073,0.8391864782975503,-0.06780000000000001,49-3052
51-9124.00,"Coating, Painting, and Spraying Machine Setters, Operators, and Tenders",0.1398,0.1062,0.42038093649721536,-0.033600000000000005,0.056,0.8699985669701787,-0.08380000000000001,51-9124
45-2091.00,Agricultural Equipment Operators,0.1367,0.039,0.7961091689760839,-0.09769999999999998,0.027,0.9379079443530879,-0.10969999999999999,45-2091
47-4091.00,Segmental Pavers,0.1351,0.1313,0.07708819791600038,-0.003799999999999998,0.0577,0.9278335034827658,-0.0774,47-4091
37-3011.00,Landscaping and Groundskeeping Workers,0.1341,0.1122,0.2667735117340988,-0.021900000000000003,0.0718,0.8870361996906965,-0.062299999999999994,37-3011
51-6021.00,"Pressers, Textile, Garment, and Related Materials",0.1334,0.085,0.38796570855183404,-0.048399999999999985,0.0336,0.9341913129485377,-0.0998,51-6021
53-7062.04,Recycling and Reclamation Workers,0.1325,0.0819,0.6175549790329105,-0.050600000000000006,0.0777,0.7009905278560206,-0.0548,53-7062
47-2221.00,Structural Iron and Steel Workers,0.1299,0.1086,0.3595807208114005,-0.021299999999999986,0.0832,0.8666545812834342,-0.04669999999999999,47-2221
49-9063.00,Musical Instrument Repairers and Tuners,0.1247,0.0822,0.5060094026441017,-0.04250000000000001,0.0397,0.8685242790484772,-0.085,49-9063
47-4041.00,Hazardous Materials Removal Workers,0.1243,0.0827,0.347161377704767,-0.0416,0.0543,0.8961274329286834,-0.06999999999999999,47-4041
49-9044.00,Millwrights,0.1242,0.0722,0.6006823472182258,-0.052000000000000005,0.0367,0.9200859848882302,-0.0875,49-9044
47-2131.00,"Insulation Workers, Floor, Ceiling, and Wall",0.1229,0.1021,0.23686267067382527,-0.0208,0.0682,0.9147449723124678,-0.0547,47-2131
31-1132.00,Orderlies,0.1221,0.0649,0.5440371420124827,-0.0572,0.0524,0.7943762943661358,-0.0697,31-1132
47-2081.00,Drywall and Ceiling Tile Installers,0.1215,0.0966,0.42537107468360014,-0.02489999999999999,0.0704,0.8685099969537401,-0.05109999999999999,47-2081
51-2051.00,Fiberglass Laminators and Fabricators,0.1202,0.1062,0.2031961086349996,-0.013999999999999999,0.0739,0.8054551775826345,-0.04630000000000001,51-2051
47-2151.00,Pipelayers,0.1199,0.0781,0.497929035871863,-0.041800000000000004,0.042,0.8784791016681602,-0.0779,47-2151
47-2042.00,"Floor Layers, Except Carpet, Wood, and Hard Tiles",0.1177,0.0949,0.45595243273965247,-0.0228,0.0695,0.8495429103625612,-0.04819999999999999,47-2042
47-2142.00,Paperhangers,0.1171,0.0976,0.314959199752433,-0.01949999999999999,0.0691,0.865083495786509,-0.048,47-2142
49-9094.00,Locksmiths and Safe Repairers,0.1163,0.087,0.5153508468767996,-0.029300000000000007,0.0707,0.8415811790053866,-0.0456,49-9094
47-5051.00,"Rock Splitters, Quarry",0.1146,0.0301,0.6387942588024453,-0.08449999999999999,0.0,1.0,-0.1146,47-5051
47-2071.00,"Paving, Surfacing, and Tamping Equipment Operators",0.1146,0.073,0.449990054777311,-0.0416,0.0398,0.8838035228670568,-0.07479999999999999,47-2071
47-2082.00,Tapers,0.1114,0.1023,0.18116950872483845,-0.009099999999999997,0.067,0.8850745626284482,-0.044399999999999995,47-2082
51-4052.00,"Pourers and Casters, Metal",0.1105,0.0641,0.5194883411254794,-0.0464,0.0,1.0,-0.1105,51-4052
47-2072.00,Pile Driver Operators,0.1104,0.0605,0.599198502341065,-0.0499,0.0506,0.7977432856426782,-0.0598,47-2072
29-2012.01,Histology Technicians,0.1099,0.0759,0.24058938382600004,-0.034,0.0116,0.8842119602234028,-0.0983,29-2012
47-5043.00,"Roof Bolters, Mining",0.1094,0.0726,0.36905448909802196,-0.0368,0.0413,0.8499703841231137,-0.0681,47-5043
47-2161.00,Plasterers and Stucco Masons,0.1086,0.0856,0.4597540373163919,-0.023000000000000007,0.0588,0.9189217610130556,-0.049800000000000004,47-2161
49-3093.00,Tire Repairers and Changers,0.1079,0.0952,0.21490838518595543,-0.012699999999999989,0.077,0.5797229184954119,-0.030899999999999997,49-3093
49-3022.00,Automotive Glass Installers and Repairers,0.1077,0.0783,0.586951022106153,-0.02940000000000001,0.0659,0.8035545219423081,-0.041800000000000004,49-3022
47-2051.00,Cement Masons and Concrete Finishers,0.1059,0.0892,0.3223751063790352,-0.016699999999999993,0.0584,0.8471553084785459,-0.047499999999999994,47-2051
47-3011.00,"Helpers--Brickmasons, Blockmasons, Stonemasons, and Tile and Marble Setters",0.1058,0.083,0.4559046038261653,-0.0228,0.059,0.856403635272743,-0.04680000000000001,47-3011
47-3013.00,Helpers--Electricians,0.1034,0.0554,0.6253813058426845,-0.04800000000000001,0.0432,0.8705634010942263,-0.060200000000000004,47-3013
47-4051.00,Highway Maintenance Workers,0.0971,0.0426,0.6395210496315465,-0.05450000000000001,0.0158,0.9059137853577447,-0.08130000000000001,47-4051
47-4061.00,Rail-Track Laying and Maintenance Equipment Operators,0.097,0.0538,0.5937139805039306,-0.0432,0.0338,0.8468561564819556,-0.0632,47-4061
47-2053.00,Terrazzo Workers and Finishers,0.0946,0.0746,0.31514621465051157,-0.020000000000000004,0.0388,0.9482925119934386,-0.0558,47-2053
47-3015.00,"Helpers--Pipelayers, Plumbers, Pipefitters, and Steamfitters",0.0925,0.0189,0.6213081118422895,-0.0736,0.0,1.0,-0.0925,47-3015
53-7051.00,Industrial Truck and Tractor Operators,0.0924,0.0254,0.7730045026022122,-0.067,0.0145,0.903637560989291,-0.0779,53-7051
51-3022.00,"Meat, Poultry, and Fish Cutters and Trimmers",0.0883,0.0763,0.24088415526348075,-0.011999999999999997,0.026,0.8263344478482917,-0.06230000000000001,51-3022
47-2043.00,Floor Sanders and Finishers,0.0872,0.0799,0.1457279120747675,-0.007300000000000001,0.0446,0.8513047774983706,-0.0426,47-2043
47-3016.00,Helpers--Roofers,0.0841,0.0673,0.3372682285783075,-0.016799999999999995,0.0417,0.8072508675230554,-0.04239999999999999,47-3016
47-2181.00,Roofers,0.0827,0.0503,0.49468832220212533,-0.0324,0.0269,0.9641715861806743,-0.055799999999999995,47-2181
47-3012.00,Helpers--Carpenters,0.0824,0.0236,0.5287316483094573,-0.058800000000000005,0.0,1.0,-0.0824,47-3012
51-9197.00,Tire Builders,0.0741,0.0677,0.12853640123670973,-0.006400000000000003,0.0301,0.8795980360747657,-0.044,51-9197
47-5071.00,"Roustabouts, Oil and Gas",0.0671,0.0315,0.3814706984618579,-0.03560000000000001,0.0,1.0,-0.0671,47-5071
49-9045.00,"Refractory Materials Repairers, Except Brickmasons",0.0656,0.0282,0.5885331711210291,-0.0374,0.0,1.0,-0.0656,49-9045
51-4071.00,Foundry Mold and Coremakers,0.0611,0.0299,0.49598703772237585,-0.031200000000000002,0.0,1.0,-0.0611,51-4071
47-3014.00,"Helpers--Painters, Paperhangers, Plasterers, and Stucco Masons",0.0523,0.0301,0.3973917355596263,-0.0222,0.0,1.0,-0.0523,47-3014
47-2022.00,Stonemasons,0.0512,0.0321,0.381756343431653,-0.019100000000000006,0.0,1.0,-0.0512,47-2022
35-9021.00,Dishwashers,0.05,0.0244,0.5127574904681657,-0.0256,0.0,1.0,-0.05,35-9021
51-3023.00,Slaughterers and Meat Packers,0.05,0.0353,0.2942792391492715,-0.014700000000000005,0.0,1.0,-0.05,51-3023
